t,step,S,C,A,Ey,Ey_max,theta
0,0,0.00024130407465877246,8.4703294725430034e-21,3.1415076854818377e-05,7.6799255397881892e-10,4.9925445546072623e-11,0.50010657681796211
0.11327048846966138,4,0.00024117587105700061,2.0590354508215336e-16,3.1398386187624204e-05,1.3311763108512407e-09,1.3456501366202386e-10,0.50010669840543442
0.22654097693933145,8,0.00024080679076605879,2.0178357682670844e-16,3.1350336084359551e-05,2.2884699341245227e-09,1.9749388377281761e-10,0.50010702695072629
0.33981146540899126,12,0.00024024197424168909,1.9218838760021173e-16,3.1276803324719926e-05,2.835315442917076e-09,1.9944418021323242e-10,0.50010747323266191
0.45308195387866174,16,0.00023955217017075165,4.1646238324241636e-16,3.1186998592106475e-05,3.0101216404105465e-09,1.7680459825948411e-10,0.50010793791248442
0.56635244234832127,20,0.00023882805339602928,1.0120078603251259e-15,3.1092726731335232e-05,3.0450283283264593e-09,1.5378944176695982e-10,0.50010834796968595
0.67962293081799086,24,0.00023817390767300793,1.5951392225328764e-15,3.1007564314612573e-05,3.0454478254938969e-09,1.3526415553270742e-10,0.50010866948268062
0.79289341928765122,28,0.00023770156055461173,1.6951433204175081e-15,3.0946070031735034e-05,3.0393885124841813e-09,1.2133861844321274e-10,0.50010890029013622
0.90616390775731881,32,0.00023752511288443131,1.5904466600050876e-15,3.0923098529378885e-05,3.0332881767120081e-09,1.1136633078496881e-10,0.50010905535651673
1.0194343962269805,36,0.00023775667621905638,1.7221162375898741e-15,3.0953245471424071e-05,3.0293622905185261e-09,1.0440964957439176e-10,0.50010915451503013
1.1327048846966425,40,0.00023850308825504383,2.0658218787949351e-15,3.1050419924483209e-05,3.0290869005525788e-09,9.9293982793510599e-11,0.50010921566376842
1.2459753731663055,44,0.00023986346838035812,2.0694463327762362e-15,3.1227526118189011e-05,3.0336986762746179e-09,9.5701095410153198e-11,0.50010925239917081
1.3592458616359626,48,0.00024192744574996747,1.7694850728574131e-15,3.1496232760563676e-05,3.0442131858966408e-09,9.3527857708410863e-11,0.50010927406370231
1.4725163501056282,52,0.00024477390985277612,1.1168544455692105e-15,3.1866810375884367e-05,3.0613940490464952e-09,9.1742129764707156e-11,0.50010928667757448
1.5857868385752858,56,0.00024847016716634379,6.4772355366652171e-16,3.234802151061185e-05,3.0857339378681736e-09,9.0967246038438214e-11,0.50010929395832215
1.6990573270449554,60,0.00025307141929385832,5.1378646888193547e-16,3.2947052792693063e-05,3.11745232325155e-09,9.0284014901956345e-11,0.50010929813679306
1.8123278155146143,64,0.00025862051001931729,2.4655096215499273e-16,3.3669482000990382e-05,3.1565071448190446e-09,8.9874987828893509e-11,0.5001093005262125
1.9255983039842823,68,0.00026514789920524236,-3.0786937127262604e-16,3.4519274667057537e-05,3.202611020701031e-09,8.9721225584450734e-11,0.50010930188977809
2.0388687924539362,72,0.00027267183860417839,-8.8929311505871189e-16,3.5498806963819684e-05,3.2552218325319857e-09,8.9307760738465698e-11,0.50010930266728093
2.1521392809235977,76,0.0002811987298660152,-1.182407172390168e-15,3.6608912314100573e-05,3.3134642845304139e-09,8.9437208526695423e-11,0.50010930311073998
2.2654097693932553,80,0.00029072364637667885,-1.3761236074272265e-15,3.7848949328151667e-05,3.3762238608357411e-09,8.9119709214059962e-11,0.50010930336404447
2.3786802578629187,84,0.00030123100553319402,-1.4168421752676352e-15,3.9216889326304966e-05,3.4431532655169991e-09,8.9149569841881551e-11,0.50010930350914673
2.4919507463325856,88,0.00031269537423342321,-1.3747107564712063e-15,4.0709421204678618e-05,3.5145296860877673e-09,8.8385192300090613e-11,0.50010930359264671
2.605221234802249,92,0.00032508241402107857,-9.906558537907395e-16,4.2322074482428558e-05,3.5884204818789854e-09,8.8559568571800242e-11,0.50010930364104111
2.7184917131282229,96,0.00033834987537525161,-9.2968981037916398e-16,4.4049348747063635e-05,3.6633909026120089e-09,8.82862682570261e-11,0.50010930366939932
2.831762166611492,100,0.00035244874938969938,-1.2854300956988141e-15,4.5884863590137074e-05,3.7400787285008027e-09,8.7152025946552627e-11,0.50010930368629525
2.9450326011754338,104,0.00036732441186801553,-2.4626500383199967e-15,4.782150755557146e-05,3.8179874162301314e-09,8.7955217924401345e-11,0.50010930369660167
3.0583030226617076,108,0.00038291781124604439,-3.5957836101024876e-15,4.9851592793797855e-05,3.8952739096095548e-09,8.8044453227822297e-11,0.50010930370309892
3.1715734357978365,112,0.00039916668922217576,-4.2775367124249508e-15,5.1967013974093183e-05,3.9702182220775236e-09,8.718819839265711e-11,0.50010930370738904
3.284843843950207,116,0.00041600695327192528,-4.3542169110739881e-15,5.4159426970543524e-05,4.0446170368904416e-09,8.7412640920652627e-11,0.50010930371041196
3.3981142490541392,120,0.00043337357123740018,-4.3883625032437035e-15,5.642036532753214e-05,4.1228511072673479e-09,8.3938501325106839e-11,0.50010930371273343
3.5113846527169348,124,0.00045120161418781815,-4.3794449403750102e-15,5.8741376028451207e-05,4.2012568867716291e-09,8.4863388786118355e-11,0.50010930371470952
3.6246550555554182,128,0.00046942810956182454,-5.3772294234498419e-15,6.1114260753991368e-05,4.2770010012811666e-09,8.4660931864798379e-11,0.50010930371657325
3.7379254583941335,132,0.00048799274343437453,-5.5974918710538502e-15,6.353116730939221e-05,4.3560575371322754e-09,8.3665807148827599e-11,0.50010930371847495
3.8511958611514951,136,0.00050683829688276567,-4.3779270573335305e-15,6.5984646434392435e-05,4.4410006816348435e-09,8.1940954534074357e-11,0.50010930372051343
3.9644662642247339,140,0.00052591220506172857,-3.5025761045866244e-15,6.8467854777273546e-05,4.5313561843460523e-09,7.9650774559669496e-11,0.50010930372276974
4.0777366674820232,144,0.000545166931732594,-3.8294901646453161e-15,7.0974603654345465e-05,4.6275139070181269e-09,7.6924035661376499e-11,0.50010930372533968
4.1910070709253828,148,0.000564560229221278,-4.3922859598553854e-15,7.3499392893552852e-05,4.7302860290599933e-09,7.8339758673743365e-11,0.50010930372833395
4.3042774746761463,152,0.00058405587497264012,-5.4600421406370003e-15,7.6037506725569278e-05,4.8403086951804469e-09,7.9122766788866848e-11,0.50010930373183493
4.417547878668457,156,0.0006036238809170424,-5.8943599784075373e-15,7.8585041040968754e-05,4.9580353148631826e-09,7.9286301735974058e-11,0.50010930373587137
4.5308182830505528,160,0.00062324075531892237,-3.676021347129993e-15,8.1138937479965234e-05,5.0836185441742565e-09,7.8782292815167717e-11,0.50010930374043716
4.6440886877147074,164,0.00064288929943111923,4.4396994761108921e-15,8.3696956959092636e-05,5.2174136794956832e-09,7.8957058174918739e-11,0.50010930374552087
4.7573590926663565,168,0.00066255853761051204,4.9378903743679814e-15,8.625767057304689e-05,5.3600121219548097e-09,8.3164169779523878e-11,0.50010930375111595
4.8706294978700733,172,0.00068224475738736965,5.8544071283514465e-14,8.8820595000018825e-05,5.5121525419678875e-09,8.7411009677006482e-11,0.50010930375721274
4.9838999031851037,176,0.00070194884415713719,5.7259318814173454e-14,9.138584550853838e-05,5.6750480759784905e-09,9.166874816928827e-11,0.50010930376378537
5.097170308767689,180,0.00072167846466287557,1.0587945721996644e-13,9.395442022233317e-05,5.8489978424872703e-09,9.5910468982173574e-11,0.50010930377078133
5.2104407145252418,184,0.00074144494905252056,1.5228580386734275e-13,9.6527794199247443e-05,6.0340144213012996e-09,1.0011236681684332e-10,0.50010930377813456
5.3237111206402403,188,0.00076126477969895925,1.858745023674245e-13,9.9108113258873079e-05,6.2297464887284056e-09,1.0425175059983203e-10,0.50010930378583307
5.4369815268644688,192,0.00078115754439758646,2.7700339580698924e-13,0.00010169792751188935,6.4350096986511339e-09,1.0831254438493484e-10,0.5001093037939901
5.5502519335186795,196,0.00080114622227492284,3.107759546667338e-13,0.00010430022858214979,6.6485518436387833e-09,1.1227737537523546e-10,0.50010930380278018
5.6635223403103296,200,0.00082125521496587465,3.8209761960353306e-13,0.00010691819328810245,6.8696333552739764e-09,1.1615824491780949e-10,0.50010930381216923
5.7767927474094423,204,0.00084151077113073106,4.2770930026858611e-13,0.00010955523891012888,7.097543742949628e-09,1.1992593232784854e-10,0.50010930382181984
5.8900631546473186,208,0.00086193966228987804,4.0834410776780655e-13,0.00011221485079911523,7.3322329117075783e-09,1.2361970971998479e-10,0.50010930383144692
6.0033335624175983,212,0.00088256868246933227,5.0639352466071846e-13,0.0001149005172359277,7.5740934237531982e-09,1.2795548239969756e-10,0.50010930384113594
6.1166039703809139,216,0.000903423824194109,5.7332202949966077e-13,0.00011761562215501561,7.8227971012115216e-09,1.3264491831304865e-10,0.50010930385124786
6.2298743788253832,220,0.00092452915595997681,5.9345773737937146e-13,0.00012036329900385772,8.0787723099072672e-09,1.3755931838199836e-10,0.50010930386210728
6.3431447873462217,224,0.00094590802184369945,6.2538210422952503e-13,0.00012314658691872505,8.3407394506692509e-09,1.4267548320404186e-10,0.50010930387372599
6.456415196371827,228,0.00096757994256187728,6.1517114237916518e-13,0.00012596802727739216,8.6086691486176529e-09,1.479367786934641e-10,0.50010930388563968
6.5696856052167778,232,0.00098956254421714426,6.2379103076513898e-13,0.00012882991480020183,8.882391983316388e-09,1.5332428815190615e-10,0.5001093038968687
6.6829560147711344,236,0.0010118694410641274,6.2663593660815947e-13,0.00013173402191000278,9.1612660845599647e-09,1.5887845817412788e-10,0.50010930390617236
6.7962264245769566,240,0.0010345109851891431,6.0164527982027594e-13,0.00013468169633201559,9.445417290510394e-09,1.6458608508977821e-10,0.50010930391280717
6.909496835040998,244,0.0010574937990653508,6.5472174665300031e-13,0.00013767380023777033,9.7338856778339167e-09,1.704053070027809e-10,0.5001093039176866
7.0227672455251184,248,0.0010808208457284431,7.1105548207252289e-13,0.00014071071938119242,1.0026670614413404e-08,1.7646126477806039e-10,0.50010930392414699
7.1360376564922232,252,0.0011044913990487142,6.9590648754625992e-13,0.00014379235922836007,1.0323695339954839e-08,1.8282074324805073e-10,0.50010930393679287
7.2493080674132333,256,0.0011285009258826251,5.7328545122886654e-13,0.00014691812961496352,1.062360143566391e-08,1.892645308549389e-10,0.50010930395679487
7.362578478810538,260,0.0011528410067646261,3.4764585551657137e-13,0.00015008693442127206,1.0919046341341979e-08,1.9584585709766589e-10,0.50010930397632813
7.4758488904469589,264,0.0011774988548941378,4.0720756573544431e-13,0.00015329710894964856,1.1177787549012485e-08,2.0309340007530199e-10,0.50010930398287767
7.5891193018380649,268,0.001202389859127931,3.4046105778368085e-13,0.00015653763778076746,1.1288689782101608e-08,2.1025395279302951e-10,0.50010930397571141
7.7023897096629232,272,0.0012274230697482881,-5.9114131910906545e-13,0.00015979668028418749,1.1087821673049743e-08,2.1782534128797216e-10,0.50010930396976472
7.815660088178487,276,0.0012527810756278904,-1.4217284779473836e-12,0.00016309800747776738,1.0700858976041743e-08,2.2621060749640438e-10,0.50010930397539488
7.9289304347207183,280,0.0012792573812593863,-3.7973495333430696e-13,0.00016654492472282961,1.0710141335076184e-08,2.3410346212055567e-10,0.50010930398844711
8.0422007735098902,284,0.0013073221010858579,5.2748411243303331e-12,0.00017019863563303407,1.1400496714515656e-08,2.4302061128171391e-10,0.50010930400408404
8.1554711289192454,288,0.0013356666541086103,7.9252413686574721e-12,0.0001738887776784364,1.2362096143651311e-08,2.5247172342916658e-10,0.50010930402280018
8.2687415139982132,292,0.0013628720496608397,5.6570939474748574e-12,0.00017743061423195335,1.3199796899817953e-08,2.6217471022108659e-10,0.50010930404481524
8.3820119084837881,296,0.00138854013993592,4.4920691108897917e-12,0.00018077231092666663,1.3864255963320545e-08,2.7219154989804487e-10,0.50010930407184473
8.4952823076855157,300,0.001413220176181066,7.9053032837287512e-12,0.00018398537409817481,1.4411383677719102e-08,2.8326028739635132e-10,0.50010930410569376
8.6085527114745499,304,0.0014377908649272748,7.933308591762285e-12,0.00018718420145502528,1.4893080653254408e-08,2.9477145205240194e-10,0.50010930414110333
8.7218231201342036,308,0.001462650892626986,-9.9272428114288019e-13,0.00019042069748976371,1.5353121349492406e-08,3.0663250978265888e-10,0.50010930417238064
8.8350935310816894,312,0.0014875394545423996,-7.9145461208017173e-12,0.0001936609083584955,1.5815473254457755e-08,3.1886019468272682e-10,0.50010930420163113
8.9483639387768985,316,0.0015122565860047933,-3.1158885964010369e-12,0.00019687880091012267,1.628914920472329e-08,3.3199414986363259e-10,0.50010930422957178
9.0616343423138552,320,0.0015369168034416523,1.0930985798593071e-12,0.00020008928389567094,1.6777344391889983e-08,3.4628247139851655e-10,0.50010930425015765
9.174904741063008,324,0.0015612443325740684,-2.2292705740200799e-12,0.00020325645460533842,1.7282215429351453e-08,3.6023929599439797e-10,0.50010930426070088
9.2881751351398503,328,0.0015849698672303677,-2.7224398611662946e-12,0.00020634525240414593,1.7805729746895383e-08,3.7478873879045394e-10,0.50010930426420908
9.4014455286173746,332,0.0016084001557282097,4.233612904149496e-13,0.00020939561247341183,1.8349607925853545e-08,3.9052417087731704e-10,0.50010930426297984
9.5147159224070776,336,0.0016319108613105486,-2.3526624170957383e-12,0.00021245644194272195,1.8915549943602532e-08,4.0690346551540031e-10,0.50010930426187683
9.6279863186189516,340,0.0016556040002837214,-6.1171817462260698e-12,0.00021554102218790291,1.9505097975921536e-08,4.2321215397877074e-10,0.50010930426994438
9.7412567184136485,344,0.0016796896582149932,-4.5018206962796695e-12,0.00021867670398722499,2.0119493333232494e-08,4.4020737829208409e-10,0.50010930429038636
9.8545271212753889,348,0.0017045317560252808,-1.6190371051748483e-12,0.00022191086575199702,2.0759211899156382e-08,4.5780923148388129e-10,0.50010930431895118
9.967797523329903,352,0.0017304188759271644,-1.5295220534452918e-12,0.00022528107764094909,2.142428920705235e-08,4.7608176373566227e-10,0.50010930435253753
10.081067924871926,356,0.0017574973700279666,-1.9654789541788745e-12,0.00022880639305260296,2.2113786746544247e-08,4.9510699199819404e-10,0.50010930438852486
10.194338326008161,360,0.0017860156643517981,-1.4309078011018328e-12,0.00023251915426153984,2.2826625486526341e-08,5.1394289991425702e-10,0.5001093044215611
10.307608726597115,364,0.0018161967040384698,-1.7451597350386094e-12,0.00023644838621775889,2.3561395218309926e-08,5.3354413727537991e-10,0.50010930445013813
10.420879125783181,368,0.001848106593135749,-2.3522518771668631e-12,0.00024060269492488421,2.4316716471955804e-08,5.5402946781990078e-10,0.50010930447757784
10.534149520713921,372,0.0018817828845993931,-1.7237735015968904e-12,0.00024498696935544107,2.5091722545717753e-08,5.7511019484692943e-10,0.50010930450177971
10.647419912575616,376,0.0019173062463328713,-1.4606889306499442e-12,0.00024961171156328329,2.5886042075945634e-08,5.9631706301551835e-10,0.50010930451598556
10.760690303098684,380,0.0019546771066441676,-2.5537428820373263e-12,0.00025447697730929367,2.6699967358136459e-08,6.1808599672303337e-10,0.50010930452367697
10.873960693091735,384,0.0019937719043522976,-3.4244247858910594e-12,0.00025956668031725666,2.7534184320675397e-08,6.4088010302604381e-10,0.50010930454029823
10.987231084688675,388,0.0020344584910243885,-2.951116944132498e-12,0.00026486361634733168,2.8389974451551275e-08,6.6441140118444407e-10,0.50010930457462544
11.100501478090012,392,0.0020765981307756358,-2.4160750033671088e-12,0.00027034972354751798,2.9269416299035869e-08,6.8810859816297763e-10,0.50010930461767689
11.213771871063702,396,0.0021199850199082279,-2.8984898994290596e-12,0.00027599820859079498,3.0174862843182686e-08,7.124241790946315e-10,0.5001093046554913
11.327042262173729,400,0.0021643549324383182,-3.7005645943388732e-12,0.00028177467222550751,3.1109100314982036e-08,7.3773916938679158e-10,0.5001093046862497
11.440312650932702,404,0.0022094727721616277,-3.913945786936969e-12,0.00028764850756971152,3.2074788774845338e-08,7.639068859551749e-10,0.50010930471983273
11.553583037314993,408,0.0022551029280677686,-4.2052002410309687e-12,0.00029358904071949708,3.3074827373603923e-08,7.9109427793701408e-10,0.50010930476516791
11.666853421280667,412,0.0023009834035164307,-4.8515661296320498e-12,0.00029956216265866666,3.411122493388198e-08,8.1906960756699274e-10,0.50010930482223548
11.780123799485272,416,0.0023468510915848478,-5.3673971259844862e-12,0.00030553361982473307,3.5185897181817169e-08,8.4781359192521548e-10,0.50010930488363736
11.893394171305264,420,0.0023924716083919104,-5.5411526739658837e-12,0.00031147289807221835,3.6300670498242563e-08,8.7793841619080315e-10,0.50010930494125316
12.006664535713975,424,0.0024376423870342587,-5.7682565795798106e-12,0.00031735362546833889,3.7456489310607831e-08,9.0912606305711382e-10,0.50010930499272477
12.119934892533321,428,0.0024821887818100956,-6.1162406248590345e-12,0.00032315306510675746,3.8654930386319778e-08,9.4173017794102854e-10,0.50010930504167128
12.233205240855295,432,0.0025259689042282482,-6.3938401827830921e-12,0.00032885274470157783,3.9897318115949578e-08,9.7552146107765199e-10,0.50010930509068141
12.346475579389965,436,0.0025688838155656247,-6.4153363611013647e-12,0.00033443978354370205,4.1185183846523586e-08,1.0105811809216247e-09,0.50010930513669449
12.45974590857212,440,0.0026108725426025516,-6.2757673406979575e-12,0.00033990624360562331,4.2519190283262944e-08,1.047072020501736e-09,0.50010930517568097
12.573016227050884,444,0.0026519102370330455,-6.1560286084222718e-12,0.00034524888991734255,4.390143677078777e-08,1.0851503641828456e-09,0.50010930520905328
12.686286535436674,448,0.0026920184834236271,-6.3542576826365951e-12,0.00035047053254668429,4.5334611344871536e-08,1.1247683899919696e-09,0.50010930524219488
12.799556834294556,452,0.0027312740991946196,-6.4149640325228061e-12,0.00035558117225789864,4.682201036884467e-08,1.1662020771205255e-09,0.50010930527822395
12.912827126060048,456,0.0027697900076784987,-6.1595513574635302e-12,0.00036059551039895673,4.8367105324619239e-08,1.2090809912329032e-09,0.50010930531539133
13.02609741408769,460,0.0028077024564832024,-5.8516859706338881e-12,0.00036553128487619403,4.997292775720734e-08,1.2534625987108329e-09,0.50010930534922782
13.139367702764382,464,0.0028451825847331516,-5.7325750185211258e-12,0.00037041077607900786,5.1643249106682501e-08,1.3000904737621697e-09,0.50010930537545861
13.25263799591786,468,0.0028824445846275951,-5.610526420622014e-12,0.00037526186942297025,5.3381726224001496e-08,1.3487450188896964e-09,0.50010930539089882
13.36590829704523,472,0.0029197282272016328,-5.2113064297892864e-12,0.0003801157804004258,5.5191963933844699e-08,1.3990717393989221e-09,0.50010930538991172
13.479178607040829,476,0.0029572788531560075,-4.7225237500940487e-12,0.00038500444961155024,5.7077317548413534e-08,1.4513156790378974e-09,0.50010930535546871
13.5924489301864,480,0.0029953492331095391,-4.5052660874959211e-12,0.00038996078494829735,5.90405768956483e-08,1.5054431717988862e-09,0.50010930524923103
13.705719254574221,484,0.0030342036447296352,-4.5295467409386253e-12,0.00039501919239094056,6.1084440059714566e-08,1.5618962731990531e-09,0.50010930500485384
13.818989579240842,488,0.0030741061143546343,-4.2845894611094962e-12,0.00040021404519953501,6.3211168100779553e-08,1.6203926542768158e-09,0.50010930451732383
13.932259902737087,492,0.0031153112306661979,-3.5364890269701243e-12,0.00040557848795737072,6.5422428448724206e-08,1.6807406007823777e-09,0.50010930361232253
14.045530223844343,496,0.0031580592961999842,-2.7274844980208074e-12,0.00041114380535218781,6.7719839459935263e-08,1.7432985663203648e-09,0.5001093019847801
14.158800543693969,500,0.0032025696223241208,-2.2855526201010293e-12,0.00041693854925777706,7.0104917850593101e-08,1.8083705695147065e-09,0.50010929910151258
14.272070861108872,504,0.0032490386034379308,-2.0038683982547684e-12,0.00042298828801631144,7.257924913625022e-08,1.8758059816345046e-09,0.50010929405105586
14.385341175941278,508,0.0032976377369296145,-1.4651990287283673e-12,0.00042931534865910326,7.5144664804662256e-08,1.9456195867673858e-09,0.5001092853015473
14.49861148840068,512,0.0033485088683040554,-7.9016639422963691e-13,0.0004359381978757173,7.7803226974090918e-08,2.018214832522934e-09,0.50010927031783425
14.611881797877386,516,0.0034017625017399378,-3.4727036242292175e-13,0.00044287122206750648,8.0557479278817903e-08,2.0945375966843803e-09,0.50010924500463572
14.725152104480827,520,0.0034574833046291074,-1.470509776229853e-13,0.00045012544397673364,8.3410422290389483e-08,2.1767190125716601e-09,0.50010920299190464
14.838422408710878,524,0.0035157256233296482,-5.1363562925468842e-14,0.00045770793888805109,8.6365408623587023e-08,2.2694786421933633e-09,0.50010913489540121
14.951692710609635,528,0.0035765050856000221,-5.9679366483378349e-14,0.00046562074135986345,8.9426127749748467e-08,2.3889966912566584e-09,0.50010902794494283
15.06496300952718,532,0.0036398070054974776,-1.7947488384784799e-13,0.00047386193944758012,9.2596344672728755e-08,2.5898607617674774e-09,0.50010886683856559
15.178233304908572,536,0.0037056017154779956,-1.1058591108809024e-13,0.00048242767077060617,9.5878592880388532e-08,2.864094316829973e-09,0.50010863718796883
15.291503596164514,540,0.0037738414444455273,3.78745103855882e-13,0.00049131171606946178,9.9268478667825405e-08,3.1412658449991971e-09,0.50010833270027211
15.404773883126818,544,0.0038444470074908291,1.045661929439945e-12,0.00050050376635946408,1.0273433768266609e-07,3.3703982402482417e-09,0.50010796508759148
15.518044165988925,548,0.0039173157147130199,1.43382406100033e-12,0.00050999045257035173,1.0617989296449021e-07,3.5061044404837609e-09,0.50010757173301013
15.631314444987176,552,0.0039923439550281223,1.4660381741048167e-12,0.0005197582857041841,1.0950544702177013e-07,3.5121892372847292e-09,0.50010721381425793
15.744584719615306,556,0.0040694287410727977,1.5715534071574638e-12,0.00052979385796443341,1.1286752542273589e-07,3.359185361086856e-09,0.50010696104390218
15.857854988742616,560,0.0041484511382386263,2.0162825808923632e-12,0.00054008168540260239,1.1670438432458583e-07,3.1368655625599724e-09,0.50010686753210543
15.971125251677305,564,0.0042292710737671579,2.5771071745801094e-12,0.00055060353212077581,1.2120965546489737e-07,3.6144923892677012e-09,0.50010695057491183
16.084395508502702,568,0.0043117441104298642,3.0167916504741238e-12,0.00056134059401611658,1.2608140836528238e-07,3.9786009550463549e-09,0.50010718438102542
16.197665759802536,572,0.004395734899798066,3.4088442246900386e-12,0.00057227525024531668,1.3097703463010475e-07,4.1991993543016659e-09,0.50010751246543284
16.310936005317828,576,0.0044811163728606671,3.9742321846641948e-12,0.0005833909578521286,1.3582017298980866e-07,4.2940614150019081e-09,0.50010787094429088
16.424206243814215,580,0.0045677707544681057,4.6914019300207596e-12,0.00059467238383655919,1.4065798130208323e-07,4.2818426682847449e-09,0.50010820918645715
16.537476474894451,584,0.0046556023570496173,5.2990907424858499e-12,0.00060610707075298142,1.4554662771685306e-07,4.2062509854792302e-09,0.50010849866026164
16.650746699424527,588,0.0047445492629741596,5.5943050485032092e-12,0.00061768695762214922,1.505443504411576e-07,4.1591788052619624e-09,0.50010873038431203
16.76401691831899,592,0.0048345818279048308,5.3550659186944044e-12,0.00062940818508477317,1.5570315717441829e-07,4.2121350663066978e-09,0.50010890738576885
16.87728713193102,596,0.0049256891758423091,4.4892588859637636e-12,0.00064126933720805128,1.6106215818371317e-07,4.3067731779781962e-09,0.50010903787407601
16.990557340124546,600,0.0050178761810122218,3.3666796564121859e-12,0.00065327104856134546,1.6664980309665742e-07,4.418354606350158e-09,0.50010913117003897
17.103827542641412,604,0.0051111758582897378,2.6085989108821234e-12,0.00066541761731012301,1.7248983865242774e-07,4.5386819675369243e-09,0.50010919590167124
17.217097739764498,608,0.005205657862559606,2.5007496344976038e-12,0.00067771811173705072,1.786050252841833e-07,4.6783143491664789e-09,0.5001092394263652
17.330367932225581,612,0.0053014158155543865,2.3404684494719025e-12,0.0006901847203388535,1.8501817828929686e-07,4.8316860885334692e-09,0.5001092677582224
17.443638120475683,616,0.005398550609914299,1.3653278811351366e-12,0.00070283057820266597,1.9175144037466678e-07,4.9933518637268465e-09,0.50010928564073009
17.556908304219615,620,0.0054971745802876882,-1.2703965483751301e-13,0.00071567031003640568,1.9882518311282176e-07,5.1643280966769437e-09,0.50010929664546167
17.670178482472821,624,0.0055974151598621232,-1.1551403551138956e-12,0.0007287205062080016,2.0625648223676248e-07,5.3528523346399526e-09,0.50010930330604075
17.78344865427318,628,0.005699402902495182,-1.1913232173758198e-12,0.00074199816336152332,2.1405786044654176e-07,5.5480381425336494e-09,0.5001093073084526
17.896718818838536,632,0.0058032535477061751,-6.2475629595930282e-13,0.00075551834948079744,2.222367952958698e-07,5.7512938193303075e-09,0.5001093097140632
18.009988974724575,636,0.0059090690101654738,-4.5394894440664579e-14,0.00076929433270979083,2.3079617196948197e-07,5.9631984354569007e-09,0.50010931116640811
18.123259117264816,640,0.0060169580579343893,4.2579627974534406e-13,0.00078334027342689852,2.3973516771580186e-07,6.1940479470848504e-09,0.50010931204916531
18.236529238341191,644,0.0061270346997204621,9.6511920634131942e-13,0.00079767101428371929,2.4904982348880971e-07,6.4416818222798685e-09,0.50010931259436486
18.349799334730875,648,0.0062393987089814622,1.5782183502774383e-12,0.00081229954466241884,2.5873332870936356e-07,6.6934918909594904e-09,0.50010931295261929
18.463069409160386,652,0.0063541217283157791,2.196394135360949e-12,0.00082723519162362675,2.6877678121212958e-07,6.9571041917093515e-09,0.50010931323081487
18.576339467181558,656,0.0064712542756839367,2.8451865158578976e-12,0.00084248453203768659,2.791705076533943e-07,7.2397616131201664e-09,0.50010931350251742
18.689609516063786,660,0.0065908407770419938,3.6741985322275017e-12,0.00085805334966447024,2.8990500534297398e-07,7.5326350040233881e-09,0.50010931380737467
18.802879561873144,664,0.0067129219923158711,4.641111252907601e-12,0.00087394695098795311,3.009707040811647e-07,7.8320005882997606e-09,0.50010931415593385
18.916149608379524,668,0.0068375249065229689,5.6050506846549303e-12,0.00089016884915393173,3.1235896776959898e-07,8.1394794693449445e-09,0.50010931454154084
19.029419658316865,672,0.0069646559307131976,6.4224078529309669e-12,0.00090671987880900685,3.2406387642328776e-07,8.4556493167605789e-09,0.50010931495149025
19.142689710198677,676,0.0070943077117342612,7.0411549583492689e-12,0.00092359908265544194,3.3608315419920493e-07,8.7789477680196874e-09,0.50010931537411596
19.255959755651084,680,0.0072264686600174606,7.4788841569403686e-12,0.00094080495186172654,3.4841704014421996e-07,9.1098394831805978e-09,0.5001093158034311
19.36922979129826,684,0.0073611244954150511,7.8439320468602636e-12,0.00095833562731321672,3.610677077093293e-07,9.4514284482475598e-09,0.50010931624070964
19.482499816327909,688,0.00749825821018648,8.2355867459839305e-12,0.00097618889479335845,3.7404251303632659e-07,9.798395805472789e-09,0.50010931669140779
19.595769829689338,692,0.007637847611958749,8.6034262938676498e-12,0.00099436186510475956,3.8735539634839659e-07,1.0152360980044977e-08,0.50010931715968365
19.709039829181414,696,0.0077798657267326935,8.8794971267285028e-12,0.0010128510265360734,4.0102487876245669e-07,1.0518672962722237e-08,0.50010931764543687
19.82230981396901,700,0.0079242864650120159,9.0363780097958007e-12,0.0010316529825282806,4.1507282890574828e-07,1.0883172180935721e-08,0.50010931814590287
19.935579783427499,704,0.0080710864028985113,9.0683113687477224e-12,0.0010507646835532561,4.2952562408019778e-07,1.1254391626787599e-08,0.50010931865949937
20.048849737264625,708,0.008220243739014841,8.8739734419203409e-12,0.0010701832913168449,4.4441374504465571e-07,1.1636316284244318e-08,0.50010931918832846
20.162119675840369,712,0.0083717397958624276,8.3741859475440494e-12,0.0010899063742187767,4.5977109856351435e-07,1.2028236784111863e-08,0.50010931973748118
20.275389599151406,716,0.0085255643625187019,7.6243052127798749e-12,0.0011099326029117627,4.7563530390764091e-07,1.2427866692267369e-08,0.50010932031183564
20.388659507070276,720,0.0086817190579719268,6.7992496398730506e-12,0.0011302621881698685,4.9204690587665868e-07,1.283852973414999e-08,0.50010932091321991
20.501929399294376,724,0.0088402152387946527,6.104094443445951e-12,0.0011508966084911258,5.0904836784309692e-07,1.3265715404119619e-08,0.50010932154105403
20.615199275500835,728,0.0090010727897853523,5.5950307321223081e-12,0.0011718384526526742,5.2668294509296096e-07,1.3704903329869991e-08,0.50010932219533177
20.728469135363227,732,0.009164323250440351,5.1573517591968487e-12,0.0011930918267422479,5.4499557395146703e-07,1.4160016145656764e-08,0.50010932287717491
20.84173897937055,736,0.0093300108887735302,4.6966604867401673e-12,0.001214662493957423,5.6403233180425057e-07,1.4633576638547098e-08,0.50010932358787508
20.95500880774183,740,0.0094981920540359449,4.1984848757337101e-12,0.0012365577903369928,5.8383920484521928e-07,1.5127237696081773e-08,0.50010932432971489
21.068278620751254,744,0.0096689354538670984,3.6923902520594187e-12,0.0012587866608429459,6.0446232718805246e-07,1.564621727038322e-08,0.50010932510523154
21.181548419296686,748,0.0098423242717590158,3.1911071007861835e-12,0.0012813599350304759,6.2594772426026042e-07,1.6186394053003844e-08,0.50010932591277912
21.294818204291154,752,0.010018458145637963,2.6565971644743058e-12,0.0013042905846370712,6.4834130043393529e-07,1.6744319137508397e-08,0.50010932674594544
21.408087976028359,756,0.010197450700987268,2.0458395177599953e-12,0.0013275934024228476,6.7168829252010115e-07,1.7328047927813354e-08,0.50010932760073468
21.521357734320489,760,0.010379423165088865,1.4313886447653301e-12,0.0013512841708166108,6.9603307471933161e-07,1.7944548195240397e-08,0.5001093284815209
21.634627479450888,764,0.010564501670408961,9.6197187585481125e-13,0.0013753793108469965,7.2141914118251174e-07,1.8593491644487763e-08,0.50010932939845887
21.747897212060465,768,0.010752820545396216,6.1524797843187651e-13,0.0013998963105673842,7.4788872661691839e-07,1.9272456782474798e-08,0.50010933036099137
21.861166932208562,772,0.010944523712117344,2.6597208593534538e-13,0.0014248539070123363,7.7548274596950799e-07,1.9975351968550376e-08,0.50010933137370173
21.97443663946898,776,0.011139761089775345,-8.0406059414783737e-14,0.0014502716179761175,8.0424030589651095e-07,2.0706829782455999e-08,0.50010933243396172
22.087706334105992,780,0.011338683238536738,-3.0123223793837584e-13,0.0014761690446992331,8.3419860474555883e-07,2.1472574696076095e-08,0.50010933353252429
22.200976016296572,784,0.011541440053499316,-2.9313449454240748e-13,0.0015025657018377205,8.6539285084979037e-07,2.2274416172236187e-08,0.50010933466360785
22.314245684508851,788,0.011748179581719347,-7.5806385908122609e-14,0.0015294808634533929,8.9785615733076002e-07,2.3108002769781569e-08,0.50010933583571715
22.427515337827995,792,0.011959041811962412,2.5696654006035491e-13,0.0015569327545092387,9.3161937367589606e-07,2.3977468241527508e-08,0.50010933706336558
22.540784975450713,796,0.012174155703773674,6.5431780002858653e-13,0.0015849381640877802,9.6671125191433802e-07,2.4885429940881126e-08,0.50010933834778526
22.654054596154378,800,0.012393642859912304,1.1271330548588698e-12,0.0016135129235007369,1.0031589885632321e-06,2.5827504044118865e-08,0.50010933967415994
22.767324199527859,804,0.012617633713572093,1.7049920503220406e-12,0.0016426740136831104,1.0409889971207961e-06,2.6804594990585547e-08,0.50010934102722648
22.880593785021279,808,0.012846261999760213,2.375894728352812e-12,0.0016724388454288728,1.0802276924871843e-06,2.7821868828081432e-08,0.50010934240294591
22.993863351867109,812,0.013079631234512775,2.9846217728182745e-12,0.001702820895361801,1.1209005776079585e-06,2.8873974180756291e-08,0.50010934380865701
23.107132899258872,816,0.013317829839002851,3.3095236078549417e-12,0.0017338316749242596,1.1630295051760434e-06,2.9960696764806246e-08,0.50010934525948558
23.220402425654587,820,0.013560905476200976,3.3579878786459127e-12,0.001765477389299002,1.2066271859302423e-06,3.1087863330298909e-08,0.50010934676897711
23.333671929861389,824,0.013808773492394181,3.4898660567286854e-12,0.0017977470175246015,1.2516786847364373e-06,3.2261486708187349e-08,0.50010934833351561
23.446941411410375,828,0.014061202062176655,2.3295354360797216e-12,0.0018306103785402917,1.2981161531722382e-06,3.3463713373123525e-08,0.50010934993564182
23.560210869533709,832,0.014318184878948264,-1.2003363255609634e-12,0.0018640666512976581,1.3459034246786676e-06,3.4714610581758148e-08,0.50010935157348158
23.673480302855737,836,0.014580047544236897,-3.8441872298247692e-12,0.0018981582254539711,1.3952378518338819e-06,3.6016132445933934e-08,0.50010935327127626
23.786749710473298,840,0.014847488572545219,2.373594593443884e-12,0.0019329760397420984,1.4465206032050789e-06,3.7349354700096944e-08,0.50010935505232978
23.900019091958828,844,0.015120776669418915,1.4993779763779191e-11,0.0019685550766022708,1.4999676496787822e-06,3.872476522168701e-08,0.50010935692244807
24.013288446826287,848,0.015399309017845857,1.9820060252317279e-11,0.0020048168560386891,1.5554230583367413e-06,4.0157833693840584e-08,0.50010935888255703
24.126557774436325,852,0.015682219594338378,6.9480699405738422e-12,0.0020416486315324163,1.6126491868574959e-06,4.1637005787101438e-08,0.50010936093019154
24.23982707404317,856,0.015969051913595753,-1.7120685511656797e-11,0.0020789909738308564,1.6715952407912773e-06,4.3153617683242151e-08,0.5001093630487482
24.353096344857107,860,0.016260019842157171,-3.6955949368408514e-11,0.0021168717259523041,1.7323494406574836e-06,4.4731124468529034e-08,0.50010936521837157
24.46636558618054,864,0.01655564433207185,-4.4437193291377297e-11,0.0021553587099950268,1.7950236255787672e-06,4.6367485176387153e-08,0.50010936743245438
24.579634797577842,868,0.016856282375350553,-4.044842358188333e-11,0.0021944984023041523,1.8597274346479221e-06,4.8052639476413179e-08,0.50010936969620479
24.692903978686729,872,0.017162065443752053,-2.7838395217499867e-11,0.0022343079190241641,1.9265671187633087e-06,4.9793721793324503e-08,0.50010937202858385
24.806173129050915,876,0.017472985724343554,-1.0527823404715697e-11,0.002274786242999074,1.995644014791818e-06,5.1601862058281038e-08,0.50010937446674864
24.919442247967812,880,0.017789057306287267,6.5662319331805108e-12,0.0023159352084793582,2.0670594729555121e-06,5.3470795506267212e-08,0.5001093770424424
25.03271133519354,884,0.018110407515971705,2.0563143961031816e-11,0.0023577713919289097,2.140917060719168e-06,5.5396032056003832e-08,0.50010937975087166
25.1459803907245,888,0.018437078116372588,3.0435048361740491e-11,0.0024003002304175073,2.2173231521704477e-06,5.7392077430129025e-08,0.50010938255762949
25.259249414430514,892,0.018768938699415937,3.5795097571775236e-11,0.0024435047462804667,2.2963885700934358e-06,5.9462726565638484e-08,0.50010938543025052
25.372518406259726,896,0.019105902856857218,3.6486661999027281e-11,0.0024873736901360822,2.3782300056805336e-06,6.1604146737663458e-08,0.50010938835531282
25.485787365920711,900,0.019448076254703517,3.3499868027156432e-11,0.0025319208185101741,2.462969316648807e-06,6.3817909535194972e-08,0.5001093913414969
25.599056293087273,904,0.019795634345721892,2.8220190724168037e-11,0.0025771689733799005,2.5507334946991924e-06,6.6108778901259853e-08,0.50010939441867741
25.712325187244879,908,0.020148777139791782,2.2084593702398347e-11,0.0026231441937822867,2.6416552860299827e-06,6.8479567846780339e-08,0.5001093976231461
25.825594047815876,912,0.02050777156001421,1.5653699365382467e-11,0.0026698812301033125,2.7358725134360018e-06,7.093076880067852e-08,0.50010940097526746
25.938862874259286,916,0.020872892947269801,9.3820190331939113e-12,0.0027174159286291969,2.8335264686193669e-06,7.3469976747464331e-08,0.50010940447521179
26.052131666161511,920,0.021244364756954553,3.2465243601093041e-12,0.0027657773807395571,2.9347617784390327e-06,7.6101377570312596e-08,0.50010940811667215
26.165400423230395,924,0.021622349901509262,-3.140771713885937e-12,0.0028149867958020976,3.0397270316246163e-06,7.8826057091580146e-08,0.50010941189647751
26.278669144805114,928,0.02200699669888042,-8.7441429964807416e-12,0.002865063483145493,3.1485745157139808e-06,8.1646092355181566e-08,0.50010941581530488
26.391937830028265,932,0.022398475988045737,-1.2317785680338034e-11,0.0029160296840834142,3.2614599296052345e-06,8.4566511017673573e-08,0.50010941987781043
26.505206477249825,936,0.022796929166498833,-1.4308130201479141e-11,0.002967903806979397,3.3785429176659789e-06,8.7593024465269563e-08,0.50010942409163128
26.618475085501405,940,0.02320246802135896,-1.5618248881688057e-11,0.0030207004052592297,3.4999869674201866e-06,9.0723223806841366e-08,0.50010942846408402
26.731743654190868,944,0.023615234732735673,-1.6507665785529813e-11,0.0030744379891742418,3.6259594050035403e-06,9.3961767874495985e-08,0.50010943300180155
26.845012182094667,948,0.024035403287158318,-1.711782972313447e-11,0.0031291392098139301,3.7566311977669059e-06,9.7321442603982022e-08,0.50010943771247085
26.958280667705264,952,0.02446312553166155,-1.7515331416154134e-11,0.0031848238359545602,3.8921776347226112e-06,1.0080709137742374e-07,0.50010944260296752
27.071549109819845,956,0.024898548352184337,-1.6854816153877294e-11,0.0032415109904935305,4.0327783169996804e-06,1.0441879508422819e-07,0.50010944767666987
27.184817506881853,960,0.025341873436575575,-1.4768885116603347e-11,0.0032992269309206198,4.1786169687968672e-06,1.0816562051195839e-07,0.50010945293548492
27.298085857656321,964,0.025793338975801574,-1.1969696284488962e-11,0.003358002667020985,4.3298817174134032e-06,1.1205331378904593e-07,0.50010945838290877
27.411354161180494,968,0.02625317124722475,-9.3757563561849833e-12,0.0034178676575625342,4.4867658013009244e-06,1.1608255993064174e-07,0.50010946402295997
27.524622415841396,972,0.02672159284760035,-7.0172351002845135e-12,0.0034788508821395154,4.6494678067535845e-06,1.2026686881034321e-07,0.50010946985825455
27.637890620097497,976,0.027198850168152301,-4.3951858211960237e-12,0.003540984418118408,4.8181918837485156e-06,1.2461574116866975e-07,0.50010947589134047
27.751158772236138,980,0.027685196625640535,-1.6156396966809927e-12,0.0036043012575114725,4.9931485328006587e-06,1.29129754040825e-07,0.50010948212693429
27.864426870519324,984,0.028180871983269205,8.0023466152157052e-13,0.0036688326147915522,5.1745544452100839e-06,1.338136036691943e-07,0.50010948857227699
27.977694913690605,988,0.028686106969116838,2.6835866428348565e-12,0.0037346085281597411,5.3626335947137038e-06,1.3867505423272551e-07,0.50010949523679704
28.090962900141687,992,0.029201123864714334,3.9912269452976878e-12,0.0038016579361716215,5.5576170834349508e-06,1.4372251945063103e-07,0.5001095021315094
28.204230828328161,996,0.029726127171810467,5.0071190683259603e-12,0.0038700074626550908,5.7597448162399958e-06,1.4896371608181334e-07,0.50010950926712228
28.317498696920286,1000,0.030261290578523559,5.8550868146933777e-12,0.0039396797198498869,5.9692677487619138e-06,1.5440340164013116e-07,0.50010951665267378
28.430766504078765,1004,0.030806763741187598,6.5674232545276379e-12,0.0040106941913276841,6.1864439770390215e-06,1.6005136613125828e-07,0.50010952429733946
28.544034248504168,1008,0.031362682527361491,7.0761122655804698e-12,0.0040830685655167077,6.4115422788395094e-06,1.6591652285442202e-07,0.50010953221265975
28.657301928780608,1012,0.031929148126750455,6.8681492784716802e-12,0.0041568160161786155,6.6448437868605928e-06,1.7200235388555846e-07,0.50010954041160172
28.770569542373206,1016,0.032506221203726482,5.5424403131235089e-12,0.0042319444411324184,6.8866404222964265e-06,1.7831249368271467e-07,0.50010954890618609
28.883837085586926,1020,0.033093954337145293,3.6293520272456803e-12,0.0043084606855538377,7.1372369593297999e-06,1.8485731454456953e-07,0.50010955770701393
28.997104553807489,1024,0.033692405898281597,1.7984021390138327e-12,0.0043863723487264084,7.3969497191273344e-06,1.9164970227366851e-07,0.5001095668240414
29.110371942074735,1028,0.034301618557534587,-5.5981911814551033e-14,0.0044656849858562397,7.6661079221946955e-06,1.9869831421362957e-07,0.50010957626576424
29.223639246781381,1032,0.034921613782192634,-2.3214841507468442e-12,0.0045464013917428606,7.9450539877866222e-06,2.0600923926171168e-07,0.50010958603575917
29.336906467913231,1036,0.035552420361334547,-4.8348011792015422e-12,0.0046285253144005747,8.2341436053812446e-06,2.1358796757324578e-07,0.50010959612692596
29.450173610077801,1040,0.036194097736355617,-7.0799243204189288e-12,0.00471206449243058,8.53374644839261e-06,2.2143967502582097e-07,0.5001096065131323
29.563440678321182,1044,0.036846728428131525,-8.958174913670236e-12,0.0047970296691228756,8.8442466742074651e-06,2.2957277192785466e-07,0.50010961713690083
29.676707676918721,1048,0.037510407623012269,-1.0669133979068768e-11,0.0048834332366697805,9.1660431648752386e-06,2.380007296046458e-07,0.50010962789004176
29.789974609754651,1052,0.038185254715369835,-1.2181903272581729e-11,0.004971290738875837,9.4995497926670999e-06,2.4673620376364154e-07,0.50010963858027935
29.903241477706686,1056,0.038871425705129622,-1.3245182511542608e-11,0.0050606224851769844,9.8451956065529699e-06,2.5578983578846414e-07,0.50010964887206599
30.016508278710283,1060,0.039569114587227894,-1.391817086929259e-11,0.0051514537315322882,1.020342513419874e-05,2.6516749398569833e-07,0.50010965818460928
30.129775008978832,1064,0.040278551909282492,-1.4434985108266463e-11,0.0052438144926488907,1.0574698869795923e-05,2.7487301376530464e-07,0.50010966552344083
30.243041664013067,1068,0.041000005311598364,-1.4658265486827693e-11,0.0053377396122846581,1.0959493699488466e-05,2.8492558516628948e-07,0.50010966921495315
30.356308240222482,1072,0.041733771096945489,-1.4132729058216609e-11,0.0054332676657280693,1.1358303407302732e-05,2.9534808387710435e-07,0.50010966651221156
30.469574735282489,1076,0.042480168244335419,-1.2792125215002614e-11,0.0055304401804592432,1.1771639168116187e-05,3.0615759070057971e-07,0.50010965305558519
30.582841147418328,1080,0.043239543618382462,-1.1054154119838344e-11,0.0056293023143501805,1.2200029336484932e-05,3.1738227302197626e-07,0.50010962222473598
30.696107474269329,1084,0.044012280506959878,-9.2125309117396803e-12,0.0057299039671715873,1.2644018947581446e-05,3.2910080655126166e-07,0.5001095645594188
30.809373712736694,1088,0.044798793207606734,-7.2208784090976863e-12,0.0058322990758039291,1.3104169219608312e-05,3.4153543609675301e-07,0.50010946772361431
30.922639860266703,1092,0.045599505396094191,-5.0027278326869595e-12,0.0059365427980680235,1.3581055392834123e-05,3.5497358611091785e-07,0.5001093179223558
31.03590591427993,1096,0.046414833669193648,-2.567204261672007e-12,0.0060426893701785271,1.4075262745416556e-05,3.694172064490081e-07,0.50010910389336372
31.149171873093479,1100,0.04724519098655082,5.5665541620619763e-14,0.0061507925548372373,1.4587384591859923e-05,3.8454962152832197e-07,0.50010882377495758
31.262437735200077,1104,0.048090994794748328,2.7836300972583494e-12,0.0062609066988946749,1.5118009906452327e-05,3.9990025719727424e-07,0.5001084928263928
31.375703497804516,1108,0.048952657499967842,5.5552472344455595e-12,0.0063730854929978419,1.5667707866925609e-05,4.146892170940452e-07,0.50010814750537824
31.488969158033353,1112,0.04983056833036062,8.3040943912870979e-12,0.0064873796102748373,1.6237112742211563e-05,4.2835165244043289e-07,0.50010784147807008
31.60223471266762,1116,0.050725089847309168,1.0997320892477958e-11,0.0066038362521403573,1.6827086441795382e-05,4.4101672076227769e-07,0.50010763264223956
31.715500159041465,1120,0.051636567245134365,1.349900898527101e-11,0.0067225003590129818,1.7438651809070457e-05,4.5328263750240778e-07,0.50010756519892419
31.828765495017752,1124,0.052565333404240529,1.5582096810767831e-11,0.0068434152681778361,1.8072677050640848e-05,4.7260747017248759e-07,0.50010765447692052
31.94203071781007,1128,0.053511699671735594,1.7134088635753497e-11,0.0069666215135270135,1.8729799533062034e-05,4.9226767415155726e-07,0.50010788206586154
32.055295823970525,1132,0.054475944075732252,1.8212094809663681e-11,0.0070921552911941306,1.9410721574849278e-05,5.1071779547985592e-07,0.50010820370055198
32.168560810487598,1136,0.05545831207764939,1.8868153567330737e-11,0.0072200485574955052,2.0116405585043315e-05,5.2832603460069404e-07,0.50010856535824677
32.281825673620297,1140,0.056459032955365689,1.9268598001886961e-11,0.0073503311618325221,2.0847930494084912e-05,5.458973017272016e-07,0.50010891947838165
32.395090410644315,1144,0.057478343846303501,1.9677731449493918e-11,0.007483033976830763,2.1606280170682423e-05,5.6393139547557753e-07,0.50010923479025005
32.50835501872421,1148,0.058516488154285763,2.0216667099073882e-11,0.0076181886909306943,2.2392299406060839e-05,5.8287886285022292e-07,0.50010949777599689
32.621619493823097,1152,0.059573681296302763,2.0838328892297531e-11,0.0077558233490019092,2.3206774317773238e-05,6.0299455555955995e-07,0.50010970817858336
32.734883832439593,1156,0.060650091484728143,2.1224928498791984e-11,0.0078959598504037658,2.4050521379506709e-05,6.2425090625212645e-07,0.50010987278814667
32.848148030379996,1160,0.061745870377313467,2.1000264678258662e-11,0.0080386179392700017,2.492443930797305e-05,6.464391367657352e-07,0.50011000062800381
32.961412083538853,1164,0.062861203792884235,2.0195417387014469e-11,0.0081838218071220055,2.5829528313480311e-05,6.6992322798347578e-07,0.50011010040135806
33.074675988793025,1168,0.063996314754158207,1.9450132910520113e-11,0.0083316004890095566,2.6766893461943018e-05,6.9443215212951592e-07,0.50011017957627146
33.187939741806595,1172,0.065151433751184526,1.9297158055514574e-11,0.0084819839921450001,2.7737739768918014e-05,7.1973940863653158e-07,0.50011024423582129
33.301203336266319,1176,0.06632678075340831,1.9623417907982388e-11,0.0086350009540763478,2.8743358799272369e-05,7.4594392020045035e-07,0.50011029917015892
33.414466764075833,1180,0.067522602974386059,1.9806662386601115e-11,0.0087906835592285355,2.9785111578534037e-05,7.7311004634484096e-07,0.50011034802313359
33.52773001659876,1184,0.068739216182585924,1.9211881217839899e-11,0.0089490729171050349,3.0864417389355345e-05,8.0125050133365038e-07,0.50011039345421449
33.64099308928963,1188,0.069977010925400457,1.7703887401215868e-11,0.0091102198725843252,3.1982753236730489e-05,8.3039037283405147e-07,0.50011043731254134
33.754255980755978,1192,0.071236414243426582,1.5871811677448111e-11,0.0092741800215496994,3.3141661431631491e-05,8.6053458491787269e-07,0.50011048082116072
33.867518694428497,1196,0.072517867052027479,1.4335243062046921e-11,0.0094410107662229806,3.4342758852062816e-05,8.9174318169678774e-07,0.5001105247599551
33.980781236129815,1200,0.073821837894052361,1.3300149176442844e-11,0.0096107731056139806,3.5587740040886478e-05,9.2410168593977357e-07,0.50011056962598943
34.094043607737305,1204,0.075148841526308574,1.2659883558141516e-11,0.0097835340552701478,3.6878370443894115e-05,9.5765115068381393e-07,0.5001106157514984
34.207305807436391,1208,0.076499442530160888,1.2209659065037792e-11,0.0099593671173359849,3.8216471106054261e-05,9.9244362735653246e-07,0.50011066337454435
34.32056782997801,1212,0.077874239178583715,1.1809211161034616e-11,0.010138350180224681,3.960389887157222e-05,1.0285210345846823e-06,0.50011071267385176
34.433829669122055,1216,0.0792738496877885,1.1385051755519182e-11,0.01032056372873461,4.1042528970852978e-05,1.0659449525975714e-06,0.50011076378494224
34.547091316650068,1220,0.080698904258956428,1.0942274863978696e-11,0.010506089807972423,4.2534244021985422e-05,1.1047968612024084e-06,0.50011081680917335
34.660352767792347,1224,0.082150044385818105,1.0589429506879799e-11,0.010695011933207715,4.4080931076320398e-05,1.1451149038029676e-06,0.50011087182047764
34.773614018653269,1228,0.083627919294762043,1.0440567681235802e-11,0.010887414626415173,4.5684487689951647e-05,1.1869083159737612e-06,0.50011092887284481
34.886875064269567,1232,0.085133179758903263,1.05645674500221e-11,0.01108338261093589,4.7346833446252866e-05,1.2301993960218416e-06,0.50011098801136233
35.000135901181089,1236,0.086666467400693337,1.092709559988303e-11,0.011282999418797476,4.9069924890406172e-05,1.2750385942643061e-06,0.50011104928619077
35.113396524562646,1240,0.088228404657301182,1.1445610952065532e-11,0.011486346084319504,5.0855772843694721e-05,1.3214776541043663e-06,0.50011111276377074
35.226656929171362,1244,0.089819590803943652,1.2056152950967736e-11,0.011693500626395854,5.2706460973301339e-05,1.3695631379206475e-06,0.50011117852894604
35.339917111469482,1248,0.091440603130940559,1.2707565034963952e-11,0.011904538201734056,5.4624167378175323e-05,1.41936555628818e-06,0.50011124667784523
35.453177065836911,1252,0.093091998538963633,1.3359469346746478e-11,0.012119531312538756,5.6611185025526886e-05,1.4709544735527556e-06,0.50011131730847191
35.566436787676757,1256,0.094774312212024314,1.4034216930941534e-11,0.012338549633749652,5.8669939931779439e-05,1.5243874740036774e-06,0.50011139051618458
35.679696273098017,1260,0.096488055229112552,1.4811964155203583e-11,0.012561659702103727,6.080300323255718e-05,1.5797388694832276e-06,0.50011146639523418
35.792955516132771,1264,0.098233715912935837,1.5756230521690728e-11,0.012788925091725897,6.3013097394126741e-05,1.63707443708009e-06,0.50011154504265254
35.906214511621251,1268,0.10001176193846553,1.6871288220643432e-11,0.013020406688638041,6.5303099228212271e-05,1.6964800955821976e-06,0.50011162656086605
36.019473253816422,1272,0.10182264272403632,1.8048946018311973e-11,0.013256163002053248,6.767604042044151e-05,1.7580638207905363e-06,0.50011171105791363
36.132731735566779,1276,0.10366679170779228,1.9132094346285822e-11,0.013496250460743504,7.0135105710372956e-05,1.8219014860331497e-06,0.5001117986462944
36.245989951654806,1280,0.10554463140510188,2.0018325538884163e-11,0.013740724071458248,7.2683626149806424e-05,1.8880624477478458e-06,0.50011188944211049
36.359247896282156,1284,0.10745657997521443,2.0722356122715446e-11,0.013989638273829187,7.5325068103136643e-05,1.9566456191223666e-06,0.5001119835651745
36.472505561712893,1288,0.1094030561018466,2.131594813853388e-11,0.014243047575767784,7.8063021730106309e-05,2.0277490326171525e-06,0.50011208113932526
36.585762941926255,1292,0.11138448253624103,2.1910423995963324e-11,0.014501007014731643,8.0901190388306998e-05,2.1014596048145523e-06,0.50011218229228571
36.699020028619969,1296,0.11340128955147261,2.2563986269708014e-11,0.01476357260743633,8.3843380281001882e-05,2.1778672861363719e-06,0.50011228715470057
36.812276815247408,1300,0.11545391901173448,2.3254880660017463e-11,0.015030801879630663,8.6893491972578097e-05,2.257084928379048e-06,0.50011239585844924
36.925533296025996,1304,0.11754282844448671,2.3907744273882203e-11,0.015302754396244667,9.0055513540356321e-05,2.3392257455833991e-06,0.50011250853563305
37.038789464144344,1308,0.11966849495057261,2.442279104647449e-11,0.01557949227044274,9.3333516964795349e-05,2.4243839306644914e-06,0.50011262531922696
37.15204531077238,1312,0.12183142064878461,2.4753915930930681e-11,0.015861080872444911,9.6731659256584673e-05,2.5126919417510916e-06,0.50011274634504244
37.265300828582923,1316,0.12403213800564494,2.487658733521525e-11,0.016147589523404348,0.00010025418726202336,2.6042411992550882e-06,0.50011287175468477
37.3785560094652,1320,0.12627121282840603,2.4814891894792135e-11,0.016439091885062342,0.00010390544502933001,2.699163935413292e-06,0.50011300169874795
37.491810847802824,1324,0.12854924618343111,2.4587011680093918e-11,0.016735666209499886,0.00010768988404155684,2.7975658533057918e-06,0.50011313633750298
37.605065338142033,1328,0.13086687497838723,2.4214377898623685e-11,0.017037395414932679,0.00011161207718424741,2.8995781686534924e-06,0.50011327583708409
37.718319472808439,1332,0.13322477292617474,2.3736032670612639e-11,0.01734436721120388,0.00011567673719364678,3.0053082280873427e-06,0.50011342036447803
37.831573243209441,1336,0.13562365288370581,2.3202727066073958e-11,0.01765667440426678,0.00011988873609708255,3.1148883553847997e-06,0.50011357008700918
37.944826639966898,1340,0.13806426947962336,2.2642856339905038e-11,0.017974415238284261,0.00012425312705910112,3.2284181102931904e-06,0.5001137251780049
38.058079655122192,1344,0.14054742161574402,2.2070028096732308e-11,0.018297693721288533,0.00012877516541562277,3.3460349579902102e-06,0.50011388582442351
38.171332281931491,1348,0.14307395593677455,2.1495662021198125e-11,0.018626620076899181,0.00013346033155054755,3.4678777840253815e-06,0.50011405223200256
38.284584513319658,1352,0.14564476814198629,2.0969392021397137e-11,0.018961310915088458,0.0001383143482861895,3.5941000961446414e-06,0.50011422462577593
38.397836338571011,1356,0.14826078496679254,2.0565897942970146e-11,0.019301886886385254,0.00014334319700990035,3.7248449547954801e-06,0.50011440324346312
38.511087747561191,1360,0.15092293164778117,2.0342449079391312e-11,0.019648468446188259,0.00014855314184944321,3.8602935434300379e-06,0.50011458832369082
38.624338728921806,1364,0.15363214345666315,2.0287447936861991e-11,0.020001177356356321,0.0001539507497043576,4.0007410736812473e-06,0.5001147800996999
38.737589274876164,1368,0.15638941084158264,2.0343015466606218e-11,0.020360142562099403,0.00015954289657700211,4.14634251204356e-06,0.50011497880676148
38.850839377709697,1372,0.15919592462455578,2.0445103943167453e-11,0.020725519095052214,0.0001653367621757283,4.2971565450902017e-06,0.50011518469505978
38.96408902870364,1376,0.16205308415419784,2.0695872099407708e-11,0.021097489134667614,0.00017133982674789628,4.453420844589691e-06,0.50011539803267979
39.077338215561234,1380,0.1649619761510065,2.120118924170411e-11,0.021476194159733331,0.00017755987677216234,4.6153411391442183e-06,0.5001156190993451
39.190586925825357,1384,0.16792342927867379,2.1433277028193309e-11,0.021861742052943053,0.0001840049965261205,4.7832552751660863e-06,0.50011584818296817
39.303835148786568,1388,0.17093779071270548,2.0118609903030382e-11,0.022254178012643344,0.00019068356190686775,4.9572171765916841e-06,0.50011608558680987
39.41708287534005,1392,0.17400580188443934,1.7001744630207316e-11,0.02265359856485637,0.00019760432825425799,5.1374360989649268e-06,0.50011633164302394
39.530330096188607,1396,0.17712946521568698,1.3579771855620759e-11,0.023060264402383103,0.0002047765584434306,5.3242685229743309e-06,0.50011658671574122
39.643576799011164,1400,0.18031184452043275,1.3747730384650048e-11,0.023474574399349152,0.00021220995661119611,5.5178701600972261e-06,0.50011685118348792
39.756822971178302,1404,0.18355452670256409,2.0013744134184108e-11,0.023896735152794609,0.00021991439688739343,5.7185096189664632e-06,0.50011712541415765
39.870068598952813,1408,0.18685702379697672,2.9658558595158091e-11,0.024326683135150469,0.00022789978727789616,5.9264762604996925e-06,0.50011740975186114
39.983313672368432,1412,0.19021936656033361,3.7349045731160935e-11,0.024764422350588369,0.00023617624304903391,6.1420617621052354e-06,0.50011770451900506
40.096558181937588,1416,0.19364284478137728,3.8183853648399158e-11,0.025210120715097831,0.00024475430460820598,6.3655251804657145e-06,0.50011801003072021
40.209802116918027,1420,0.19712904406926446,3.0412675849911253e-11,0.02566398465715956,0.00025364496203234509,6.5971019658823527e-06,0.50011832662210176
40.323045461599492,1424,0.20067898343946505,1.7393782594798957e-11,0.026126146841128066,0.0002628595815156741,6.837092919970895e-06,0.50011865467819838
40.436288202075438,1428,0.20429345060346518,5.7238033757123219e-12,0.02659670981818036,0.00027240988518384797,7.0858545271444268e-06,0.50011899464441434
40.549530322560983,1432,0.20797356784410934,6.7782758572665358e-13,0.027075819696921796,0.00028230797376702755,7.3436464448663468e-06,0.50011934700659688
40.662771811962983,1436,0.21172068687870893,4.6866382302779286e-12,0.027563652455745123,0.00029256633976154422,7.6108101197256836e-06,0.50011971225445306
40.776012659138139,1440,0.21553612936162911,1.5067398717594216e-11,0.028060380159185577,0.00030319786813856782,7.8877313341929586e-06,0.50012009085190401
40.889252849809751,1444,0.21942119238027247,2.8435880386479262e-11,0.028566171673436152,0.0003142158469120166,8.1747751062909577e-06,0.50012048323042146
41.002492367020324,1448,0.22337698253541113,4.1459233615648294e-11,0.02908117106547272,0.00032563400149154278,8.4723105025205385e-06,0.50012088980700975
41.115731193824928,1452,0.22740452794839136,5.114754453305892e-11,0.02960551218513249,0.00033746655212961928,8.7806390113286983e-06,0.500121311015717
41.228969313584358,1456,0.2315049133521504,5.5572938612025169e-11,0.030139336252445158,0.00034972827237463126,9.1001036696330919e-06,0.50012174733682691
41.342206713455532,1460,0.23567915563287709,5.4346168190666511e-11,0.030682775654556779,0.00036243452448153808,9.4311286764077655e-06,0.50012219931205892
41.455443379585496,1464,0.23992823382579292,4.8475076383502902e-11,0.031235957850843123,0.00037560126816639278,9.7741581637043286e-06,0.50012266754186208
41.568679291832787,1468,0.24425325885380314,3.9071522059397346e-11,0.031799027470973198,0.00038924506684819807,1.0129664901052098e-05,0.5001231526679194
41.681914433725872,1472,0.2486554319581975,2.7616893147341948e-11,0.032372140903053966,0.00040338311573217341,1.0498108670226531e-05,0.50012365534979975
41.795148784339041,1476,0.25313602642831656,1.635520018028469e-11,0.032955463915038369,0.0004180332867701436,1.0879910322863208e-05,0.50012417624770644
41.908382326931843,1480,0.25769645678545783,6.7235323211733977e-12,0.033549180661691873,0.00043321417664027203,1.1275615013845216e-05,0.50012471602102027
42.021615046882673,1484,0.26233821613510278,-7.2770955927836667e-13,0.034153485528556939,0.0004489451403521338,1.1685773780795344e-05,0.50012527534298146
42.134846926518115,1488,0.26706275397888157,-5.8137904213051428e-12,0.034768567224444963,0.00046524630944561746,1.211088478103674e-05,0.50012585492113404
42.24807794395997,1492,0.27187151203469995,-8.1576655153181576e-12,0.035394613444813955,0.00048213860509954795,1.2551508048414472e-05,0.50012645550861079
42.361308081682417,1496,0.27676600024625336,-7.4609155659155491e-12,0.036031820767352479,0.00049964375656257282,1.300818378150807e-05,0.50012707789942867
42.474537315748975,1500,0.28174775038645128,-3.8041219480033917e-12,0.036680388611667288,0.0005177843189178332,1.3481484908633694e-05,0.50012772291612595
42.587765628766753,1504,0.28681827817380756,2.3218111461220658e-12,0.037340514307263366,0.00053658369085259441,1.3972082191675738e-05,0.50012839140382426
42.700993003899512,1508,0.29197914622032478,1.0010454271069946e-11,0.03801240128865057,0.00055606612588079572,1.4480703303814968e-05,0.50012908423299629
42.81421941669695,1512,0.29723199872322309,1.8021206055207628e-11,0.038696263611816592,0.00057625674767138881,1.5007987271428586e-05,0.50012980230235904
42.92744484696231,1516,0.30257853394695722,2.5517881210856963e-11,0.039392322371695036,0.00059718157417205497,1.5554561923788903e-05,0.50013054653771716
43.040669273402756,1520,0.30802049363320649,3.228053935266928e-11,0.040100804323465217,0.00061886753879372279,1.612108778155654e-05,0.50013131789063114
43.153892670162158,1524,0.31355968794522371,3.8272562202790184e-11,0.04082194513002585,0.00064134250901399538,1.670829615981369e-05,0.50013211733987351
43.267115018659872,1528,0.31919800763347078,4.3367268109939516e-11,0.041555990945824003,0.00066463530640133682,1.7316920596543063e-05,0.50013294589457691
43.380336297372885,1532,0.32493740340092292,4.7357763544031428e-11,0.042303195730449772,0.0006887757231859692,1.7947725985262479e-05,0.50013380459880175
43.493556478246298,1536,0.33077987935420272,5.0100139314945835e-11,0.043063820396047559,0.00071379454757492227,1.8601571094178008e-05,0.50013469453734627
43.606775541396949,1540,0.33672748933693258,5.1417365157235828e-11,0.043838132329959825,0.00073972360132421001,1.9279307252704876e-05,0.50013561683873853
43.719993459968421,1544,0.34278231963494143,5.1380691368230202e-11,0.044626403143139468,0.00076659577271831762,1.9981779822763303e-05,0.50013657267316425
43.833210207267022,1548,0.34894647144038327,5.023275545523731e-11,0.045428906387175269,0.00079444505580932522,2.0709913138754651e-05,0.50013756325014314
43.94642576211551,1552,0.35522206132234524,4.8186375029013462e-11,0.046245917615559795,0.00082330659521213912,2.1464668855357869e-05,0.50013858981933978
44.059640094486831,1556,0.36161122009400321,4.5347973640086359e-11,0.047077714236205777,0.00085321673637476548,2.2246989423420463e-05,0.50013965367257862
44.172853176391676,1560,0.36811607955490994,4.19913513682868e-11,0.047924573785441113,0.00088421308240775381,2.3057807180830886e-05,0.50014075614554299
44.286064984717363,1564,0.37473876123087446,3.8636552290860493e-11,0.048786772462067807,0.00091633454959417614,2.3898115830678024e-05,0.50014189862027436
44.39927548576572,1568,0.38148137548461247,3.5789309016376336e-11,0.049664585011578659,0.00094962142439980837,2.4768981700827631e-05,0.50014308252840012
44.512484651667108,1572,0.38834602064572338,3.3715110564491724e-11,0.050558284612890032,0.00098411544141613133,2.5671486304278898e-05,0.50014430935402077
44.625692456178598,1576,0.39533478933107258,3.2397588084487339e-11,0.051468143701184597,0.0010198598557725062,2.6606769623550974e-05,0.50014558063573311
44.73889886228271,1580,0.40244978318903024,3.1673531852849379e-11,0.052394435887445343,0.001056899513285595,2.7576040897550102e-05,0.5001468979690924
44.852103842426132,1584,0.40969312092959131,3.1493582047792401e-11,0.053337437003886955,0.0010952809370670582,2.8580514058680694e-05,0.50014826300912363
44.965307366899737,1588,0.41706694016788387,3.198600412313013e-11,0.054297425343959843,0.0011350524059599589,2.9621441324934212e-05,0.50014967747077088
45.078509396443621,1592,0.42457340694229562,3.3306473898320199e-11,0.055274682901503169,0.0011762640328342067,3.0700254986279718e-05,0.50015114312842346
45.191709902221966,1596,0.43221473396834253,3.5511791424136518e-11,0.056269497747193295,0.0012189678542894758,3.1818421699279675e-05,0.50015266181508533
45.304908849747648,1600,0.4399931875732917,3.8492358606090349e-11,0.057282164931353644,0.0012632179104917728,3.2977258416136396e-05,0.5001542354175138
45.418106194615667,1604,0.44791109064909729,4.202171943745725e-11,0.058312986868393785,0.0013090703258878985,3.4178224301289345e-05,0.50015586586515115
45.531301903497365,1608,0.45597083384222892,4.595719291233813e-11,0.059362274793599255,0.0013565833996033575,3.5422837003372652e-05,0.50015755511173665
45.644495934345528,1612,0.46417488890131475,5.0268744028469925e-11,0.060430350500844561,0.0014058176789515855,3.6712742853951506e-05,0.50015930510307904
45.757688247213288,1616,0.47252580957436774,5.4923267323037095e-11,0.061517546459401967,0.0014568360460419075,3.8049604181524046e-05,0.50016111771797034
45.870878813615192,1620,0.48102622320793553,5.9726928264280943e-11,0.062624204720245269,0.0015097038007830309,3.9435199703184386e-05,0.50016299466593439
45.984067597788624,1624,0.4896788318830857,6.4359085769072344e-11,0.063750677063942288,0.0015644887232391458,4.0871422576123686e-05,0.50016493732850076
46.097254562233189,1628,0.49848642333665583,6.8559321414474184e-11,0.06489732642247889,0.001621261142704675,4.2360083706521851e-05,0.50016694652179683
46.210439676262098,1632,0.50745187294791883,7.2216843616246251e-11,0.066064527137900328,0.0016800940166888749,4.3902989420418481e-05,0.50016902212967262
46.323622892976843,1636,0.5165781271610238,7.5344414735001308e-11,0.067252662804099611,0.0017410630071982721,4.5502069115843371e-05,0.50017116254209526
46.436804176793515,1640,0.52586818799636781,7.7957969940589678e-11,0.068462124250372208,0.0018042465828396808,4.7159861164706284e-05,0.50017336390310718
46.549983490862047,1644,0.53532510748239348,8.0025652771098521e-11,0.069693308816498753,0.0018697260653869944,4.888019642541156e-05,0.50017561941364774
46.663160780401057,1648,0.5449519944694412,8.1451435873791667e-11,0.07094662123983192,0.0019375856159284182,5.0668016496460451e-05,0.50017791938907541
46.77633599877641,1652,0.55475202222623166,8.2161964731763959e-11,0.072222474644273116,0.0020079122352008351,5.2527693554800139e-05,0.50018025318100268
46.889509097238829,1656,0.56472842036465498,8.2206227935976983e-11,0.073521289488970729,0.00208079584720554,5.446087052426568e-05,0.50018261382295592
47.002680022514127,1660,0.57488446243072455,8.1683250441333399e-11,0.07484349195280196,0.0021563295666469215,5.6465760744686655e-05,0.50018500486864093
47.115848735593055,1664,0.58522346109560908,8.0674536495628502e-11,0.07618951330829922,0.0022346100581292329,5.8538103898026854e-05,0.50018744682544825
47.229015194321391,1668,0.59574876690119227,7.9287923449022912e-11,0.07755978975833612,0.0023157377072381309,6.067309115405746e-05,0.50018997935942378
47.342179337755823,1672,0.60646376705341665,7.7681902577175777e-11,0.078954762279034418,0.002399816487890978,6.2868908789726478e-05,0.50019265640007404
47.455341118613653,1676,0.61737188588731107,7.6074355148669781e-11,0.080374876680305379,0.0024869537106310007,6.5129551196922136e-05,0.5001955342823784
47.568500474932861,1680,0.62847658393912975,7.4646976100378737e-11,0.081820583485052667,0.0025772599279371175,6.7464114256344515e-05,0.50019865664926577
47.681657355419951,1684,0.63978137071616648,7.3498110375602721e-11,0.083292339591658604,0.0026708493613558258,6.9884420081172956e-05,0.50020204211972019
47.794811715449299,1688,0.65128981434182065,7.2696303837771481e-11,0.084790609529663261,0.0027678405773090748,7.2402096937253555e-05,0.5002056801403697
47.907963504592459,1692,0.6630055406422628,7.2285278457373536e-11,0.086315865340858597,0.0028683567160954593,7.5028291233059154e-05,0.50020953678373981
48.021112653147092,1696,0.67493222294175481,7.2293053487992864e-11,0.087868585250753931,0.0029725249560496611,7.7770360630468544e-05,0.50021356751934698
48.134259104080748,1700,0.6870735804489414,7.2737049022775224e-11,0.08944925345848917,0.0030804758889786702,8.0628139384038966e-05,0.50021773116321955
48.247402784635781,1704,0.69943338411807221,7.365733717401568e-11,0.091058360899900104,0.0031923435781715985,8.3595949031351282e-05,0.50022199971180459
48.360543642364448,1708,0.71201547676688148,7.5141132899192442e-11,0.092696407866640032,0.0033082665531070938,8.6668785353834175e-05,0.50022636163788003
48.473681624724549,1712,0.72482377878705284,7.7259598024737031e-11,0.094363904749618102,0.0034283889989429042,8.9846727247470571e-05,0.50023081944794778
48.586816665636761,1716,0.73786228290852107,7.9973382083320388e-11,0.096061371357370223,0.0035528615147048938,9.3134312866908928e-05,0.50023538432969694
48.699948684532494,1720,0.75113504830141498,8.3090666291862902e-11,0.097789336148198402,0.0036818412414220854,9.6538427905249255e-05,0.50024007091494394
48.813077603875961,1724,0.76464620888655066,8.6337374749501095e-11,0.099548337312103538,0.0038154915894507472,0.00010006529975522784,0.50024489393588922
48.926203351422835,1728,0.77839998549545597,8.9531743130422115e-11,0.10133892435388375,0.0039539818527832664,0.00010372048172587976,0.50024986692091533
49.039325873834599,1732,0.79240068911195949,9.2766822001877358e-11,0.10316165851515292,0.0040974869714846991,0.00010750904033536521,0.50025500209826457
49.152445119499696,1736,0.80665270779412146,9.6383515751918836e-11,0.10501711107172312,0.0042461874931336296,0.00011143566357384905,0.50026031064085152
49.265561019677627,1740,0.82116049587037565,1.0070455580546422e-10,0.10690586192706378,0.0044002697678743362,0.00011550510403431393,0.50026580285604649
49.378673494905179,1744,0.83592857571875578,1.0575455094974373e-10,0.10882849984393698,0.004559926357137584,0.00011972251501103962,0.50027148831345936
49.491782455363158,1748,0.85096154385187628,1.1118020740163992e-10,0.11078562323659348,0.0047253565325838642,0.00012409367315147245,0.50027737599926358
49.60488782590204,1752,0.86626408026823554,1.1643443847964008e-10,0.1127778413882073,0.0048967668260668541,0.00012862461099845149,0.50028347452014132
49.717989538347737,1756,0.8818409476773692,1.2113467867669314e-10,0.11480577434999933,0.0050743714881010243,0.00013332116496733872,0.50028979231233606
49.831087523352068,1760,0.89769698678146037,1.2519259240395542e-10,0.11687005232695608,0.0052583928764392447,0.00013818882600321916,0.50029633781425631
49.944181684178247,1764,0.91383710784030381,1.2880126132319702e-10,0.11897131457968284,0.0054490617668632203,0.00014323334200403145,0.50030311958781315
50.057271925172756,1768,0.93026629152063367,1.3220024727700341e-10,0.12111020953497666,0.0056466177463519781,0.00014846114782874332,0.50031014640141269
50.170358141431009,1772,0.94698959270197625,1.3543945479033148e-10,0.1232873952813055,0.0058513095612720547,0.00015387922851886108,0.5003174272820593
50.283440257765463,1776,0.96401215746398572,1.3836432347091865e-10,0.12550354178036841,0.0060633955711598851,0.00015949512430150068,0.50032497155154065
50.396518199698797,1780,0.98133922685173025,1.4074742413217045e-10,0.12775933135729331,0.0062831440806140684,0.00016531612373287438,0.50033278884630239
50.509591888516482,1784,0.99897613814473196,1.4244686680209284e-10,0.13005545886585179,0.0065108336889597804,0.00017134977671755358,0.5003408891323089
50.622661210357762,1788,1.0169283200949799,1.4347726479124745e-10,0.13239263106850205,0.0067467535397172556,0.00017760384655643137,0.5003492827157372
50.735726055726637,1792,1.0352013034832601,1.4397757985840087e-10,0.13477156801070414,0.0069912036476818089,0.00018408593838748443,0.50035798025855838
50.848786309787634,1796,1.0538007286479736,1.4412873672320359e-10,0.13719300400108753,0.0072444950799701062,0.00019080421298545996,0.50036699279124663
50.961841888810625,1800,1.0727323585977366,1.4409493737099766e-10,0.13965768931856429,0.0075069502056308683,0.00019776761768560064,0.50037633172942486
51.074892708046896,1804,1.0920020758705902,1.4400741710218767e-10,0.14216638980343321,0.0077789027988751612,0.00020498533589573357,0.50038600888461271
51.187938671918559,1808,1.1116158797497997,1.4397900233165117e-10,0.14471988649490861,0.0080606982087976491,0.00021246693489177876,0.50039603647463082
51.300979651126838,1812,1.131579882640354,1.4411390136803703e-10,0.14731897515938083,0.008352693518758109,0.00022022228409438274,0.50040642713068151
51.414015522680501,1816,1.1519003200616618,1.4450283331024494e-10,0.14996446759135335,0.0086552579178224252,0.00022826179923021546,0.50041719391054384
51.527046164608279,1820,1.172583554058064,1.4521440994119672e-10,0.15265719205745282,0.0089687730297657604,0.00023659597610268537,0.50042835031255628
51.640071482747345,1824,1.1936360813066826,1.462985704803188e-10,0.15539799435197996,0.0092936334190375051,0.00024523530924996657,0.50043991029894319
51.753091381378681,1828,1.2150645277844985,1.4780456719654111e-10,0.15818773710262304,0.0096302470240652218,0.00025419054077259625,0.5004518883175334
51.866105739915199,1832,1.2368756422563565,1.4978869533610606e-10,0.16102729892266937,0.0099790356618216832,0.00026347297550514102,0.50046429932393022
51.979114417517586,1836,1.2590762952900261,1.5226060690043397e-10,0.16391757428277726,0.010340435659519864,0.00027309470267051236,0.50047715880572197
52.092117269932153,1840,1.2816734809096377,1.5514968476626478e-10,0.16685947372623489,0.010714898571905513,0.00028307980397963161,0.50049048280870645
52.205114165381254,1844,1.304674318609655,1.5831767841145705e-10,0.16985392413115669,0.01110289194118871,0.00029343422120511908,0.50050428796522661
52.31810499629669,1848,1.3280860561680981,1.6163304722427441e-10,0.17290186907673363,0.011504900081516996,0.00030416906088828619,0.50051859152332323
52.431089652740887,1852,1.3519160655646787,1.6501148364378437e-10,0.17600426831182012,0.011921424751308144,0.00031529788150014271,0.5005334113696428
52.544067980785563,1856,1.376171834069402,1.6845882327976014e-10,0.17916209659477017,0.012352985757610803,0.00032683460213107235,0.50054876604683263
52.657039832949003,1860,1.400860973374364,1.7205243479923027e-10,0.1823763448822949,0.012800121880712747,0.00033879393662278215,0.50056467477952815
52.770005041420298,1864,1.425991211203123,1.7585594785929359e-10,0.1856480192370969,0.013263391481048124,0.00035119133276250233,0.50058115748716059
52.882963461573169,1868,1.4515703982615087,1.7983377287311697e-10,0.1889781417327874,0.013743373368652377,0.00036404287487432291,0.50059823480795029
52.995914971271155,1872,1.477606507612919,1.8387198014169215e-10,0.1923677503725571,0.014240667504533708,0.00037736567466765557,0.50061592812352207
53.108859443598647,1876,1.5041076282656103,1.8783043176373582e-10,0.19581789825431334,0.014755895545566429,0.00039117687274031662,0.50063425958210706
53.221796694898991,1880,1.5310819520854619,1.9161122688515775e-10,0.19932965186686921,0.015289701227793578,0.00040549417858187331,0.50065325211514933
53.334726569035638,1884,1.558537794239919,1.9517572280580708e-10,0.20290409375151511,0.015842751373811758,0.00042033589667901634,0.50067292947466402
53.447648873096973,1888,1.5864835801558286,1.9851453814112574e-10,0.2065423208040755,0.016415736229472896,0.00043572130958806831,0.50069331624627689
53.560563446497575,1892,1.6149278633071491,2.0162806840806624e-10,0.21024544659066885,0.017009370466533936,0.00045167064808815448,0.50071443788649128
53.673470150927535,1896,1.6438793213810525,2.0454039850736905e-10,0.21401460084857712,0.017624393856388657,0.00046820493738334277,0.5007363207491623
53.786368838903599,1900,1.6733467464955767,2.0730550609471265e-10,0.21785092821269414,0.018261571846436106,0.00048534595663688113,0.50075899210929109
53.899259296729248,1904,1.7033390340937378,2.0998509875358451e-10,0.22175558676966389,0.01892169598630699,0.00050311593420004571,0.50078248018311045
54.012141356235169,1908,1.7338652262346779,2.1261920696291625e-10,0.22572975369390122,0.01960558538379269,0.00052153743104824742,0.50080681418833595
54.125014797765452,1912,1.7649345015527591,2.1522714166444246e-10,0.22977462394037862,0.0203140870386068,0.00054063400177020834,0.50083202436506713
54.237879441636387,1916,1.7965561994893229,2.1784631737409299e-10,0.23389141339932898,0.021048077384216199,0.00056043032704070441,0.50085814202911594
54.350735130868891,1920,1.8287397964416012,2.2053617265704872e-10,0.23808135579110187,0.021808463310751345,0.00058095198338979604,0.50088519959189459
54.463581693742249,1924,1.8614948750435367,2.2334933902357079e-10,0.24234569866687192,0.022596183098462938,0.00060222570051387473,0.50091323057558701
54.576418887721687,1928,1.8948311348581179,2.2625774864781789e-10,0.24668570480066054,0.023412207202187424,0.00062427877530655553,0.50094226964462341
54.689246525922506,1932,1.9287585117888109,2.2923996034762695e-10,0.2511026677353615,0.0242575402832775,0.00064713996288794291,0.50097235270104501
54.802064358985795,1936,1.9632872037169289,2.3248934721831205e-10,0.25559791512043811,0.025133221524494188,0.0006708385140413982,0.50100351690369105
54.914872181307224,1940,1.9984277123828194,2.3642551805203027e-10,0.26017281416438276,0.026040326799106131,0.00069540434529691134,0.50103580072947596
55.027669813249275,1944,2.0341906875857028,2.4120426489471214e-10,0.26482875135128803,0.026979970105224876,0.00072086822341647721,0.50106924401295716
55.140457057546122,1948,2.0705866407465461,2.4618994343139633e-10,0.26956709514995414,0.027953304695361711,0.00074726287955010305,0.50110388799061645
55.253233637991734,1952,2.1076258846862954,2.5022391103579622e-10,0.27438918817369201,0.028961523944980985,0.0007746234388077885,0.50113977533056819
55.365999343937368,1956,2.1453189362892977,2.5232574363265314e-10,0.27929639960257246,0.030005864103938171,0.00080298464442374394,0.50117695021560327
55.478753894478572,1960,2.1836766736926165,2.5262136826853521e-10,0.28429014564770744,0.031087604506106092,0.00083241611285562013,0.50121545833936643
55.591497050810396,1964,2.2227107684989491,2.5317967167204358e-10,0.28937194582051123,0.032208069833053521,0.00086292869080444176,0.50125534698629537
55.704228607977754,1968,2.2624341538317183,2.5676843984356879e-10,0.29454348386820967,0.033368631408545291,0.00089455811694341572,0.5012966650751417
55.816948345225647,1972,2.3028601220002107,2.6491717153298566e-10,0.29980649029998879,0.034570708341268602,0.00092734476233246471,0.5013394631935435
55.929655949096947,1976,2.3440012501950691,2.7710493621935228e-10,0.30516260252462929,0.035815768421221937,0.00096133052673123365,0.50138379363373098
56.042351180297644,1980,2.3858692266052453,2.903401269405137e-10,0.31061334221288922,0.037105331565981212,0.00099655935416529317,0.50142971053570906
56.155033727561559,1984,2.4284754468567873,3.0033731057699242e-10,0.31616019294712672,0.038440969741940466,0.0010330764948073955,0.50147726991259778
56.267703308508736,1988,2.4718318277146363,3.0426579311626512e-10,0.32180470615612317,0.039824309554432911,0.0010709292091497075,0.50152652976013623
56.380359690252909,1992,2.5159510348839347,3.0237083670225928e-10,0.32754853077225166,0.041257034041961883,0.0011101661755420458,0.50157755011700311
56.493002629963925,1996,2.5608462545505097,2.9765379050417096e-10,0.33339338348861725,0.042740883490148651,0.0011508376414050723,0.50163039307370294
56.605631779411617,2000,2.606530912795705,2.9446393934318138e-10,0.33934101223002333,0.044277655710948903,0.001192996190043935,0.50168512275992949
56.718246852512806,2004,2.653018663964458,2.965842432756105e-10,0.34539319463862633,0.045869210014970165,0.0012366967107291817,0.50174180547845604
56.830847522194681,2008,2.7003233614004625,3.0564444031266902e-10,0.35155173426398273,0.047517467813198253,0.0012819952271375876,0.50180050974144796
56.943433442758561,2012,2.7484590716381776,3.2094572832708224e-10,0.35781846241068921,0.049224414907951819,0.0013289498616126934,0.50186130638311466
57.056004350764724,2016,2.7974400536603676,3.3968750035029416e-10,0.36419523543794746,0.050992105072595009,0.0013776203594284666,0.5019242687201847
57.168559978503517,2020,2.8472806401987385,3.5817832033657737e-10,0.37068391930624212,0.052822660820641493,0.0014280683957742426,0.50198947260129878
57.281099961681704,2024,2.8979951749323618,3.7322270274309233e-10,0.37728638140128168,0.054718273812686749,0.0014803583580536661,0.50205699642715584
57.393623940952587,2028,2.9495980906464849,3.8300641824751125e-10,0.38400450070939651,0.056681208509898495,0.0015345570528191269,0.50212692126985958
57.506131582443864,2032,3.002103977221537,3.8726594153715155e-10,0.39084017666894327,0.058713804921410775,0.0015907341837240569,0.50219933094992675
57.618622465665148,2036,3.0555275801819857,3.8705652571913163e-10,0.39779532898138176,0.060818479106732007,0.0016489615933193988,0.50227431203297679
57.731096284915665,2040,3.1098839346162128,3.8428091264641751e-10,0.40487191504613729,0.062997729507218714,0.0017093131139143589,0.50235195404382793
57.843552736455401,2044,3.1651883454104892,3.8113573408438128e-10,0.41207192738728604,0.065254137671571427,0.0017718650947230266,0.50243234950589599
57.955991471434182,2048,3.2214563744719094,3.7948126585529707e-10,0.4193973919901251,0.067590369886677257,0.0018366963399212622,0.50251559401575152
58.068412032518388,2052,3.2787037874475504,3.8045699923827669e-10,0.42685036136460602,0.070009178281004419,0.0019038881314377934,0.50260178628304752
58.180814070265505,2056,3.3369466270771397,3.8449260442163791e-10,0.43443292409502732,0.072513408060567858,0.0019735244058763906,0.50269102839001512
58.293197099128122,2060,3.3962010640134737,3.9151951125582229e-10,0.4421471854185306,0.075105995053764654,0.002045754367860972,0.50278342570095003
58.405560744508819,2064,3.4564835161143943,4.0123582234485866e-10,0.44999528275557443,0.077789974118845515,0.0021206847194826183,0.50287908715572038
58.517904662170146,2068,3.5178106124982982,4.1318723442707039e-10,0.45797938103036562,0.0805684805900726,0.0021983437724570143,0.50297812531729735
58.630228502508814,2072,3.5801991870868264,4.2673201083864853e-10,0.46610167183019041,0.083444752551191839,0.0022788295276834299,0.50308065645350042
58.742531778739369,2076,3.6436662185108792,4.4097664408937476e-10,0.47436436558185313,0.086422130361309732,0.0023622426104969799,0.50318680052385079
58.854814040813082,2080,3.7082289397395103,4.5490958222593747e-10,0.48276970582412543,0.089504063974872691,0.0024486873768131742,0.50329668144498674
58.967074808041062,2084,3.7739048106428523,4.6762865801852627e-10,0.49131996563574776,0.092694114249271001,0.0025382715471360092,0.50341042713987361
59.079313573519883,2088,3.8407115260601472,4.7855844287347793e-10,0.50001744868579623,0.095995956027075169,0.0026311061587385555,0.50352816965077929
59.191529948790077,2092,3.9086671095124421,4.8753073800256175e-10,0.50886450143402151,0.099413385608687677,0.0027273069796902374,0.5036500454111269
59.303723539172722,2096,3.977789844581415,4.9465770368684048e-10,0.51786350419714411,0.1029503205455356,0.0028269935787570443,0.50377619525068307
59.415893929966067,2100,4.0480982620735846,5.0020751429791233e-10,0.52701686947777837,0.10661080234177947,0.0029302893690628315,0.50390676451470862
59.52804053353411,2104,4.1196110335039844,5.0449372457350705e-10,0.53632702809720467,0.11039899425773572,0.003037322389958881,0.50404190299755958
59.640162862914316,2108,4.1923471308059614,5.0784706995266049e-10,0.54579644998778976,0.11431919318718128,0.0031482251956571777,0.50418176537108428
59.752260293096043,2112,4.2663256614574525,5.1065224271340526e-10,0.55542762272828139,0.11837582466225903,0.0032631346553790904,0.50432651101519943
59.864332339876945,2116,4.3415660389579749,5.1333662320907081e-10,0.56522307373799574,0.12257345584213405,0.0033822605894448569,0.50447630449088221
59.976378559441898,2120,4.4180879144628697,5.1631213193736869e-10,0.57518536137636456,0.12691679572174003,0.0035060571396039637,0.50463131555293161
60.088398500995282,2124,4.4959111402050338,5.1997997574382282e-10,0.5853170701808561,0.13141069679608139,0.003634334518021093,0.5047917192165926
60.200391690740346,2128,4.5750557518696446,5.2475029876930535e-10,0.59562080857236244,0.13606015769229737,0.0037672508134979506,0.50495769586327577
60.312357452348451,2132,4.6555418279988094,5.3103088593076109e-10,0.60609919055126593,0.14087031853880982,0.0039049690203066204,0.50512943108428032
60.424295209004377,2136,4.7373896897415904,5.3915891196076871e-10,0.61675486170264626,0.14584647648076787,0.0040476572519361521,0.50530711623972879
60.536204260952452,2140,4.8206197320831521,5.4931023618642882e-10,0.62759047722421324,0.15099407938254922,0.00419548908882314,0.50549094824797336
60.648084079879276,2144,4.9052526355798465,5.6144416893388893e-10,0.63860872949183378,0.15631874250289327,0.0043486442310520079,0.50568113019857797
60.75993416108826,2148,4.9913092601541855,5.7528562469322253e-10,0.64981233423283158,0.16182624590350855,0.0045073081422139548,0.50587787127009154
60.87175399212326,2152,5.0788106209319919,5.903952049468586e-10,0.66120402738025619,0.16752253653179683,0.0046716723531688891,0.50608138680205494
60.983543020256469,2156,5.167777859453448,6.0633095766426948e-10,0.67278656132488512,0.17341372991847767,0.0048419350641194844,0.50629189835336197
61.095300474432854,2160,5.258232089854415,6.2273622369879433e-10,0.68456268488976135,0.17950610344759318,0.005018300528316734,0.50650963347259226
61.207025764688936,2164,5.3501947076632197,6.393318929820424e-10,0.69653518353206245,0.185806120673431,0.0052009791010030407,0.5067348265906676
61.318718176797596,2168,5.4436871377639964,6.5586674979911663e-10,0.7087068465307621,0.19232041827038499,0.0053901875808122701,0.50696771854024358
61.430376998503853,2172,5.5387309275216694,6.7210034759845882e-10,0.72108047911045525,0.19905581583141146,0.00558614946350837,0.50720855684954147
61.542001658752433,2176,5.6353478597837876,6.8782637918651801e-10,0.73365891715292653,0.20601932810840839,0.0057895851979233104,0.50745759615133867
61.653591577713527,2180,5.7335598199965148,7.0291383824638842e-10,0.74644500989714624,0.21321815996186816,0.0060003249157621636,0.50771509797559211
61.765146152990461,2184,5.8333887722537012,7.1733258222295149e-10,0.75944161682112921,0.22065970852627628,0.0062185795113269054,0.50798133075971086
61.876664533976772,2188,5.9348565392970638,7.3110673071141719e-10,0.77265157900043202,0.22835155022125259,0.0064446044238772801,0.50825656927858853
61.988146013698056,2192,6.037985138395733,7.4425871021688295e-10,0.78607776283589292,0.23630146914404065,0.0066786617179642937,0.50854109540204562
62.099589971318082,2196,6.1427967274428221,7.5677958344400054e-10,0.7997230530360111,0.2445174568977688,0.006921020688136487,0.50883519761690543
62.210995634520337,2200,6.2493133721968448,7.6870088072666931e-10,0.81359032231439732,0.25300769679342705,0.0071719636967204105,0.50913916973140294
62.322362169073195,2204,6.3575571137967728,7.8013934201592861e-10,0.82768244017947468,0.26178056997780913,0.0074317898872866802,0.50945331010273254
62.433688931821315,2208,6.4675502079645657,7.9132173036455811e-10,0.842002304075958,0.27084467598806433,0.0077008178661609333,0.50977792197072158
62.544975272765612,2212,6.5793149312046406,8.0249296097179013e-10,0.8565528141542047,0.28020881911731987,0.0079793809017256589,0.51011331407959426
62.65622043462664,2216,6.6928734650428758,8.1384371464210403e-10,0.87133685819943429,0.28988200099117956,0.0082678123903150505,0.51045980372680122
62.767423461949249,2220,6.8082477802431409,8.2547413349232102e-10,0.88635729655802298,0.29987341322526473,0.0085664273974659505,0.51081772180569118
62.878583652225494,2224,6.9254600931742409,8.3743112444523149e-10,0.90161702155134749,0.31019248164887875,0.0088755114219345212,0.51118742020970365
62.989700309960547,2228,7.0445326190634567,8.497703651855204e-10,0.91711892535217121,0.320848851420374,0.0091953231670053523,0.51156927557936216
63.100772616816798,2232,7.1654874212147472,8.626146463797113e-10,0.93286588035454909,0.33185237734807244,0.0095261310528114169,0.5119636885502048
63.211799571366726,2236,7.2883463124401517,8.761195657847054e-10,0.94886072634130558,0.34321311568912538,0.009868234112948784,0.51237107739361298
63.32278043603727,2240,7.4131313186618089,8.9044627227252704e-10,0.96510633083980324,0.35494136484167593,0.01022288438122743,0.51279186894355799
63.433714481031927,2244,7.5398643855650889,9.0572904731800463e-10,0.9816055509314795,0.36704763513700001,0.010589869449689699,0.51322648551745598
63.544600968850759,2248,7.6685673466380742,9.2206109414405546e-10,0.99836122909094704,0.37954264311687436,0.010969594589565172,0.51367533555775091
63.655439154302421,2252,7.7992619085548816,9.3947322143961287e-10,1.0153761912830663,0.39243731167450602,0.011362584776125048,0.51413881074893708
63.766228091081032,2256,7.931969395611322,9.5788488252424031e-10,1.0326532136913422,0.40574274924911374,0.011769334422061231,0.51461728982780941
63.87696683423583,2260,8.0667109483924779,9.7708419133368807e-10,1.0501950485822089,0.41947027421856686,0.012190285714858511,0.51511114919890066
63.987654605185561,2264,8.2035076945424983,9.9676855658259456e-10,1.0680044465373368,0.43363143586175279,0.012625836625750144,0.51562077525888139
64.098290331922769,2268,8.3423801477752413,1.0166259500898889e-09,1.0860840782115764,0.44823794915805104,0.013076375562547591,0.5161465711594827
64.208873089057747,2272,8.4833487090171467,1.0364292757358839e-09,1.1044365995761245,0.46330173621045778,0.013542305651216811,0.51668896260085773
64.319402093381512,2276,8.6264336374928501,1.0560767815803729e-09,1.1230646481541968,0.47883491288392366,0.014024049268743729,0.51724839657646415
64.429876560561212,2280,8.7716548384843591,1.075602162892153e-09,1.1419708153896593,0.49484975824934246,0.014524156001502361,0.5178253364269475
64.540295702519074,2284,8.9190318210702166,1.0950927387121112e-09,1.1611576411451423,0.51135870666993322,0.015041391788741521,0.51842025679254222
64.650658724099046,2288,9.0685836526951249,1.1145986911209604e-09,1.1806276077875169,0.52837434270853123,0.015576117573611216,0.51903363986653794
64.760964823929726,2292,9.2203289138700679,1.1340635097667473e-09,1.2003831342903597,0.54590939715567299,0.016128879052581969,0.51966597294148809
64.871212915045618,2296,9.3742852594338402,1.15334825023794e-09,1.2204265191151382,0.56397669959335217,0.016700230084502866,0.52031774587650659
64.981402005741046,2300,9.5304698890441006,1.172331343113342e-09,1.2407600014638553,0.582589234723073,0.017290742603458645,0.52098945382567785
65.091531276119298,2304,9.6888996270003602,1.191010068346543e-09,1.2613857716711041,0.60176015150863227,0.017900986827313684,0.52168159809864356
65.20159990675586,2308,9.8495906533845279,1.2095546786383693e-09,1.2823059362015905,0.62150272857368871,0.018531534076901481,0.52239468520560528
65.311607076814212,2312,10.012558470376474,1.2282073136304916e-09,1.3035225132647985,0.64183036031694485,0.019182979984244168,0.52312922713398735
65.421551804712834,2316,10.177817628312251,1.2471562671478864e-09,1.3250373971508518,0.66275650972331168,0.019855933033874455,0.52388573881324052
65.531432989472506,2320,10.345381735359062,1.2664015391905536e-09,1.3468523594900847,0.6842946968633411,0.020551042834259577,0.52466473731961449
65.641249815524219,2324,10.515264035782531,1.2857899189810951e-09,1.3689691245369389,0.70645856451766442,0.02126890105684736,0.5254667443493668
65.751001470513387,2328,10.687476956536479,1.3051466574154347e-09,1.3913893101410502,0.72926180858095724,0.022010192922360148,0.52629228451453069
65.860687142593321,2332,10.8620320624931,1.3244103591603107e-09,1.4141144219187218,0.75271815741828196,0.022775577560839307,0.52714188566943865
65.970306026131183,2336,11.038940029498221,1.3437314594355598e-09,1.4371458497450216,0.7768413497289961,0.023565700170042281,0.52801607841276621
66.079857316195373,2340,11.218210594157091,1.3633939532908812e-09,1.4604848612164565,0.80164511465609989,0.02438122613801515,0.52891539395032416
66.189340216367327,2344,11.399852527114783,1.3836729539917769e-09,1.4841325981723819,0.8271431576298276,0.025222838605977269,0.52984036246586053
66.298753938985996,2348,11.583873597643981,1.4047143448436827e-09,1.5080900720847294,0.85334914663223715,0.026091250294632082,0.53079151321078433
66.408097707365187,2352,11.770280540696898,1.4265075787278647e-09,1.5323581597685372,0.8802766952696599,0.026987149338394894,0.53176937586522433
66.517370554345632,2356,11.959078674613945,1.4489627275793282e-09,1.556937553611917,0.90793928200521024,0.027911293024597762,0.53277448046849818
66.626571540683599,2360,12.150272218806142,1.4720031860093741e-09,1.5818288029347334,0.93635027187445208,0.028864363123079249,0.53380735366671783
66.735699915470832,2364,12.343864533710084,1.4956113014719108e-09,1.6070323452280397,0.96552294352011647,0.029847059729923835,0.53486851777942335
66.844754951589437,2368,12.539857802908276,1.5198375891145588e-09,1.6325484647697222,0.99547043092672505,0.030860083885905599,0.53595848957833181
66.953735935132443,2372,12.738252982194952,1.5447474410734685e-09,1.6583772859934414,1.0262057050019502,0.03190425849536032,0.53707778314169963
67.062642169927344,2376,12.939049773820198,1.5703464084637631e-09,1.6845187701355067,1.0577415424386294,0.032980410555536292,0.53822691314031734
67.171472969638131,2380,13.142246567208815,1.5965744282198102e-09,1.7109727075171397,1.0900904785408891,0.034091974735984375,0.53940638445127809
67.280227652765632,2384,13.347840377121727,1.6232875044153161e-09,1.737738709493784,1.1232647904258162,0.035238952381183401,0.54061669023124292
67.38890557554852,2388,13.555826858573234,1.650292236199391e-09,1.7648162103971645,1.1572764906663955,0.036420197911595266,0.54185831441449317
67.497506115552895,2392,13.766200243126789,1.6774002187247561e-09,1.7922044592417141,1.1921373032502829,0.037636391195134906,0.54313173382519986
67.606028661952791,2396,13.978953286115406,1.7044452516046249e-09,1.8199025128532629,1.2278586237148044,0.038888390371995527,0.5444374215142711
67.714472499881779,2400,14.194076992699518,1.7313226408077753e-09,1.8479092002048543,1.2644514106675269,0.040176979397648173,0.54577583072606084
67.822837014438349,2404,14.411560969096513,1.757962220239051e-09,1.8762231681428785,1.3019262423598279,0.041502445599155474,0.54714739859653194
67.931121590894705,2408,14.631393193257587,1.7843523325566935e-09,1.9048428515317795,1.3402932710124542,0.042865675779094004,0.54855254914995677
68.03932571497424,2412,14.853560175750209,1.8105361654363605e-09,1.9337664941991417,1.3795622403536147,0.044267279090374943,0.54999169430872163
68.147448906823087,2416,15.078046792987561,1.8366024256977198e-09,1.9629921272240385,1.4197424095568936,0.045707896466464337,0.5514652344320452
68.255490721656798,2420,15.304836251956649,1.8626358233575502e-09,1.9925175643450299,1.4608424779377578,0.047188506322411387,0.55297354438530766
68.363450706605377,2424,15.533909961067996,1.8887114094923163e-09,2.0223403851462436,1.5028705771745128,0.04870887829071998,0.55451698051331078
68.471328488465247,2428,15.765247670354558,1.9148783669820091e-09,2.0524579533096987,1.5458342934625597,0.050269893794857252,0.55609587860432841
68.579123728959459,2432,15.998827356667302,1.941213634282235e-09,2.0828674016690591,1.5897406318752525,0.051872076975343115,0.55771055715349005
68.686836123365183,2436,16.234625213204083,1.9678306761861108e-09,2.1135656308464132,1.6345959163600416,0.05351575064321392,0.55936131235156605
68.79446540962617,2440,16.472615643141182,1.9948893648091826e-09,2.144549308423171,1.6804057712374583,0.055201939580530907,0.56104841452196663
68.902011320176328,2444,16.712771104761487,2.0225270347395963e-09,2.1758148487774931,1.7271751128340949,0.056929559449575881,0.56277210653506715
69.009473638701849,2448,16.955062212810994,2.05082384407973e-09,2.2073584262797707,1.7749081761887644,0.058699766228494203,0.56453260424307894
69.116851920396584,2452,17.199457097086981,2.0797682465101275e-09,2.2391758917880162,1.8236083116053883,0.060512529262193415,0.56633010152999452
69.224146023346592,2456,17.445922581124663,2.1092846358428119e-09,2.2712629260996113,1.8732781513900485,0.062367786116153283,0.56816476375766745
69.331355880424027,2460,17.694423654969789,2.1392717597379374e-09,2.3036149713122294,1.9239195290746034,0.064277651036897337,0.57003672400771599
69.43848148523378,2464,17.944923442279286,2.1696602292564648e-09,2.3362272265407071,1.9755334852135422,0.066236322651871085,0.57194608211413833
69.545522898410468,2468,18.197383218947095,2.2004320587853954e-09,2.3690946503419203,2.028120227413698,0.068238933874905219,0.57389291568942058
69.652479941531809,2472,18.451761717835627,2.2315911341053152e-09,2.4022118701986388,2.0816788891825748,0.070285775538677528,0.5758772679831542
69.759352500684628,2476,18.70801579754681,2.2630934903844491e-09,2.4355732695859946,2.1362076776712975,0.072376780277968567,0.57789913958048744
69.866140289941455,2480,18.966099805496079,2.294880063757887e-09,2.4691729050508782,2.1917037491434366,0.074509905424241338,0.57995848790377869
69.97284352382232,2484,19.225967185403359,2.3268673654541772e-09,2.5030047154891886,2.2481635576165218,0.076686991831444298,0.58205524684502485
70.079462477414197,2488,19.487569492162688,2.3590220887825808e-09,2.5370623938929349,2.3055825284391434,0.078907410435723635,0.5841893255557592
70.185997526560755,2492,19.750856556203455,2.3913298008437778e-09,2.5713394087482229,2.3639551182524925,0.081189182487545447,0.58636058566053884
70.292449039571409,2496,20.01577625601735,2.4238324680680989e-09,2.6058289744208194,2.4232747140134459,0.083513860337740206,0.58856884315669789
70.398817538420275,2500,20.282275039684276,2.456548520157753e-09,2.6405241190529645,2.4835337358465099,0.085881476303412987,0.59081388023287174
70.505103430283484,2504,20.550297357723018,2.4895112638034789e-09,2.6754176107269045,2.5447233827764668,0.088290356365411826,0.59309544684399795
70.611306155124382,2508,20.819783375753815,2.5227744337996683e-09,2.7105016596792817,2.6068332307524558,0.090737383272712899,0.59541322199630464
70.717426062010759,2512,21.090673338018856,2.5563311467635685e-09,2.7457684863824325,2.6698522293009499,0.093224856133123049,0.59776685204889668
70.82346386633057,2516,21.362905873045658,2.5902324729543125e-09,2.7812101009608137,2.7337683708039289,0.095747614834630096,0.60015595683069078
70.929420379166217,2520,21.636417135457474,2.6245003947877876e-09,2.8168181914643662,2.7985684994133262,0.098309406528143337,0.60258011727126837
71.035295368642039,2524,21.911137912878281,2.659096498547342e-09,2.8525837472200837,2.8642377326885535,0.10094157540799398,0.60503884184420142
71.141088792297154,2528,22.186997265006912,2.6938231645345923e-09,2.8884975325985365,2.9307601770626635,0.10361417075352734,0.60753158930134721
71.246801588207603,2532,22.463925388645894,2.7282376358073179e-09,2.9245504600084091,2.9981192542446427,0.10631706300997058,0.61005781292529648
71.352434806184291,2536,22.741852250670313,2.7618236586590683e-09,2.9607334119244193,3.0662972485196405,0.10905466476193587,0.61261691177842192
71.457989585073946,2540,23.020708042447442,2.7942643754386154e-09,2.9970373000476416,3.1352754093202289,0.11181612111260551,0.61520824316592781
71.563466712317492,2544,23.300421848351831,2.8257012285592964e-09,3.0334528919611476,3.2050337363413313,0.11460090800949066,0.61783110725790269
71.668865600846431,2548,23.580918192176654,2.8568170051812558e-09,3.0699703615116025,3.2755499872319405,0.11745555118113657,0.62048474345157001
71.774187359107302,2552,23.862124033001933,2.8886519842785674e-09,3.1065801995926305,3.3468018023716599,0.12035340783648661,0.62316836369178297
71.879433166017236,2556,24.143963429584005,2.9221884911834195e-09,3.1432725195083298,3.4187658138320267,0.12327543692776462,0.62588114335523926
71.984602959299934,2560,24.426353590102639,2.9577957860738024e-09,3.180036542694769,3.4914168040986677,0.12621119735568606,0.62862218683886451
72.089697262816017,2564,24.709210081681963,2.9948812318991713e-09,3.2168612769410281,3.5647287314343723,0.12916180005846342,0.63139057369540097
72.194717600643187,2568,24.992448751616603,3.0320073118872415e-09,3.2537357665112348,3.6386750195533599,0.13212369090598192,0.63418534803068927
72.299665669509807,2572,25.27598451412846,3.0673976691986127e-09,3.2906489341939409,3.7132282474772476,0.13515269859625414,0.63700552366278551
72.404542430699209,2576,25.559729771354288,3.0996345490308386e-09,3.3275893757324631,3.7883594949908272,0.13821577339424029,0.63985006016090407
72.509347493146052,2580,25.843593178869316,3.1282778589769578e-09,3.3645451991099407,3.8640378107429867,0.14127649565763384,0.64271782866380189
72.614082449806745,2584,26.127488572151265,3.1541698142234509e-09,3.4015051866745645,3.9402325292233042,0.1443393579754097,0.64560771176186893
72.718747620721572,2588,26.411325573680408,3.179365659633504e-09,3.4384575722896371,4.0169111419046075,0.14739367000617834,0.6485185187611695
72.823344197737697,2592,26.695014848507505,3.2065385902058097e-09,3.4753907255494134,4.0940408404735713,0.1505305813205669,0.65144904563190065
72.927873372164655,2596,26.97846567611456,3.237980550352404e-09,3.5122928356626781,4.1715878851920003,0.15369509597500333,0.65439804351797493
73.032337353547931,2600,27.261589060334163,3.2746332312427739e-09,3.5491523163292711,4.2495184189859003,0.15684347882953389,0.65736426269662818
73.136736822784002,2604,27.544291234967151,3.3155691525621478e-09,3.5859569602445398,4.3277965939926331,0.1599784129344527,0.66034636726696083
73.241072273716526,2608,27.826477427262077,3.3582725489367249e-09,3.6226944290620455,4.4063855877533644,0.16308573415861055,0.66334298168364381
73.345344331969386,2612,28.108052458600689,3.3995233295058824e-09,3.6593523315960539,4.485247875685066,0.16616188887001443,0.66635270541023583
73.44955420697687,2616,28.388921603134804,3.4366445245126442e-09,3.6959183356064034,4.5643457025380547,0.16935178875618495,0.66937412277382646
73.553703959586244,2620,28.668991382870665,3.4686313821197245e-09,3.7323802713095442,4.6436413110737309,0.17253659466945009,0.67240580490681612
73.657795286240685,2624,28.948166835682379,3.496388290002983e-09,3.7687257757046142,4.7230959355343378,0.17568625140087879,0.67544628786946748
73.761829170998155,2628,29.226351050657435,3.522182989712519e-09,3.8049422320806485,4.8026696683936256,0.17878989081279742,0.67849406701088844
73.86580689652267,2632,29.50344771795617,3.5486753535707294e-09,3.8410171019796069,4.8823223390397521,0.18189074649282638,0.68154761103001316
73.969728037677413,2636,29.779355380589497,3.5778253693052875e-09,3.8769371768424796,4.9620120072373437,0.18507110372035968,0.68460531945225001
74.073594750412497,2640,30.053978790358066,3.6103675604692853e-09,3.9126900564248559,5.0416982098442382,0.18819480907764186,0.6876656520158857
74.17740984532351,2644,30.327224153224783,3.645809876218209e-09,3.9482635297978992,5.1213405819833824,0.19125490280060506,0.69072706040250242
74.281174642089596,2648,30.598994049554488,3.6829412852767973e-09,3.983644914020676,5.2008973432096548,0.19423960554232225,0.69378793057762966
74.384889924037211,2652,30.869190022177726,3.7204868075235709e-09,4.0188213910769575,5.2803259805134086,0.1973050816750897,0.69684663341898367
74.488556634250386,2656,31.137713964127236,3.757550715022262e-09,4.0537801885428992,5.3595838540867398,0.20041345956990916,0.69990152707855002
74.592170370201828,2660,31.404453702234388,3.7939222874427969e-09,4.0885067027334285,5.4386241278061505,0.20344082233533201,0.70295078832290858
74.695730050027336,2664,31.669306083116005,3.8299301508004646e-09,4.1229875042381003,5.5174024285018,0.20638032337441528,0.70599268709948071
74.799243106559942,2668,31.93219057841312,3.8660785683930499e-09,4.1572121091701861,5.5958807818208083,0.20921669735175255,0.70902575240842169
74.902723572849908,2672,32.193043737830081,3.9027212572761982e-09,4.1911722570147427,5.6740260868984187,0.21212829458417778,0.71204868606017113
75.006171704949679,2676,32.451767043120128,3.9398202478224675e-09,4.2248551218039641,5.7517948341132064,0.21510210580702929,0.71505977767244977
75.109579193557479,2680,32.70824084815419,3.9767753534647454e-09,4.2582451269573633,5.8291372726072312,0.21796649864936737,0.71805707700471155
75.212950077936597,2684,32.962377139367277,4.0125647249311669e-09,4.2913308140985666,5.9060130349148316,0.22071594687712409,0.7210389943408253
75.316286409707644,2688,33.214084335793665,4.0459999794961732e-09,4.3241002604157401,5.9823804605272155,0.22332790081864723,0.72400387462622595
75.419587747780284,2692,33.463266416294715,4.0760870234635149e-09,4.356540965036471,6.0581963291131018,0.22612602080827868,0.72695000203391924
75.522855421818605,2696,33.709832486979465,4.1023933139427982e-09,4.3886410945983334,6.1334190852796935,0.22887680945210834,0.72987573234482694
75.626090927451813,2700,33.95369238347967,4.1253185312228879e-09,4.4203889107145562,6.2080076535082318,0.23150784168426441,0.73277941916454592
75.729297904749572,2704,34.194761913530634,4.1460048727515186e-09,4.4517734524990882,6.2819229385357538,0.23398327973990848,0.73565948161590966
75.832477623623163,2708,34.432953153626286,4.1661070149245916e-09,4.4827832733002113,6.3551245625082,0.23645549900115842,0.73851430235408433
75.935630279619403,2712,34.66817781138657,4.1872760814243293e-09,4.5134068784429644,6.427571968292682,0.23903685777086295,0.74134224712448593
76.038755820251382,2716,34.900348462967116,4.2107177744554747e-09,4.5436328863259643,6.499225010528038,0.24148049906196717,0.74414168532017155
76.141857233705011,2720,35.129385427471782,4.2369203701042579e-09,4.5734509233926124,6.5700462847068319,0.24378953541588821,0.74691109152134294
76.244934601741662,2724,35.355203900619202,4.2655565746230195e-09,4.6028499490791681,6.6399971179743176,0.24589814858247122,0.74964889086147701
76.347988989314942,2728,35.577723577956519,4.2958125945347092e-09,4.6318195086489622,6.7090402952530068,0.24832251000597938,0.75235355340935772
76.4510256413175,2732,35.796875389111911,4.3267212035402736e-09,4.6603506099163354,6.777142091713781,0.25056959817484964,0.75502367665308001
76.554048661991033,2736,36.012589184225163,4.3574750474562052e-09,4.6884341201583828,6.8442687034793801,0.25264889749728275,0.75765785895134452
76.657056327855301,2740,36.224784112283004,4.387587071441601e-09,4.7160595134824126,6.9103833642186512,0.25453307584441331,0.76025458503272558
76.760050040328608,2744,36.433387868182734,4.4168642077124787e-09,4.7432173765771859,6.975452322584025,0.25661543980932711,0.76281244258581304
76.863029161133809,2748,36.638326566396316,4.4452265202110652e-09,4.7698980903778549,7.0394414757113069,0.25865754945318659,0.76532999999862228
76.965992973944907,2752,36.839528926550095,4.4725286807434372e-09,4.7960923749813791,7.1023177942713112,0.26047602072703557,0.76780587299249037
77.068941853415495,2756,37.036928354340752,4.4985590808011011e-09,4.8217915605583732,7.1640500438032602,0.2621010836702487,0.77023873683986366
77.171880853573114,2760,37.230469158063428,4.5230520440142641e-09,4.8469883966751652,7.2246107978360588,0.26385133708773628,0.77262741361471443
77.274812111428673,2764,37.420091943207503,4.5458956599020439e-09,4.8716751508344123,7.2839719353726364,0.26565822759091423,0.77497069257815665
77.377739303445878,2768,37.605742582117479,4.5672128301532666e-09,4.8958447762240809,7.3421073085010038,0.26721017508855582,0.7772674458228408
77.480669230831083,2772,37.787374780470145,4.5873437271026773e-09,4.9194912458439051,7.3989934719793169,0.2685190951515799,0.7795166441688457
77.583596592981038,2776,37.964923456028174,4.6067668568738895e-09,4.9426060867184916,7.4546013937018927,0.26997461635794079,0.78171702302877022
77.686520817338248,2780,38.138334882329474,4.6259343022825306e-09,4.9651823042666727,7.5089060982821936,0.27152133981106258,0.7838674775473351
77.789444902390372,2784,38.307563868719157,4.6450850943458022e-09,4.9872140151733895,7.5618857077634383,0.27277063853248928,0.78596702847945787
77.892367580832456,2788,38.472560747903977,4.6641378537159994e-09,5.008694753315611,7.6135174001635901,0.27369978674712958,0.78801464908855245
77.995286709040357,2792,38.633277804225756,4.6827031141560838e-09,5.0296183066512459,7.6637792434421659,0.27493175377058349,0.79000933897886516
78.09820831848144,2796,38.789683417170806,4.7002568503984321e-09,5.0499805585450108,7.7126546442799953,0.27617846803272378,0.7919503147312994
78.201138054811409,2800,38.941747451353436,4.716310231245302e-09,5.0697775857085858,7.7601278568634564,0.2770924311813186,0.79383683912276426
78.304075834494995,2804,39.089433292605776,4.7306842887451239e-09,5.0890046213890718,7.8061817057889105,0.27760750568227105,0.79566811679331872
78.407021875155166,2808,39.232707274773446,4.7436634620368068e-09,5.107657282631771,7.8508005139726844,0.27870843653601085,0.79744341053896106
78.509970362742848,2812,39.37153084519057,4.7559903793015224e-09,5.1257305503131452,7.8939675146154462,0.27958892841216593,0.79916194371049243
78.6129200294897,2816,39.505876079874142,4.7686542492542117e-09,5.1432207890446344,7.9356695644674282,0.28010842340087633,0.80082308587422835
78.715880013812679,2820,39.635731686482842,4.7826065885381297e-09,5.160126528690391,7.9758989823748312,0.28041877022580713,0.80242642807556785
78.818847057508393,2824,39.761072518034162,4.7984165529868505e-09,5.1764444953960904,8.0146443808404211,0.28127330467761591,0.80397140366407338
78.921821000482296,2828,39.881879899641397,4.8161106769306627e-09,5.1921722579014995,8.051897137939509,0.2817445978031034,0.80545755711157874
79.024812184883089,2832,39.998149955004877,4.8351475046004566e-09,5.207309311555993,8.0876536395717693,0.28178701995599298,0.80688463230087215
79.127831143615182,2836,40.109881138862846,4.8546926478820751e-09,5.2218554551838681,8.1219110562244126,0.28212224214256026,0.80825240634971085
79.230869624747498,2840,40.217054447930856,4.8739083324811361e-09,5.2358082147711968,8.1546614418924239,0.28256985378961708,0.80956044487321854
79.333923181219333,2844,40.31965863485496,4.892199367834138e-09,5.2491661260389826,8.1858998475234035,0.28258307649308317,0.81080842487393157
79.436995256401957,2848,40.417692859000866,4.9092884757406807e-09,5.2619290795460918,8.2156251557337203,0.28222845116575912,0.81199617807856206
79.54008828503305,2852,40.511157845648036,4.925104546416037e-09,5.2740971697157564,8.2438371008142894,0.28259209717036876,0.81312356907379413
79.643202245994047,2856,40.600056032194317,4.9395689205589122e-09,5.2856707138697647,8.2705359948653232,0.28254680385526326,0.81419047845817227
79.746333109839725,2860,40.684390173028277,4.9524731537964328e-09,5.2966500705985329,8.2957224815328203,0.28198418048750301,0.81519679908701081
79.849483626211409,2864,40.764171033939036,4.9634455989711057e-09,5.307036641486734,8.3194002359394794,0.28190883016644852,0.81614254375689343
79.952655363231116,2868,40.839410246862954,4.9722507500238322e-09,5.3168319408816709,8.3415739206645227,0.28178794760203485,0.81702776791428677
80.055851829077369,2872,40.910123501926527,4.978904011299079e-09,5.3260380114613657,8.3622497505378579,0.28115427369098811,0.81785258946147377
80.159075128083629,2876,40.976328972667126,4.983747664555338e-09,5.3346572192160062,8.3814346545731198,0.28057053320613667,0.81861715909845656
80.262321411107564,2880,41.038044336878684,4.9873631058350298e-09,5.3426918655955626,8.3991356679528053,0.28031041967207149,0.81932163720220741
80.365589212468336,2884,41.095291085081875,4.9903229881742561e-09,5.350144748424146,8.4153615428374913,0.27959022510451692,0.81996625076014118
80.468881575489576,2888,41.148095127275518,4.9930135304077083e-09,5.3570192408922246,8.4301227052118026,0.27858461449590433,0.82055130591879966
80.572200215432403,2892,41.196484222726355,4.9955592440475982e-09,5.3633189569441511,8.4434302421117557,0.27818489490698567,0.82107713841145358
80.675542109773815,2896,41.240487583834444,4.997983360510716e-09,5.369047699705896,8.4552957435677918,0.27736802179325493,0.82154411333063404
80.778899750746035,2900,41.280136171884578,5.0003520213337538e-09,5.3742094999885532,8.4657313963413756,0.2760866091203823,0.82195262647285128
80.882280969932779,2904,41.315468582606862,5.0028001741253547e-09,5.3788093825221415,8.4747520814977797,0.27544547538971065,0.82230318235130395
80.985696680805717,2908,41.346524388164667,5.005569347904526e-09,5.3828524991573099,8.4823732534410841,0.27448850226323407,0.82259631494838159
81.089145295709386,2912,41.373341183121319,5.0087007319454813e-09,5.3863437442834208,8.4886099084132045,0.27309590540631101,0.82283255258446042
81.192622662596833,2916,41.395959773262014,5.0120138594955677e-09,5.3892884303548119,8.4934779317206264,0.27212427270017708,0.82301246815771678
81.296138379391692,2920,41.414426391033395,5.0149975283630965e-09,5.391692576316113,8.4969947149193938,0.27102459809575835,0.82313669890807839
81.399688174816774,2924,41.428785411286611,5.0170052556808287e-09,5.3935619592739128,8.4991776429867194,0.26951651557375178,0.82320588668724037
81.503271520662068,2928,41.439083119440085,5.0175006371944164e-09,5.39490260506917,8.5000451437230105,0.26826894713404353,0.82322071878046255
81.606882873765827,2932,41.445368333269172,5.0164522535922629e-09,5.3957208692272411,8.499616513093736,0.26699636375782465,0.82318192576502203
81.710522855786408,2936,41.447693996326727,5.0144676189134429e-09,5.3960236444033125,8.4979117674195308,0.26536956770879877,0.82309027606380425
81.814192760158036,2940,41.446115157178255,5.0125217310181824e-09,5.3958180973015457,8.4949514581276873,0.26390608311248209,0.82294656617462081
81.917893523214076,2944,41.440687687066642,5.0116919503295776e-09,5.3951115017294455,8.4907568053115483,0.26244400960475012,0.82275162545888114
82.021626569061624,2948,41.431467957233075,5.0126839346020802e-09,5.3939111965886735,8.4853495106325276,0.26068919228796011,0.82250630383948276
82.125393420704569,2952,41.418514249540856,5.0154603803420628e-09,5.3922247695224028,8.4787516334105355,0.25907166618489469,0.8222114758751653
82.229195025543788,2956,41.401887582756245,5.0193714740132123e-09,5.3900601644877941,8.470985699333518,0.25747841212489703,0.82186803863218816
82.333031224296732,2960,41.381650873327416,5.0233713855263318e-09,5.3874255724988513,8.4620745992367077,0.25561065732339233,0.82147691632018915
82.436897007938938,2964,41.357869040963607,5.0264462592153336e-09,5.384329445371641,8.4520421906309178,0.25378629519439705,0.82103908111100732
82.540792299500495,2968,41.330606528519183,5.0279223007265728e-09,5.3807801728410869,8.440912297620633,0.25207283227617172,0.82055550677077915
82.644718389865801,2972,41.299928570936089,5.0275893448414877e-09,5.3767862477630102,8.4287088775216965,0.25011727681247431,0.82002717954755344
82.748675848259111,2976,41.265902749443676,5.0255473116322946e-09,5.3723564684534644,8.4154562598811022,0.24806728516138815,0.8194551013755218
82.852665190958206,2980,41.228598337743669,5.0220527736399845e-09,5.3674998535693739,8.401178949568882,0.24623710430261966,0.81884028863200087
82.956687637529711,2984,41.188085061177148,5.0173778465278929e-09,5.3622254805660274,8.3859015008708067,0.24421393384763992,0.81818377502014983
83.060743478452565,2988,41.144432834899625,5.011640435981235e-09,5.3565424516104185,8.3696488620477609,0.24205165295824044,0.81748660922202465
83.164832632717506,2992,41.097711949080278,5.004899383820316e-09,5.3504599176921017,8.3524460777036538,0.24000023843963639,0.81674985277490963
83.268955650002567,2996,41.047993816125526,4.997156910491185e-09,5.343987175903302,8.3343181627951886,0.2379260736755478,0.81597457078801972
83.373113110860032,3000,40.995351533238967,4.988440327480248e-09,5.3371337426778869,8.3152902516286886,0.23574966540051118,0.81516184106717626
83.477302813653012,3004,40.939860919584959,4.9788728695432383e-09,5.3299094888184078,8.2953879615047974,0.23352059871363812,0.81431277163112314
83.581521525609745,3008,40.88159878083578,4.9686956771211044e-09,5.3223244135596506,8.2746371026514733,0.23131979887916801,0.81342848349925512
83.68576993491412,3012,40.820639483470764,4.9582815631055155e-09,5.3143881985809118,8.2530629224955518,0.22911172667723712,0.81251007479448667
83.790048148480594,3016,40.757057502135865,4.9479809138830433e-09,5.3061105396435648,8.2306905788702593,0.22687660215722749,0.81155864782267284
83.894355858466639,3020,40.690928318778667,4.9379806910110347e-09,5.2975012636483267,8.2075454500382214,0.22458967634449867,0.8105753188356688
83.99869299926867,3024,40.622328569481212,4.9282871117384275e-09,5.2885703477512447,8.1836526012408228,0.2222629384799342,0.8095611996322748
84.103059796146098,3028,40.551335347056408,4.9186252848443246e-09,5.2793278285695848,8.1590370472981135,0.21999163823361523,0.80851740307589981
84.207456101291598,3032,40.478025869581636,4.9086830156142014e-09,5.2697837590286403,8.1337237166364122,0.21773230021939691,0.80744504456847022
84.3118816927323,3036,40.402476689646235,4.8981485534227431e-09,5.2599481054146455,8.1077372219753627,0.21701130976434382,0.80634523058255814
84.416336546274678,3040,40.324763992384391,4.8869006619156607e-09,5.2498307861753064,8.0811021739772855,0.2176352526423258,0.80521906983116853
84.520820495242475,3044,40.244964134355513,4.8749728698282979e-09,5.2394417420759654,8.053842915042118,0.21840731961939161,0.80406766538954277
84.625333155300737,3048,40.163154048049073,4.8624919646300668e-09,5.2287909888615802,8.0259839516938278,0.21900556900316392,0.80289212784798536
84.729874009810317,3052,40.079411052066824,4.8495960580652309e-09,5.2178885925445879,7.9975493675689719,0.21938863813930556,0.80169355292739375
84.8344426491267,3056,39.993811987732194,4.8364205973427943e-09,5.2067445570011532,7.9685631769796501,0.21998569344517988,0.8004730298658983
84.939038786783513,3060,39.906433142751666,4.8230273108629262e-09,5.1953688140327419,7.9390490783582326,0.22057596155733819,0.7992316452322612
85.043662305765778,3064,39.817350529412323,4.8094772608919811e-09,5.1837712595843097,7.9090305288575102,0.22095455336249437,0.79797047063629789
85.148312998821908,3068,39.726639832346407,4.7958714777251998e-09,5.1719617469438388,7.8785307243253762,0.22114070495830537,0.79669057139643984
85.252990195799399,3072,39.634376865087575,4.7823311977168714e-09,5.159950146180825,7.8475729348652017,0.22172864754218152,0.79539301509736038
85.357692588952332,3076,39.540637772267004,4.7690402737998738e-09,5.1477463704699362,7.8161802256565416,0.22211133999963473,0.79407886350871182
85.462418873731735,3080,39.44549810489319,4.7562793703548323e-09,5.135360255702845,7.7843753347830216,0.22227347153152255,0.79274916501353576
85.567168650027924,3084,39.349031504019422,4.7444070894187007e-09,5.1228013891165354,7.7521807107021123,0.22246981181834907,0.79140495042596271
85.671941687056716,3088,39.251310472936794,4.7338011288644566e-09,5.1100792098241463,7.7196184152413281,0.22286167124958836,0.79004723934320131
85.776737750333353,3092,39.152406854346935,4.7247379342252316e-09,5.0972030709374998,7.6867100963006312,0.2230264652583196,0.78867703372851783
85.88155673339385,3096,39.052392010609836,4.7172685757601585e-09,5.0841822630333375,7.6534772121995891,0.22284555692179447,0.78729532897648935
85.986398602914093,3100,38.951337262979109,4.7110881862266751e-09,5.0710260713368118,7.619941036803759,0.22320558029278137,0.78590310369567107
86.091263144169943,3104,38.849313337062398,4.7054959928516382e-09,5.0577437035266692,7.586122463968004,0.22338539323307546,0.7845013222293844
86.196149991966834,3108,38.74638938651259,4.6995358715662405e-09,5.0443441626308267,7.5520423805910735,0.22321590910319544,0.78309095174646937
86.301058600347375,3112,38.642633003512309,4.6921815322065186e-09,5.0308362483913305,7.5177211208055166,0.22314636441971192,0.78167293413236461
86.405987407437323,3116,38.53811063589751,4.6826238442321255e-09,5.01722861156916,7.4831791104712533,0.22334952118874962,0.78024820508851889
86.510935648914099,3120,38.432885776348357,4.6704768941197017e-09,5.0035295181972446,7.4484367521161126,0.22320798577267209,0.77881770211807433
86.615902877536797,3124,38.327020343655555,4.6558350508263402e-09,4.9897470294058062,7.4135136448461232,0.22279414697877864,0.77738232469740898
86.720888687953988,3128,38.220575490158609,4.6392096830771834e-09,4.9758891065417385,7.3784289300932748,0.22292080644038692,0.77594294273867781
86.825892579184014,3132,38.113612119331613,4.6213521898152976e-09,4.9619636785524586,7.3432019192917934,0.22282259033120394,0.77450043601393381
86.930914085997699,3136,38.006191564631308,4.6030166345190082e-09,4.9479787303642881,7.3078512356251286,0.22244055134283638,0.77305564856760522
87.035953045561257,3140,37.89837459615601,4.5849009033815946e-09,4.9339421735606184,7.2723951798090312,0.22210015593321925,0.77160940413621737
87.141008944674255,3144,37.790221714071173,4.5675045967641381e-09,4.9198618845826143,7.2368521116559199,0.22205617819754647,0.7701625273174133
87.246081450629063,3148,37.681792137536263,4.5512129620561836e-09,4.905745573098871,7.2012399313020019,0.22171378059129263,0.76871581044134496
87.351170326511067,3152,37.573143392814075,4.5362411604799036e-09,4.8916007283818743,7.1655759507473968,0.2210654424592837,0.76727002467602112
87.456275182222669,3156,37.464331671813163,4.5226615785765034e-09,4.8774346659861907,7.129877386462768,0.22089207124794966,0.76582593406240174
87.561380747362747,3160,37.355427160423595,4.5103583090622124e-09,4.8632565233254104,7.0941663643494639,0.22059986386953948,0.76438448292118799
87.666464897535462,3164,37.246505171285939,4.4990300374081471e-09,4.8490761052583808,7.0584670700052943,0.22004195766229256,0.76294669574556895
87.771527912005254,3168,37.137615838803448,4.4882548788649501e-09,4.8348999387206018,7.0227955073663422,0.21932247463416737,0.76151326304483413
87.876570573037213,3172,37.028806648831214,4.4776213847796953e-09,4.8207342058363896,6.9871672037660382,0.2190904935866905,0.76008485183116103
87.981593417871721,3176,36.920123529948143,4.4668242438206107e-09,4.8065848859902109,6.9515974715844351,0.21864360851570716,0.75866211302277098
88.086596326773602,3180,36.811611491906078,4.4556842659915219e-09,4.7924578389455847,6.9161015955009502,0.21789303474677785,0.75724569487299065
88.191579740157323,3184,36.703313672856012,4.4441010871310027e-09,4.7783586808046463,6.8806942670777502,0.21718656526347918,0.75583621162102388
88.296544618047747,3188,36.595271198317292,4.4320029868316624e-09,4.7642927656475216,6.8453897524799681,0.21686239598067764,0.75443424588377095
88.401491287788602,3192,36.487523537311596,4.4193004811177161e-09,4.7502652318969734,6.8102020435754866,0.21616465091420436,0.75304037070391838
88.506419476386171,3196,36.380108376059106,4.4058974246752314e-09,4.7362809858750543,6.7751447992411684,0.21532885263784957,0.75165515468498967
88.611329996538714,3200,36.273060959406443,4.391720320739978e-09,4.7223446160644382,6.7402314136076455,0.21468399277643754,0.75027913747755615
88.7162238674658,3204,36.166416053503035,4.3768710877856165e-09,4.7084606486268061,6.7054747422491507,0.21410562788428297,0.74891282048232521
88.821100852326325,3208,36.060209320706214,4.3616319445050067e-09,4.6946337264000286,6.6708876429901496,0.21337823859892929,0.74755671986730554
88.925960961183691,3212,35.95447552242409,4.3465155918909204e-09,4.6808683749285214,6.6364825853520006,0.21239666211751188,0.74621132595947559
89.030805163268454,3216,35.849246962279686,4.3321275455809882e-09,4.667168799780721,6.6022714570294649,0.21171618695601324,0.74487708688483745
89.13563387997317,3220,35.744554458466439,4.3189729570514146e-09,4.6535390131388361,6.5682657998286551,0.21105208286449662,0.74355444330890008
89.240447223988511,3224,35.640427537754007,4.3072998501259008e-09,4.6399828590562233,6.5344770757895088,0.21017664128413846,0.74224383321443033
89.34524541568166,3228,35.536894809448157,4.296980105067405e-09,4.6265040621427582,6.5009164507167743,0.20920424879936983,0.74094566769489323
89.45002862429061,3232,35.433984478591888,4.2875873962344713e-09,4.6131062943778494,6.467594756039027,0.20831676351937514,0.73966034176271356
89.554797048921259,3236,35.331724357499546,4.2784980003318651e-09,4.5997931766120521,6.4345224200057576,0.20764688420053129,0.73838823557301037
89.659551467385157,3240,35.23014099020611,4.2690528889721691e-09,4.5865681645802105,6.4017093327150274,0.20670988434622845,0.73712969558888486
89.764292154781998,3244,35.129260164014362,4.2586714155135041e-09,4.5734346154991483,6.3691653002098612,0.20564301195628532,0.73588506109113516
89.869018174061409,3248,35.029107328310609,4.2469197047978469e-09,4.5603958425927624,6.3369002078196299,0.20471347208116367,0.73465467534592921
89.97372981376428,3252,34.929705695127012,4.2335690508821244e-09,4.5474548678066009,6.3049231894418458,0.20392314232317862,0.73343884420427752
90.078427995790648,3256,34.831077078126398,4.218627891461324e-09,4.5346145310342516,6.273242929339502,0.20300760871069687,0.73223784841037831
90.183111718356514,3260,34.733243803281951,4.2024836943710397e-09,4.5218777388663485,6.2418681198176404,0.201890541418488,0.73105197395259425
90.28778134276638,3264,34.636225461509966,4.1859227195573112e-09,4.5092470418198776,6.2108070080702635,0.20080681530333275,0.72988147213500809
90.39243720319368,3268,34.540040457834735,4.1700116693021982e-09,4.4967248360220218,6.180067832475471,0.19992710523690618,0.72872659057733946
90.497080446048102,3272,34.444705443720679,4.1558729790835969e-09,4.484313289306189,6.1496575995936222,0.19902115375995399,0.72758754206364673
90.601712304789245,3276,34.350236199709144,4.1443233289584214e-09,4.4720144561213964,6.1195830277467387,0.19794405431527137,0.72646452491605717
90.706332794440769,3280,34.256648940693523,4.1355161517486749e-09,4.4598304474644141,6.0898512861220073,0.19675915402780797,0.72535774467886094
90.810942222130251,3284,34.163958652439433,4.1289136554212291e-09,4.4477632143133983,6.0604689673231702,0.19574234353832007,0.72426738472832086
90.915542086553302,3288,34.072178219920168,4.1234606840134802e-09,4.4358144341469696,6.0314419057167346,0.19478761547862369,0.72319360224839602
91.020133499963364,3292,33.981319874033659,4.1178458420887409e-09,4.4239856992904913,6.0027759431207626,0.19374679561211688,0.72213655473913874
91.124716476892132,3296,33.891396471459188,4.1109062820510189e-09,4.4122786835390233,5.974476664109285,0.19253965425545469,0.72109638762483363
91.229291468386236,3300,33.802420224732003,4.101893269492507e-09,4.4006949768273129,5.9465492504110475,0.19142907685814523,0.72007322775447424
91.333859527513937,3304,33.714402434688189,4.0905241416311355e-09,4.389236050397133,5.9189986616693178,0.19034925387058893,0.71906719405616337
91.438421440974849,3308,33.627353703836839,4.0769854159350416e-09,4.3779032845759316,5.8918295186569036,0.18934411929032585,0.71807839252447181
91.5429770351043,3312,33.541284659322969,4.0618408636561298e-09,4.3666980628984788,5.8650462044533782,0.18814958995722822,0.7171069147093363
91.647526352253891,3316,33.456205693585503,4.0459491312816454e-09,4.3556217383434523,5.8386529069679334,0.18706918472298367,0.71615284274330848
91.752065624673108,3320,33.372130494720238,4.0302510218026555e-09,4.3446760929469903,5.8126542435777315,0.18580666506042018,0.71521627566885082
91.856589841839892,3324,33.289073498789165,4.0156040714833807e-09,4.3338630061220176,5.7870547481501067,0.18474836111504644,0.71429730319916684
91.961098521242391,3328,33.207045132742401,4.002559395033245e-09,4.3231838353401795,5.7618574961187257,0.18357386867235115,0.71339596198274324
92.06559237723171,3332,33.126054464347547,3.9912715354972761e-09,4.3126397611228446,5.7370649676889478,0.18251093109445479,0.71251226032102122
92.170072309584668,3336,33.046110176690732,3.9815595265224601e-09,4.3022319139101777,5.7126792773225263,0.1812658030159828,0.71164619336813506
92.274538943292043,3340,32.967221108276256,3.9731087309036184e-09,4.2919614443760414,5.6887021256849168,0.18011497030815696,0.71079774106578197
92.37899301222356,3344,32.889395869976141,3.9656808947796662e-09,4.2818294735591378,5.6651349328204335,0.17880928380228775,0.70996687227485589
92.48343596046449,3348,32.812642168555158,3.9591405709415994e-09,4.2718370047935705,5.641978614588016,0.17775511108614878,0.70915353150869365
92.587869750844249,3352,32.736966901696519,3.9534646667505058e-09,4.2619849360801227,5.6192336871262132,0.1765097805067064,0.70835765212909141
92.69229635972998,3356,32.662377144369913,3.9485834602004388e-09,4.2522741885002855,5.5969003177886352,0.17541316528980794,0.70757915352201151
92.796717766511691,3360,32.588880940410988,3.9442484833784874e-09,4.2427058092709995,5.5749782925418714,0.17410690111627988,0.70681793990310882
92.901136284975664,3364,32.516487134328884,3.9399801199380136e-09,4.2332809498478916,5.553466923681639,0.17297759351813552,0.70607389556715028
93.005554493150157,3368,32.445204413138114,3.9352092695565943e-09,4.2240007411825582,5.5323652293443928,0.17166744779834556,0.70534689709182397
93.109973556049312,3372,32.3750419398025,3.9295021680985087e-09,4.2148663761898435,5.511672044375107,0.17052542820080008,0.70463680542469076
93.214393890953062,3376,32.306008875883137,3.922659641553139e-09,4.2058790476019734,5.4913860085999602,0.16929540408273533,0.70394347404048752
93.318814951137213,3380,32.238114911893049,3.9148726482807206e-09,4.197040017014765,5.4715053638320192,0.16887692936127172,0.70326674053122484
93.423233457978782,3384,32.17137194098413,3.9065023438311641e-09,4.1883508327828469,5.4520288626664701,0.16930175324785243,0.70260645499966223
93.527650702696178,3388,32.105789783527655,3.8979102168212876e-09,4.1798127734081207,5.4329538412815213,0.17004887614410552,0.70196242104074358
93.632066481045342,3392,32.04137959298896,3.8892237208543179e-09,4.171427290946343,5.4142774055543823,0.17067372908470424,0.70133442739608454
93.736479600380406,3396,31.978152892243223,3.8802814295024746e-09,4.1631958855462781,5.3959965422806011,0.17114662692134491,0.7007222568070538
93.840890653422008,3400,31.9161199976798,3.8707822502814793e-09,4.1551199002858032,5.3781077220665026,0.17148855218697404,0.70012567520704438
93.945302033808716,3404,31.855290582346829,3.8605615371167801e-09,4.1472005944870043,5.3606066716218983,0.17195735055471226,0.69954443205162486
94.04971512433552,3408,31.795675596088273,3.8497691701167014e-09,4.139439393696426,5.3434890435059952,0.17256970523195633,0.69897826788872797
94.154128928158173,3412,31.737287757435297,3.8390134404764353e-09,4.131837953723795,5.3267509145850962,0.1730284720564258,0.69842693388101951
94.258542587047671,3416,31.680139518050407,3.8291704251847136e-09,4.12439789563554,5.3103882075957589,0.17337199755822894,0.69789018118531188
94.362957619306755,3420,31.624241850796075,3.8210176134256812e-09,4.1171206479749562,5.2943961297596456,0.17352095547407828,0.69736773819560338
94.467376325421455,3424,31.569605293848486,3.8148723069397761e-09,4.1100075826940721,5.2787699427524029,0.17404276466463964,0.69685932727661437
94.571800716342793,3428,31.516240538646947,3.8105367750063124e-09,4.1030600916980511,5.2635051563728226,0.17450681759605746,0.69636467963960558
94.676230741640225,3432,31.464159310190986,3.807442805481287e-09,4.0962797014499754,5.2485977101995855,0.17484582869847548,0.69588353235638312
94.7806613270009,3436,31.413375867544261,3.804904391557784e-09,4.0896682683195769,5.2340442460122212,0.17499295992959168,0.69541563726573419
94.885090406276419,3440,31.363903229310395,3.8024620674370624e-09,4.0832274871826426,5.2198414084316749,0.17508164594633843,0.69496074402285923
94.989518985667019,3444,31.315753507830447,3.7999425828161293e-09,4.0769589349297659,5.2059859999149349,0.17555933168044813,0.69451860399709797
