t,step,S,C,A,Ey,Ey_max,theta
0,0,0.00024130407465877243,-5.7313438250981294e-22,3.141507685481837e-05,7.6799255397881882e-10,4.9925445546072623e-11,0.50010657681796233
0.11327048846966138,4,0.0002411758712203107,-7.6785804306703457e-19,3.1398386208885341e-05,1.33117631086366e-09,1.3456501366307006e-10,0.50010669840543287
0.22654097693933145,8,0.00024080679109288706,9.9581943493130104e-18,3.1350336126908916e-05,2.288469934154388e-09,1.974938837710728e-10,0.50010702695071618
0.33981146540899126,12,0.00024024197468850808,2.6573189211158987e-17,3.1276803382890734e-05,2.835315442974733e-09,1.9944418021054729e-10,0.5001074732326386
0.45308195387866168,16,0.0002395521707369108,1.0000270996603673e-16,3.1186998665814035e-05,3.0101216405053389e-09,1.7680459827083931e-10,0.50010793791244867
0.56635244234832116,20,0.00023882805406286468,1.7692889324626488e-16,3.1092726818149699e-05,3.0450283284316606e-09,1.5378944177644213e-10,0.50010834796964021
0.67962293081799074,24,0.00023817390844127847,-3.4738272765476311e-17,3.1007564414632757e-05,3.0454478255338009e-09,1.3526415553254584e-10,0.50010866948262611
0.792893419287651,28,0.00023770156140587209,-1.521669649175751e-16,3.0946070142559558e-05,3.0393885123663226e-09,1.213386184454012e-10,0.50010890029007427
0.90616390775731859,32,0.00023752511382804122,-3.6393067836473893e-16,3.0923098652226289e-05,3.0332881763917837e-09,1.1136633077537105e-10,0.50010905535644734
1.0194343962269807,36,0.00023775667730429727,-4.3285050637292862e-16,3.0953245612710231e-05,3.0293622902426001e-09,1.0440964956516422e-10,0.50010915451495275
1.1327048846966439,40,0.00023850308955676035,-4.0754672692163744e-16,3.1050420093952059e-05,3.02908690253088e-09,9.9293982690762269e-11,0.50010921566368494
1.2459753731663095,44,0.00023986346983595212,-4.3800249266435006e-16,3.1227526307690983e-05,3.0336986898303533e-09,9.5701125551698139e-11,0.50010925239907988
1.3592458616359695,48,0.00024192744729138965,-8.6549200933067619e-16,3.1496232961239503e-05,3.0442132197017001e-09,9.3527848965155435e-11,0.50010927406360428
1.4725163501056375,52,0.00024477391141904836,-1.1351512110353919e-15,3.1866810579795399e-05,3.0613940914921566e-09,9.1742126926179796e-11,0.5001092866774699
1.5857868385752962,56,0.00024847016848293576,-1.2160577953460645e-15,3.2348021682017322e-05,3.0857339659964681e-09,9.0967245413963264e-11,0.50010929395821013
1.6990573270449651,60,0.00025307142025986961,-1.3104124911319991e-15,3.294705291845687e-05,3.1174524319755113e-09,9.0284012674711166e-11,0.50010929813667471
1.8123278155146234,64,0.00025862051060778857,-2.0561015201328577e-15,3.3669482077602723e-05,3.1565079363931226e-09,8.9875004896111708e-11,0.50010930052608693
1.9255983039842925,68,0.00026514789933482046,-2.9900412055181141e-15,3.4519274683927147e-05,3.2026171431096494e-09,8.9721229753206258e-11,0.5001093018896452
2.0388687924539513,72,0.00027267183817229198,-3.2779579700148429e-15,3.5498806907592933e-05,3.2552621551853397e-09,8.930777448506478e-11,0.50010930266714038
2.1521392809236182,76,0.00028119872871259664,-2.9841705806854322e-15,3.660891216393845e-05,3.3136566712014275e-09,8.9437086187537989e-11,0.5001093031105901
2.2654097693932789,80,0.00029072364397607478,-2.4896469796607846e-15,3.7848949015620016e-05,3.3768176080911557e-09,8.9125601878607899e-11,0.50010930336388426
2.3786802578629427,84,0.00030123100146979272,-1.7856803696405865e-15,3.9216888797295811e-05,3.4441715188372362e-09,8.9201219690899827e-11,0.50010930350897742
2.491950746332606,88,0.00031269537556785995,-1.4303080603727191e-15,4.0709421378407278e-05,3.5156190363382486e-09,8.846060141142157e-11,0.50010930359247396
2.6052212348022654,92,0.00032508240542436625,-1.2849682470552157e-15,4.2322073363233293e-05,3.5896596121397462e-09,8.8727794011409425e-11,0.50010930364086492
2.7184917131163022,96,0.00033834986120078619,-7.7227903299733792e-16,4.4049346901707641e-05,3.6650798268660867e-09,8.8427463785827347e-11,0.50010930366921824
2.8317621665396726,100,0.00035244872825019306,9.5697273354521402e-17,4.5884860838011086e-05,3.7421287754315821e-09,8.7275317690956825e-11,0.50010930368610362
2.945032601016131,104,0.00036732438217594544,1.4605663070690803e-15,4.7821503689997848e-05,3.8202997833006711e-09,8.8126887061316485e-11,0.50010930369639306
3.0583030224088303,108,0.00038291777067576206,2.7842897268382307e-15,4.9851587512003343e-05,3.8983477975938147e-09,8.821487736184366e-11,0.50010930370286832
3.1715734354772267,112,0.00039916665028356756,3.8728743101189557e-15,5.1967008904724294e-05,3.974952426079748e-09,8.7424583488043537e-11,0.50010930370713469
3.284843843522383,116,0.00041600692189003617,3.7895644909878652e-15,5.4159422884974482e-05,4.0503015612267509e-09,8.7042724665365369e-11,0.50010930371013373
3.3981142484889695,120,0.00043337352403805847,3.011948576876468e-15,5.6420359182708646e-05,4.1285168773775979e-09,8.4450567807514834e-11,0.50010930371243156
3.5113846519293967,124,0.00045120155662095048,2.3644216034580013e-15,5.8741368533892421e-05,4.2071213633638322e-09,8.5405688350685933e-11,0.50010930371438145
3.6246550545352516,128,0.00046942804306434498,1.9836999069466976e-15,6.1114252096767342e-05,4.2837104728517371e-09,8.5181252998515899e-11,0.50010930371621465
3.7379254571259923,132,0.00048799269882183148,1.6622089832944149e-15,6.353116150134081e-05,4.3633448156885274e-09,8.4146806629436217e-11,0.50010930371809137
3.85119585962607,136,0.00050683826968248588,9.0087848015949588e-16,6.5984642893221905e-05,4.4485101715112719e-09,8.2376849499290471e-11,0.50010930372013207
3.9644662624654683,140,0.00052591225299983215,-6.5133293310833969e-18,6.8467861018275524e-05,4.5388541234334932e-09,8.003619829330875e-11,0.50010930372243689
4.0777366654733385,144,0.00054516685141507281,-2.8784801379370674e-16,7.097459319790745e-05,4.6349501517814117e-09,7.7436699061424811e-11,0.50010930372509588
4.1910070686701184,148,0.00056456019661212348,-6.8215125412978705e-16,7.3499388648207647e-05,4.7376660872129229e-09,7.8841983436841239e-11,0.50010930372817841
4.3042774721811528,152,0.00058405587654363454,-1.1462982240231662e-15,7.6037506930095087e-05,4.8476556680365095e-09,7.9591544470451832e-11,0.5001093037317248
4.4175478759297171,156,0.00060362388060167845,-1.0506279040387121e-15,7.8585040999911915e-05,4.9652521841483949e-09,7.9691939694360544e-11,0.50010930373575346
4.5308182800835626,160,0.00062324065014401843,-1.8762737987704334e-15,8.1138923787375515e-05,5.0907873238593836e-09,7.918138962499677e-11,0.50010930374027796
4.6440886845025791,164,0.00064288926139830101,-6.4574969161371133e-15,8.3696952007647417e-05,5.2247077242106682e-09,7.8957070582752044e-11,0.5001093037453137
4.7573590892497872,168,0.00066255909822514748,-1.9799857622058471e-14,8.6257743558767845e-05,5.367707562839643e-09,8.3164201392786276e-11,0.50010930375087381
4.8706294942611565,172,0.00068224570785234678,-1.9529303016727713e-14,8.8820718739870077e-05,5.5207764737927205e-09,8.7410974055589838e-11,0.50010930375696583
4.9838998994616466,176,0.00070195052939802066,-3.6409872173986078e-14,9.1386064907949467e-05,5.6850571734289778e-09,9.1668585472382074e-11,0.5001093037635902
5.0971703049297012,180,0.00072168060679026001,-7.4903488596898046e-14,9.3954699103228611e-05,5.8603713539579253e-09,9.5910089159582024e-11,0.50010930377073293
5.2104407106007509,184,0.00074144766204664277,-6.9691642779916079e-14,9.6528147400572279e-05,6.0460168758646039e-09,1.0011117474566842e-10,0.50010930377837171
5.3237111164947271,188,0.00076126825026480145,-9.8580597818640424e-14,9.9108565087516318e-05,6.2413141868986522e-09,1.0425028365344141e-10,0.50010930378646312
5.4369815226372609,192,0.00078116143312726577,-3.8976398944825554e-14,0.00010169843378076158,6.4454134165019606e-09,1.0831104675521498e-10,0.50010930379494667
5.5502519290602859,196,0.00080115006251476305,1.8584998372821681e-13,0.00010430072853819028,6.657916836929408e-09,1.1228132024141576e-10,0.50010930380374696
5.6635223358003044,200,0.00082125918515258778,5.4956794891169373e-13,0.00010691871016176445,6.8784142316421475e-09,1.1615311295027985e-10,0.50010930381279617
5.7767927428269568,204,0.00084151482169683538,6.899145977590858e-13,0.00010955576624828367,7.1064211244557672e-09,1.1992626483200799e-10,0.50010930382204244
5.8900631500905183,208,0.00086194387641269372,6.3352763976547632e-13,0.00011221539943051451,7.341760764521467e-09,1.236182026064389e-10,0.50010930383142105
6.0033335576833533,212,0.00088257300961224676,4.6399805498968606e-13,0.00011490108058127283,7.5845837520555259e-09,1.279547810119365e-10,0.50010930384085794
6.1166039657311835,216,0.00090342770047985754,5.8281080110655448e-13,0.00011761612680382801,7.8348745795066566e-09,1.326511065469628e-10,0.50010930385032182
6.2298743741172409,220,0.00092453292422034949,7.0081146116150641e-13,0.00012036378958898102,8.0926690932879029e-09,1.3755637323532581e-10,0.50010930385985686
6.3431447828257035,224,0.0009459111828970608,9.675809807593302e-13,0.000123146998452324,8.3567925391244452e-09,1.4267591827512268e-10,0.50010930386957542
6.4564151918211667,228,0.00096758277624035176,1.2054201672825002e-12,0.00012596839619046247,8.6264316842339765e-09,1.4793516035876279e-10,0.50010930387970187
6.569685601041189,232,0.00098956521454195297,1.0823904906664345e-12,0.00012883026244646189,8.9004436395878047e-09,1.5332132910108416e-10,0.5001093038907084
6.6829560104727488,236,0.0010118716783263872,1.5778093605247357e-12,0.00013173431317638911,9.178537764734884e-09,1.588833194932795e-10,0.50010930390329822
6.796226420261795,240,0.0010345126693729807,1.696195947001665e-12,0.00013468191559381116,9.4610065038633155e-09,1.6457933548690609e-10,0.50010930391781072
6.9094968303354483,244,0.0010574947261628327,2.0627635043438222e-12,0.00013767392093543649,9.7480751653290371e-09,1.7046861732937384e-10,0.5001093039330573
7.0227672407520156,248,0.0010808201537655371,2.3504726112457451e-12,0.00014071062929540376,1.0040325313233175e-08,1.7643654680298653e-10,0.50010930394614705
7.1360376515294011,252,0.0011044891076710114,1.7323374484859562e-12,0.00014379206091675163,1.0337834212682842e-08,1.8271466306155745e-10,0.500109303955247
7.2493080625437418,256,0.0011284967658203179,1.484407955826477e-12,0.00014691758802163447,1.0638670786448703e-08,1.8942489188025525e-10,0.50010930396262177
7.3625784736865025,260,0.0011528349769034686,1.5081164880647384e-12,0.00015008614940116018,1.0935008297341262e-08,1.9582020204432613e-10,0.50010930397067355
7.475848885078169,264,0.0011774894797918632,9.1145662193173175e-13,0.00015329588841676327,1.1194181592335069e-08,2.0301769402934753e-10,0.50010930397404096
7.5891192962323801,268,0.0012023750217787662,-2.6723929158778843e-13,0.00015653570612476458,1.1305324008725836e-08,2.1021408917644734e-10,0.500109303965805
7.7023897038941351,272,0.0012274072606943314,-2.9453632930555301e-13,0.00015979462212314832,1.1102174344332464e-08,2.1794171290960803e-10,0.50010930395449305
7.8156600823531681,276,0.0012527626628421823,-2.1230613392392975e-12,0.00016309561034013535,1.0707110144204572e-08,2.2599003057499314e-10,0.50010930395753261
7.9289304285604159,280,0.0012794295289652298,4.8242924149664878e-12,0.00016656733641818577,1.0710323336568497e-08,2.3435644202967304e-10,0.50010930397562425
8.0422007670581905,284,0.0013074031297976927,-8.1764766203694579e-13,0.00017020918466007946,1.140649756844099e-08,2.4300820691570753e-10,0.50010930399430753
8.1554711220999554,288,0.0013351537992509531,-3.8135401752336029e-11,0.0001738220097434505,1.2376626417350569e-08,2.5244303189400043e-10,0.50010930400834863
8.2687415064191754,292,0.0013618346239095982,-4.8737137539808581e-11,0.00017729555306586039,1.3216564468777027e-08,2.6213467049984226e-10,0.50010930402556708
8.3820118991436061,296,0.0013873298971055473,-1.6518995039875928e-11,0.00018061475092034303,1.3879211530605889e-08,2.726873437587311e-10,0.50010930405179033
8.4952822975336097,300,0.0014121402048131147,2.5550019167229162e-11,0.00018384477397124713,1.4424413283869914e-08,2.8327303413005169e-10,0.50010930408363596
8.6085526997038588,304,0.0014370499655782969,4.2378874936531327e-11,0.00018708774469182012,1.4904814315075491e-08,2.9457012030307e-10,0.50010930411321208
8.721823106854373,308,0.0014623570368671171,3.1295868826172076e-11,0.00019038244077448216,1.5363861381300196e-08,3.0681879616272383e-10,0.50010930413717947
8.8350935177548546,312,0.001487600725021121,1.2087521710579544e-11,0.00019366888508578735,1.5825590619124026e-08,3.1888413016791051e-10,0.50010930415882748
8.9483639256425676,316,0.001512433660107886,2.9463711756536439e-12,0.00019690185396699922,1.6299441844875929e-08,3.3211602279427612e-10,0.50010930417953881
9.0616343283936907,320,0.001537051372354095,-1.434668714208519e-13,0.00020010680325473123,1.678789044303602e-08,3.4611662447869873e-10,0.50010930419646915
9.1749047263386263,324,0.0015613987988438692,-4.4297597388689243e-12,0.00020327656437656435,1.7292926515909396e-08,3.6038198132165846e-10,0.50010930421055977
9.2881751200184581,328,0.0015851875218262936,-9.794153819229687e-12,0.00020637358858482786,1.7816242898623001e-08,3.7498572644337144e-10,0.50010930422688116
9.4014455127671361,332,0.0016085608077450418,-6.080174189605051e-12,0.00020941652755933734,1.8359586729350538e-08,3.9042942637880197e-10,0.50010930424800926
9.5147159058110518,336,0.0016319870766015343,-8.5705078559268622e-13,0.00021246636431650372,1.8924764452761229e-08,4.0697524310989405e-10,0.50010930427384559
9.6279863015717648,340,0.0016556310843821088,1.0010446267032111e-12,0.00021554454823292964,1.9513519911511088e-08,4.2316773509679625e-10,0.50010930430318745
9.7412567012157965,344,0.0016796935486704028,5.8311747107917379e-13,0.0002186772104807679,2.0127188921302152e-08,4.4018193245427625e-10,0.50010930433289691
9.8545271039529982,348,0.0017045363788134938,3.7551325587132538e-12,0.00022191146758703524,2.0766407175618646e-08,4.5788550568845818e-10,0.50010930436101997
9.9677975059049775,352,0.0017304254640734414,8.1044777184982527e-12,0.00022528193534350515,2.143086515067284e-08,4.7599687327760394e-10,0.50010930438876056
10.081067907386645,356,0.0017574971764572828,1.0907773502724541e-11,0.0002288063678518768,2.2119649588259703e-08,4.9487379322939779e-10,0.50010930441600798
10.194338308565786,360,0.0017860037478080308,1.1542029318503563e-11,0.00023251760286155282,2.2831812741063678e-08,5.1416933948679631e-10,0.50010930444047474
10.307608709278272,364,0.0018161562565595034,1.1294863842839183e-11,0.00023644312041086314,2.3566031991653213e-08,5.3367468505642888e-10,0.50010930446239055
10.420879108316635,368,0.0018480206974454678,1.2664539350122031e-11,0.00024059151227197832,2.4321076086775506e-08,5.5390896813798321e-10,0.50010930448374113
10.534149503179529,372,0.0018816648138754023,1.4907866024984938e-11,0.00024497159787498132,2.5096048497074993e-08,5.7503970192023932e-10,0.50010930450411306
10.647419895163049,376,0.0019171825357871082,1.5579728480706924e-11,0.00024959560584145326,2.5890301879908472e-08,5.9634320816273845e-10,0.50010930452309887
10.760690286029313,380,0.0019545388964158916,1.6060646385371523e-11,0.00025445898389186153,2.6703829642100433e-08,6.1819467967889808e-10,0.50010930454436942
10.873960676671471,384,0.0019936169952415187,1.8353602174122597e-11,0.0002595465128931155,2.7537298378815133e-08,6.4078493918668719e-10,0.50010930457267688
10.987231068769871,388,0.0020343173021037174,2.3154896434902202e-11,0.00026484523513764757,2.8392306689407344e-08,6.6412939896035564e-10,0.50010930460903491
11.100501462131385,392,0.0020764731366033386,2.8467896606217491e-11,0.00027033345071194876,2.9270995035660798e-08,6.8794898725795462e-10,0.50010930465145997
11.213771855048494,396,0.0021198403168473114,3.1523089172293532e-11,0.00027597936987957037,3.017599436249715e-08,7.1239803752147747e-10,0.50010930469783665
11.327042246258266,400,0.0021642034492265101,3.2198698987589197e-11,0.00028175495081488532,3.111007599254927e-08,7.3778660936195712e-10,0.5001093047461298
11.440312635141096,404,0.0022093524644533858,3.2494139825527338e-11,0.00028763284485905908,3.2075784798024858e-08,7.6417731752542457e-10,0.50010930479385052
11.553583021488256,408,0.0022550088613074895,3.3097031817461414e-11,0.000293576794285168,3.3075639274891313e-08,7.9117810895388165e-10,0.50010930483843752
11.666853405141442,412,0.0023008826532179556,3.3626732965513766e-11,0.00029954904610282645,3.4111897338086105e-08,8.1882023751124029e-10,0.50010930487657734
11.780123783309584,416,0.0023467437937290626,3.474763158704206e-11,0.00030551965085056379,3.5186556926117939e-08,8.4787488331143251e-10,0.50010930490353789
11.893394155085911,420,0.0023923837879932493,3.6208409071598508e-11,0.00031146146484392634,3.630149516416432e-08,8.7787232727296463e-10,0.50010930491662953
12.006664519632332,424,0.0024375858572169952,3.6810266973946841e-11,0.00031734626592185624,3.7458132543966629e-08,9.0913327959971394e-10,0.50010930492078876
12.119934876149168,428,0.0024821586803203625,3.6326659024514204e-11,0.00032314914623131059,3.8658148225168081e-08,9.4170519149304397e-10,0.50010930492819328
12.23320522410881,432,0.002525964959498579,3.4911930538148353e-11,0.00032885223114213676,3.9902735266340585e-08,9.7554952173992452e-10,0.50010930495049966
12.346475562651687,436,0.0025689078774613796,3.2362494436397728e-11,0.00033444291613193323,4.1192070744078983e-08,1.0106256039175699e-09,0.5001093049922859
12.459745891100587,440,0.0026109219253678609,3.0169041333790247e-11,0.0003399126726863162,4.2526790700124784e-08,1.0474331089791007e-09,0.50010930505119844
12.573016208963676,444,0.0026519832448414285,2.9301862401076092e-11,0.00034525839471296027,4.3909564351947332e-08,1.085149717640782e-09,0.50010930512088814
12.686286516595013,448,0.0026921150161220687,2.803054769153839e-11,0.00035048310001843062,4.5344374597506847e-08,1.1248935510935215e-09,0.50010930519306918
12.799556814502116,452,0.0027313927249467428,2.6807330295460778e-11,0.00035559661599677948,4.6833669199965604e-08,1.1662330987406632e-09,0.50010930526055153
12.912827105119888,456,0.0027699290966016841,2.5430769888653943e-11,0.00036061361821258445,4.8379920675120902e-08,1.2091017825624181e-09,0.5001093053208141
13.026097391893133,460,0.0028078625564498393,2.3447085059610872e-11,0.00036555212809139242,4.9986425979971051e-08,1.2537479531443514e-09,0.50010930537510234
13.139367679600985,464,0.0028453655598262681,2.0827170582117424e-11,0.00037043459737842396,5.1657183023165484e-08,1.3002781621791733e-09,0.5001093054226039
13.252637971946539,468,0.0028826512009594027,1.9825263197935567e-11,0.00037528876854579844,5.3395938592188497e-08,1.3487644239263282e-09,0.5001093054561575
13.365908272279894,472,0.0029199558029942628,2.0239423694604921e-11,0.00038014540820934645,5.5206232865828621e-08,1.3990765454606646e-09,0.50010930546251076
13.479178588102037,476,0.0029575240150200963,1.9094028334964573e-11,0.0003850363669292048,5.7091604429833922e-08,1.4511453309325948e-09,0.50010930542209564
13.59244891108372,480,0.0029956107820753516,1.6003065421148102e-11,0.00038999483568230971,5.9055194792339174e-08,1.5056028018604424e-09,0.50010930530313324
13.705719234580833,484,0.003034483164699015,1.5058406329529028e-11,0.00039505558274751843,6.1099469434632726e-08,1.5619448987255002e-09,0.50010930504963669
13.818989558007019,488,0.0030744062599924503,1.7287442263564257e-11,0.00040025312078619039,6.3226310914257425e-08,1.6203887276271383e-09,0.5001093045621815
13.932259880044592,492,0.0031156287822848971,1.8117162386772272e-11,0.00040561982960699228,6.5437545984725747e-08,1.6808263219605558e-09,0.50010930366511486
14.045530200886256,496,0.0031583833169315225,1.4474301577387084e-11,0.00041118598920755045,6.7734967383543457e-08,1.7437020410554834e-09,0.50010930205127135
14.158800520273758,500,0.0032028910043638403,9.3700972320791048e-12,0.00041698038958513922,7.0120204650393462e-08,1.8084852441424644e-09,0.50010929919134284
14.272070837558928,504,0.0032493563695310031,6.386677787801107e-12,0.00042302965758808447,7.2594763703978727e-08,1.8753322558788171e-09,0.5001092941835612
14.385341152145049,508,0.0032979544606426591,4.1516038126474187e-12,0.0004293565825247191,7.516031461880796e-08,1.9451411552248699e-09,0.50010928550637435
14.498611463471503,512,0.0033488244191839994,-5.1217511766055038e-13,0.00043597927905165295,7.7818962925815122e-08,2.0182229978878979e-09,0.50010927063439359
14.611881772268404,516,0.0034020737133378665,-7.1437466724310608e-12,0.00044291173831772254,8.0573188024519086e-08,2.0947631723434591e-09,0.50010924549121294
14.72515207915947,520,0.0034577848361648429,-1.1242262993053155e-11,0.00045016469999171251,8.3425891955269355e-08,2.1771437410313283e-09,0.50010920375033863
14.838422383813784,524,0.0035160127571622233,-1.0551841105250256e-11,0.00045774532048399271,8.6380579020860707e-08,2.2697043897546169e-09,0.50010913609772789
14.951692685823197,528,0.0035767791554583302,-7.1591589849366697e-12,0.00046565642217327084,8.9441152597663717e-08,2.3859297173972789e-09,0.50010902982149652
15.064962984873942,532,0.0036400731023778659,-5.1789994433337815e-12,0.00047389658226892515,9.261169476278767e-08,2.5845832803356851e-09,0.50010886957064171
15.178233281070321,536,0.0037058616398486827,-6.5256396266123186e-12,0.00048246151000060311,9.5895011762743004e-08,2.8620125815415227e-09,0.50010864067580951
15.291503574043816,540,0.0037740928355747489,-9.4706842521088063e-12,0.00049134444436738339,9.9286619454229612e-08,3.144841529306745e-09,0.50010833629261919
15.404773863099924,544,0.0038446914073764099,-1.1638183622843804e-11,0.00050053558447608589,1.0275565438218955e-07,3.3816075832780062e-09,0.5001079675233211
15.51804414760387,548,0.0039175603605732367,-1.2639773121489787e-11,0.00051002230271010498,1.0620590622870056e-07,3.5211655141831258e-09,0.5001075715524248
15.631314426737365,552,0.0039925938639060344,-1.4115035172682078e-11,0.00051979082102965432,1.0952957809734851e-07,3.5252740574568213e-09,0.50010721016400683
15.744584699804145,556,0.0040696837985367048,-1.7318108372712144e-11,0.00052982706357789996,1.1287896657635523e-07,3.3641002059197272e-09,0.50010695434405805
15.857854966445142,560,0.0041487101459153223,-2.1661631900885168e-11,0.00054011540528935067,1.1670865028602027e-07,3.1366341724305734e-09,0.50010685943897615
15.971125227070058,564,0.0042295355236167129,-2.60876715301303e-11,0.00055063796051722856,1.2122422417885285e-07,3.6200610705526212e-09,0.50010694321205107
16.08439548247242,568,0.0043120164160260575,-3.0060703167564506e-11,0.00056137604514243725,1.261107707906377e-07,3.9859018860165732e-09,0.50010717940085381
16.197665732756938,572,0.0043960166241543471,-3.4019135931266637e-11,0.00057231192758827891,1.3101113631634409e-07,4.2035352322872332e-09,0.50010751050953584
16.31093597763569,576,0.004481409594070538,-3.7872119400466449e-11,0.00058342913195613656,1.3584814266031851e-07,4.2948216256810802e-09,0.50010787163984161
16.424206216738732,580,0.0045680764011296216,-4.0728393422173359e-11,0.00059471217559463666,1.4067384050349664e-07,4.2873874084037406e-09,0.50010821152732465
16.537476449168846,584,0.0046559128792858393,-4.0544230213503558e-11,0.0006061474972560558,1.4554725969310672e-07,4.2184051554968205e-09,0.50010850152415465
16.650746674589993,588,0.0047448464988984413,-3.6650804594654245e-11,0.00061772565439682456,1.5052951076785732e-07,4.1546311256990364e-09,0.50010873295297642
16.764016893354039,592,0.004834843910723685,-3.0949434780247318e-11,0.00062944230532044787,1.5567654730515449e-07,4.1962347626662895e-09,0.50010890932119745
16.877287106282601,596,0.0049259034055492562,-2.6443489722575823e-11,0.00064129722750670389,1.6102975065589679e-07,4.3042486224252261e-09,0.50010903923575434
16.990557313949203,600,0.0050180463778778999,-2.319238708924727e-11,0.00065329320627925094,1.6661765755800409e-07,4.4250339298017441e-09,0.50010913218528974
17.103827516703522,604,0.005111314547593301,-1.7472140878371887e-11,0.00066543567309776993,1.7246288716766502e-07,4.5537355543768135e-09,0.50010919676128418
17.217097714649942,608,0.005205771218623232,-7.0213065826799917e-12,0.00067773286942175129,1.7858672527669778e-07,4.6840063198479071e-09,0.50010924020612835
17.330367907914198,612,0.0053015014183121264,3.605384473602698e-12,0.0006901958648552368,1.8501038468934607e-07,4.8290771258828548e-09,0.50010926844520831
17.443638096445195,616,0.0053986090392903084,5.9341243509273699e-12,0.00070283818505033531,1.9175474198563276e-07,4.9912138585116928e-09,0.50010928619103334
17.556908279743361,620,0.0054972115342509266,-2.4144655137123836e-12,0.00071567512102684114,1.98839251707202e-07,5.168767551701519e-09,0.50010929702765206
17.67017845737416,624,0.0055974379846709622,-1.3425842129362352e-11,0.00072872347774142847,2.062801480541316e-07,5.3522801863439889e-09,0.50010930352081429
17.78344862896336,628,0.0056994195830474921,-1.6784438180205493e-11,0.00074200033498184731,2.1408931770443407e-07,5.5463037433753559e-09,0.50010930738711579
17.8967187937549,632,0.0058032779505078347,-1.0488773692528188e-11,0.00075552152645114363,2.2227402877998263e-07,5.7496537566293652e-09,0.50010930970162171
18.009988949984862,636,0.0059091193856608583,-2.5577327062215245e-12,0.00076930089103277545,2.3083739216888459e-07,5.9682569182539406e-09,0.50010931110258394
18.123259092720545,640,0.0060170430849100552,-1.071024025845309e-12,0.00078335134298293096,2.3977902068064183e-07,6.1965110683603967e-09,0.50010931196150654
18.236529213714672,644,0.0061271473842259517,-5.6409346709178994e-12,0.00079768568453910272,2.4909520837623558e-07,6.4360450944343045e-09,0.50010931250338275
18.349799309704807,648,0.0062395256697597989,-1.145177662280981e-11,0.0008123160735279784,2.5877930796141656e-07,6.6913208285022706e-09,0.50010931287635152
18.46306938336474,652,0.0063542556636232376,-1.5233260945534652e-11,0.00082725262849444355,2.6882251012500771e-07,6.9605250748897441e-09,0.50010931318136798
18.576339440556495,656,0.0064713973965724453,-1.844224505233175e-11,0.00084250316476785657,2.7921525721857143e-07,7.2395724524788444e-09,0.50010931347985987
18.689609488968699,660,0.0065909954977570349,-2.3561526194889216e-11,0.00085807349256160489,2.8994811885411952e-07,7.5284030565928478e-09,0.50010931379832357
18.802879534648437,664,0.0067130821477043049,-2.9900402258106079e-11,0.00087396780141844616,3.0101174127769179e-07,7.8315032857647568e-09,0.50010931414029924
18.91614958126107,668,0.00683767852648395,-3.5124002046365232e-11,0.00089018884874526676,3.1239754605721089e-07,8.1406585231262165e-09,0.50010931450217544
19.02941963123941,672,0.0069647931493926167,-3.8028045336047913e-11,0.0009067377431379286,3.2409967374250101e-07,8.4568504777359933e-09,0.50010931488291577
19.142689682821242,676,0.0070944257959242368,-3.9803166178195267e-11,0.00092361445588902142,3.3611586497830061e-07,8.7794671746166928e-09,0.50010931528451008
19.255959729563777,680,0.0072265691596714362,-4.2008767981821212e-11,0.00094081803578647172,3.4844663769049618e-07,9.1085574070478305e-09,0.50010931570845518
19.369229766763929,684,0.0073612071888281292,-4.4720739459777663e-11,0.00095834639306564297,3.6109458851253125e-07,9.4485889221987802e-09,0.50010931615375698
19.482499792311273,688,0.0074983190025796724,-4.6818589333127585e-11,0.00097619680927929096,3.7406739823665836e-07,9.7979809096269348e-09,0.50010931661733637
19.595769805089358,692,0.0076378810696831117,-4.727909161855769e-11,0.00099436622092421143,3.8737852926632963e-07,1.0153492144533111e-08,0.50010931709495487
19.709039804416136,696,0.0077798696223846308,-4.6653535443975306e-11,0.0010128515337061458,4.0104624025407089e-07,1.0516716366445226e-08,0.50010931758166066
19.822309789434762,700,0.0079242622490121109,-4.619646073454099e-11,0.0010316498298774221,4.1509234503209707e-07,1.0886180628309679e-08,0.50010931807280823
19.935579759574427,704,0.0080710350896837455,-4.6834592461701815e-11,0.0010507580031497536,4.2954309447847459e-07,1.1259896338081636e-08,0.50010931856680407
20.048849714323691,708,0.0082201652567300693,-4.8498103001279064e-11,0.0010701730738059665,4.4442922431793324e-07,1.1643121002048163e-08,0.50010931906825828
20.162119653161128,712,0.0083716348038887448,-5.0058347397119061e-11,0.0010898927054445256,4.5978510315262691e-07,1.2034510393575188e-08,0.50010931958829785
20.27538957574135,716,0.0085254356787688532,-5.0037554539056014e-11,0.0011099158497346888,4.7564840332267342e-07,1.2431590611354407e-08,0.50010932014053322
20.388659482289729,720,0.0086815704686782798,-4.7069484897946184e-11,0.0011302428435148463,4.9205922619374759e-07,1.2839028579357328e-08,0.50010932073526482
20.501929373235711,724,0.0088400499750095011,-4.1144430944277345e-11,0.0011508750930048282,5.0905996600642481e-07,1.3264959723743477e-08,0.500109321376218
20.615199248814505,728,0.009000893144049945,-3.4230122190298897e-11,0.0011718150647981903,5.2669444071841102e-07,1.3705403232001471e-08,0.50010932206081393
20.728469108896338,732,0.0091641286865040989,-2.8802106387420439e-11,0.0011930664967057818,5.4500733125965074e-07,1.4160645917154452e-08,0.50010932278218334
20.841738953412548,736,0.0093297996299733614,-2.5497149710166549e-11,0.0012146349904374226,5.6404396642974413e-07,1.4634304927395686e-08,0.50010932353206561
20.955008782422386,740,0.0094979641847288826,-2.3067631506185873e-11,0.001236528124315794,5.8385052555252703e-07,1.5128479975854524e-08,0.5001093243042678
21.068278596318997,744,0.0096686945216193504,-1.9810678006326689e-11,0.0012587552941737733,6.0447355119714467e-07,1.5643841794948187e-08,0.50010932509676942
21.181548395531305,748,0.0098420756056866992,-1.5184234601044058e-11,0.0012813275615043179,6.2595917709665944e-07,1.6181511065299046e-08,0.50010932591180224
21.294818180375326,752,0.010018204667763821,-1.0064014710505875e-11,0.0013042575846684281,6.4835315896022188e-07,1.674175871680773e-08,0.50010932675530073
21.408087951348502,756,0.010197191664157107,-5.6232120027803045e-12,0.001327559678740646,6.7170063804780077e-07,1.7328687497993889e-08,0.50010932763521032
21.521357709218776,760,0.010379157202334477,-2.4854617858602974e-12,0.0013512495454569627,6.9604602124792237e-07,1.7943007681115395e-08,0.50010932855770107
21.634627454420251,764,0.010564230027413192,-3.8357766568325891e-13,0.0013753439459837995,7.2143268592621599e-07,1.8589667756502909e-08,0.50010932952337472
21.747897186944826,768,0.010752546525492759,1.2639011626164711e-12,0.0013998606362575366,7.4790274515798993e-07,1.9265972469517172e-08,0.50010933052653761
21.861166906786924,772,0.010944250733271129,2.6943513677210769e-12,0.0014248183682364342,7.7549696273346438e-07,1.9969388996092941e-08,0.50010933155808424
21.974436613571037,776,0.011139492353315227,4.2181546104603455e-12,0.001450236631511176,8.0425449769831998e-07,2.0703545627483151e-08,0.50010933260993651
22.087706307696379,780,0.011338423237184292,5.4748666215945771e-12,0.0014761351954470769,8.3421264359026307e-07,2.1471398461783403e-08,0.50010933368018651
22.200975989319591,784,0.011541193597977032,6.277698499584732e-12,0.0015025336161003172,8.6540653601569086e-07,2.2275466553997643e-08,0.50010933477808384
22.314245657329167,788,0.011747948150507961,5.9523351586467533e-12,0.0015294507337123076,8.978690575309769e-07,2.3115700264782569e-08,0.50010933592190199
22.427515310994625,792,0.01195882142664241,4.3967630676945788e-12,0.0015569040628189913,9.3163094249328807e-07,2.3988221875635768e-08,0.50010933712648964
22.540784949081004,796,0.012173938657762845,1.9539352385020527e-12,0.0015849099071380338,9.6672090928590573e-07,2.4892667240185188e-08,0.50010933839222849
22.654054570718237,800,0.012393421792325476,-6.6587526643827402e-14,0.0016134841429870216,1.0031663670371736e-06,2.5830623093677215e-08,0.50010933970630966
22.767324175379926,804,0.012617404708908925,-2.5524668370666831e-13,0.0016426441998513147,1.0409939314509118e-06,2.6804281987886003e-08,0.50010934105452443
22.880593761532626,808,0.012846027954362328,2.6953714766045096e-13,0.0016724083753501039,1.0802301364618622e-06,2.7817124550234403e-08,0.50010934243267557
22.993863328325236,812,0.013079403488428133,3.1650357875057317e-12,0.0017027912453827755,1.1209008951191275e-06,2.8866902673987545e-08,0.50010934384630179
23.107132874875006,816,0.013317618932866565,4.6765990145220199e-12,0.0017338042173171307,1.1630286966298463e-06,2.9957236880649935e-08,0.5001093453025518
23.220402400033468,820,0.013560705684478746,3.0151498566768561e-12,0.0017654513786635921,1.2066265586815752e-06,3.1091593012753164e-08,0.50010934680474939
23.333671903301425,824,0.013808546538778844,-7.081104687935982e-13,0.0017977174707161675,1.2516794302945808e-06,3.2258186947766324e-08,0.50010934835262755
23.446941384283591,828,0.014060924326324144,6.7907862814816635e-12,0.0018305742204556663,1.2981184157550607e-06,3.3464875878044278e-08,0.50010934994812173
23.560210842276053,832,0.014317898960146239,6.6545878262509804e-11,0.00186402942788503,1.3459027589459886e-06,3.4717069284074632e-08,0.50010935159865622
23.67348027605054,836,0.014579839462623655,8.5168959939677384e-11,0.0018981311355679782,1.3952299921727536e-06,3.6006014941453321e-08,0.50010935331036721
23.786749684425079,840,0.01484741239011454,-9.6464039228734834e-11,0.0019329661216463592,1.446515183134411e-06,3.7340350532779238e-08,0.50010935508328358
23.900019066598471,844,0.015120844446410639,4.2547532856684108e-10,0.0019685639004043852,1.4999730267896994e-06,3.8725552435394352e-08,0.50010935691732761
24.013288421801185,848,0.015399496170749186,2.822123685547062e-09,0.0020048412212420453,1.5554276005432792e-06,4.0151370829212524e-08,0.50010935881699814
24.126557749228255,852,0.015682387635310088,5.9038221620174055e-09,0.0020416705085773163,1.6126417757088605e-06,4.1626246196670559e-08,0.50010936078844637
24.239827048165491,856,0.015969009650932748,6.856945567134171e-09,0.0020789854717076037,1.6715826563859256e-06,4.31604677914304e-08,0.50010936283617657
24.353096318026182,860,0.016259698092586185,4.6716255660578448e-09,0.0021168298377765918,1.7323403390117403e-06,4.4740256451389639e-08,0.50010936496206959
24.466365558641922,864,0.01655510686730894,1.6492644122183464e-09,0.0021552887381271466,1.7950192612673105e-06,4.6363717764787785e-08,0.50010936716696952
24.579634769549543,868,0.01685563228517635,1.675350783192993e-11,0.0021944137678742781,1.8597257393063242e-06,4.8053255854922171e-08,0.50010936945433659
24.692903950238719,872,0.017161450530573816,-2.3148368939707406e-10,0.00223422786424357,1.9265667184021243e-06,4.9806725063232544e-08,0.50010937182900295
24.80617310045162,876,0.017472667928019242,-6.7435472820241414e-10,0.0022747448694915356,1.9956448901422638e-06,5.160566130279526e-08,0.5001093742923074
24.919442219817292,880,0.017789292362998525,-1.2850595055886758e-09,0.0023159658102197612,2.0670606510117511e-06,5.3466371066545409e-08,0.50010937684569368
25.032711307917651,884,0.018111171118109611,-1.0573639424000699e-09,0.0023578708043399256,2.1409169811609962e-06,5.5404162910327031e-08,0.50010937949900847
25.145980364383647,888,0.018438131203083893,-6.9854758695399182e-10,0.0024004373304644818,2.2173217019225262e-06,5.7401547157787294e-08,0.50010938226738866
25.259249388898517,892,0.01877008646366831,-9.4879908355975016e-10,0.0024436541722785616,2.2963868364472658e-06,5.9458188325831257e-08,0.50010938515995285
25.372518381327833,896,0.019106996800039359,-9.310501411665569e-10,0.0024875161092360954,2.3782288905892532e-06,6.1597475128854975e-08,0.50010938817496409
25.485787341528301,900,0.019448936384700705,-4.9109582737821085e-10,0.0025320327977629291,2.4629694147116353e-06,6.3818391395326183e-08,0.50010939130039256
25.599056269059531,904,0.019796189297477521,-3.0932626116648689e-10,0.0025772412218575884,2.5507353885954909e-06,6.6107121964362786e-08,0.50010939451585856
25.712325163239591,908,0.020149067709902529,-2.6567004758800956e-10,0.0026231820227430027,2.6416588327063609e-06,6.8475049957409852e-08,0.50010939780376207
25.825594023488016,912,0.020507800321413541,-5.779813626369376e-11,0.0026698849745140593,2.7358766790039278e-06,7.0932789075448976e-08,0.50010940116625158
25.938862849402977,916,0.020872682936677135,1.2596735025921122e-10,0.0027173885876117763,2.8335305754744889e-06,7.3473963466241819e-08,0.50010940462764886
26.052131640698295,920,0.021243997695797746,1.9597145491292566e-10,0.0027657295935048501,2.9347661926990445e-06,7.6099424796680546e-08,0.50010940821835903
26.165400396921289,924,0.021621863390932351,2.6328345806750472e-10,0.0028149234575962014,3.0397326859832364e-06,7.8824045907695868e-08,0.50010941195986103
26.278669117647251,928,0.022006400727090765,3.4153735037097523e-10,0.0028649858943206805,3.1485824413024174e-06,8.1647636788990075e-08,0.5001094158621322
26.391937802308469,932,0.022397812884447976,3.6170093573297739e-10,0.0029159433554521393,3.261471153892696e-06,8.4567753520806516e-08,0.50010941992703117
26.505206449435313,936,0.022796246100100368,3.8063176796683553e-10,0.0029678148794159693,3.3785580497855497e-06,8.7590798368299589e-08,0.50010942415251802
26.61847505785185,940,0.023201771335856661,4.3740441615552135e-10,0.0030206097046416411,3.5000061081449558e-06,9.0721224115493671e-08,0.50010942853810203
26.73174362654742,944,0.023614544803190564,4.9527646553994942e-10,0.0030743481681063025,3.6259821861741619e-06,9.3963251631547729e-08,0.50010943308805689
26.845012154232524,948,0.024034764743124281,4.5380117784288347e-10,0.0031290560785616596,3.7566570795190747e-06,9.7323099981086386e-08,0.50010943780900174
26.958280639711028,952,0.02446256072090168,3.5946969343058049e-10,0.0031847503039453941,3.892205912748429e-06,1.0080727546112357e-07,0.50010944270579805
27.071549081900738,956,0.024898066416316478,3.1597166931975881e-10,0.0032414482478633072,4.0328082026030668e-06,1.0442226918518287e-07,0.50010944778066657
27.184817479448494,960,0.025341496057326513,3.2752281076756367e-10,0.003299177800386337,4.1786476992981306e-06,1.0817093024545451e-07,0.50010945303454357
27.298085831543503,964,0.025793068915032202,3.652525513216532e-10,0.0033579675081458716,4.3299126904990912e-06,1.1205487519819579e-07,0.50010945846801447
27.411354136646793,968,0.0262529785016744,3.9270428276144253e-10,0.0034178425642594637,4.4867965907621862e-06,1.1608420903682821e-07,0.50010946408213963
27.524622392346135,972,0.026721458339228552,3.4640980038421897e-10,0.0034788333706621665,4.6494981915868931e-06,1.2027034846191319e-07,0.50010946987971483
27.637890596889935,976,0.027198771035546,2.4577297801053313e-10,0.0035409741159429797,4.8182216509990113e-06,1.2461788659042185e-07,0.50010947586605103
27.751158748747926,980,0.027685158630079882,1.9209390473073971e-10,0.003604296310916767,4.9931770695349933e-06,1.2913126320941126e-07,0.50010948204956396
27.864426846563596,984,0.028180851149572476,1.9730558054820917e-10,0.00366882990247853,5.1745811840851911e-06,1.3381356639019263e-07,0.50010948844310532
27.977694889362748,988,0.028686090607867327,1.338713516058662e-10,0.0037346063981090506,5.3626583534459234e-06,1.3867369241229486e-07,0.50010949506422597
28.090962875772206,992,0.029201106022727536,2.7403187737636697e-11,0.0038016556133455884,5.5576405258126098e-06,1.4372058077848485e-07,0.50010950193165749
28.20423080409601,996,0.029726098783649176,1.4862495067801242e-11,0.0038700037668357393,5.7597673457326563e-06,1.4896025430531366e-07,0.50010950905994467
28.317498672743874,1000,0.03026124949726644,1.0444718388316902e-10,0.0039396743715322032,5.9692881922155285e-06,1.5440136608604244e-07,0.50010951645735768
28.430766479849751,1004,0.030806710633501433,1.5866798837871625e-10,0.0040106872773041854,6.186462270668916e-06,1.6005014138845557e-07,0.5001095241285678
28.544034223893778,1008,0.031362604609723489,1.474023718262983e-10,0.0040830584215164889,6.4115602911758074e-06,1.6591397641981179e-07,0.50010953207858977
28.657301903444768,1012,0.03192903063733666,1.5764087554924933e-10,0.0041568007203782063,6.6448627848966769e-06,1.7199945947806407e-07,0.50010954031509092
28.770569516521942,1016,0.032506071439805495,1.937679745388915e-10,0.0042319249435541261,6.8866608855900007e-06,1.7831278689254848e-07,0.50010954884832626
28.883837059819928,1020,0.033093786545135076,2.0792624142362739e-10,0.0043084388409210693,7.1372584963881042e-06,1.8486168490417948e-07,0.50010955768878174
28.997104528491857,1024,0.033692217642750537,2.0827615174380141e-10,0.0043863478399733553,7.3969719448614447e-06,1.9165674982767525e-07,0.50010956684402275
29.110371917227816,1028,0.034301402860800266,2.4301654235497384e-10,0.004465656904567121,7.6661303727984715e-06,1.987039362994057e-07,0.50010957631750752
29.223639222200035,1032,0.034921381412301652,3.0377150746679947e-10,0.0045463711397962479,7.9450761972831558e-06,2.0600822026202626e-07,0.50010958610898837
29.336906443320458,1036,0.035552188053684611,3.4395121765581015e-10,0.0046284950705570461,8.234165669377142e-06,2.1358055874085887e-07,0.50010959621181839
29.450173584948658,1040,0.036193873693207118,3.5605737119882353e-10,0.0047120353245321978,8.5337690137044558e-06,2.2143167214533796e-07,0.50010960660377768
29.563440652198221,1044,0.036846513889850982,3.6447903956367115e-10,0.0047970017386514113,8.8442705755093318e-06,2.295685114299142e-07,0.50010961723236391
29.67670765000539,1048,0.037510210244090694,3.7603067887796065e-10,0.0048834075401538819,9.166069228473765e-06,2.3800011925730446e-07,0.50010962799451009
29.789974582626567,1052,0.038185086418789392,3.9442133115686327e-10,0.0049712688285536996,9.4995788437019913e-06,2.4673843793443626e-07,0.5001096387039955
29.90324145066014,1056,0.038871292721810405,4.2797970800179195e-10,0.0050606051722443318,9.8452284456789621e-06,2.5579279305500331e-07,0.50010964903341282
30.016508252053438,1060,0.039569020912127301,4.548733927398779e-10,0.0051514415360876453,1.0203462284535303e-05,2.6516927175593306e-07,0.50010965841237165
30.129774982884271,1064,0.040278503136920031,4.5291248019960998e-10,0.0052438081430357846,1.0574740321450282e-05,2.7487700965246512e-07,0.50010966585761041
30.243041638434423,1068,0.041000000287904209,4.3770074847049019e-10,0.0053377389582561748,1.0959539190944963e-05,2.8493206022995907e-07,0.50010966970658532
30.35630821523797,1072,0.041733802297978524,4.3018042091420546e-10,0.0054332717277516887,1.1358353067720319e-05,2.9535371126256562e-07,0.50010966722801242
30.469574710774232,1076,0.042480233327916568,4.20992089069695e-10,0.0055304486536095895,1.17716938573061e-05,3.0616140815804794e-07,0.50010965409531616
30.582841122890009,1080,0.043239650095306378,3.9172985297910939e-10,0.0056293161764482524,1.2200090594010777e-05,3.1738381855726746e-07,0.50010962375199908
30.696107449138403,1084,0.04401243853245581,3.5019238294844751e-10,0.0057299245403140296,1.2644088254985268e-05,3.2909402367862175e-07,0.50010956682528385
30.809373686709105,1088,0.044799006792284463,3.1523922127606142e-10,0.0058323268821270317,1.3104246413576538e-05,3.4150256586439296e-07,0.50010947103290393
30.922639833538177,1092,0.045599773083625832,2.8891521568883316e-10,0.0059365776479742734,1.3581137254275573e-05,3.5491467154379705e-07,0.5001093224789489
31.035905887208706,1096,0.046415153165754924,2.5688737505667378e-10,0.0060427309650378002,1.4075342982466575e-05,3.6937247787507023e-07,0.50010910951591814
31.149171846056628,1100,0.047245559193171714,2.1507399117546124e-10,0.0061508404911984867,1.4587455743021187e-05,3.8455703391923703e-07,0.50010882963347159
31.262437708358874,1104,0.048091404224060774,1.7286399323415951e-10,0.0062609600019867808,1.5118067416957669e-05,3.9997082860613274e-07,0.50010849750595521
31.3757034710395,1108,0.048953098330309149,1.3480002479374954e-10,0.0063731428841507752,1.5667748131548642e-05,4.1477995131451582e-07,0.50010814959245098
31.488969131277557,1112,0.049831034733143188,1.0306760484549106e-10,0.0064874403306720389,1.6237121115706406e-05,4.2842722796345554e-07,0.50010784042256651
31.60223468615715,1116,0.050725582801975623,7.7022579998275043e-11,0.0066039004292942427,1.6827037427319199e-05,4.4105790982969042e-07,0.5001076292796699
31.715500132843989,1120,0.051637088378571457,5.3620025737208254e-11,0.0067225682047259106,1.7438529672918046e-05,4.5326532984169064e-07,0.50010756144844859
31.828765468988905,1124,0.052565873591490932,2.9435111425645151e-11,0.0068434855944829818,1.8072490854119184e-05,4.7270178938726428e-07,0.50010765230540888
31.942030691935575,1128,0.053512238800575998,1.4559499778217001e-12,0.0069666917020390811,1.8729593724699897e-05,4.9233444931950036e-07,0.50010788238030335
32.055295798280795,1132,0.054476468075498219,-2.4668115159332416e-11,0.007092223510070844,1.9410590588730907e-05,5.1071925630206371e-07,0.50010820591980065
32.168560785145672,1136,0.055458832699762831,-4.6264670859521434e-11,0.0072201163366398449,2.0116477878232979e-05,5.2822328469227807e-07,0.50010856789695568
32.281825648816437,1140,0.056459584073706312,-6.7173755131184811e-11,0.0073504029112426853,2.0848312243584833e-05,5.4574823014997148e-07,0.5001089207092041
32.39509038640621,1144,0.057478947690788172,-9.2385275394146673e-11,0.0074831125905919314,2.1607004025995573e-05,5.6384687693394764e-07,0.5001092338227825
32.508354994717372,1148,0.05851712849686877,-1.1876923877436434e-10,0.0076182720563338149,2.2393312576078123e-05,5.8289603283611074e-07,0.50010949468255184
32.621619469511259,1152,0.059574320877500711,-1.4279321096448113e-10,0.0077559066152812573,2.320796239688973e-05,6.0310354980844335e-07,0.5001097037266391
32.734883807550119,1156,0.060650716745951933,-1.6970154415144349e-10,0.0078960412523835198,2.4051744602351586e-05,6.2440003576896481e-07,0.50010986797047696
32.848148005114133,1160,0.06174650596943014,-2.0801654517145106e-10,0.0080387006862158283,2.492556228659249e-05,6.4659645631038372e-07,0.50010999626752295
32.961412058391645,1164,0.062861873793182838,-2.5287143377367627e-10,0.0081839090336261709,2.5830439578374943e-05,6.6992443626684963e-07,0.50011009696017117
33.074675964171767,1168,0.063997000772398879,-2.9070791280006109e-10,0.0083316898008696447,2.6767517025739936e-05,6.9444262840858203e-07,0.50011017715419115
33.187939717568135,1172,0.065152075767480958,-3.1426828227574611e-10,0.0084820675754467851,2.7738038701952092e-05,7.1977276318593565e-07,0.50011024267918236
33.301203311916751,1176,0.066327330380009888,-3.2439629538220374e-10,0.0086350725092788627,2.8743330954520248e-05,7.4598843493662172e-07,0.50011029821328723
33.41446673936499,1180,0.067523058164420488,-3.2890988380557566e-10,0.0087907428198520255,2.9784780148497688e-05,7.7313847898146786e-07,0.50011034740660021
33.527729991464732,1184,0.068739604454226,-3.3174488611904807e-10,0.0089491234657061332,3.0863820635988633e-05,8.0125466726855364e-07,0.50011039299020232
33.640993063844519,1188,0.069977346698613954,-3.3185990834148048e-10,0.0091102635864806717,3.1981937394846184e-05,8.3037018517849237e-07,0.50011043689693968
33.75425595507599,1192,0.071236690313703957,-3.2517899555369783e-10,0.0092742159627951723,3.3140677929880362e-05,8.6050613841063457e-07,0.50011048041344686
33.86751866875484,1196,0.072518078670323977,-3.0879811040710652e-10,0.0094410383165453599,3.4341663905850735e-05,8.9170040885669746e-07,0.50011052435558778
33.980781210643578,1200,0.073821998085484217,-2.8146325596828739e-10,0.0096107939607369217,3.5586594084627935e-05,9.2402989315812165e-07,0.50011056923638175
34.094043582811793,1204,0.075148972888618881,-2.4552039540976997e-10,0.0097835511571656708,3.6877236006410289e-05,9.5757107467229815e-07,0.50011061539460022
34.207305782787856,1208,0.076499558170164669,-2.0514251088181402e-10,0.0099593821723640077,3.8215409508509872e-05,9.9239334168846489e-07,0.50011066307109164
34.320567804974409,1212,0.077874338720726841,-1.6530210562854105e-10,0.010138363139492282,3.9602967043394348e-05,1.0285162974543287e-06,0.50011071244234462
34.433829643142282,1216,0.079273929763346296,-1.2925655225917146e-10,0.010320574153671718,4.1041776569498826e-05,1.0659703156957491e-06,0.50011076363293872
34.547091289402324,1220,0.080698969850756974,-9.4718137365779487e-11,0.01050609834728722,4.2533710943687168e-05,1.1048044134277409e-06,0.50011081672606306
34.660352739306425,1224,0.082150108676549954,-6.1355891287778741e-11,0.010695020303137999,4.4080645289628092e-05,1.1450663879784084e-06,0.50011087177966196
34.77361398911075,1228,0.083627995401715505,-3.0984872179400276e-11,0.010887424534684628,4.568446336365832e-05,1.1868023974379464e-06,0.50011092884462993
34.886875033937123,1232,0.085133274092859534,-5.5408313232182226e-12,0.011083394892156132,4.7347070486827644e-05,1.2300858780068141e-06,0.50011098797807285
35.000135870483028,1236,0.086666580030961782,1.5053556044384263e-11,0.011283014081991807,4.9070409251995366e-05,1.274988724453525e-06,0.50011104924832217
35.113396493871008,1240,0.088228534624784097,3.0292476480790059e-11,0.011486363004624186,5.0856478835783513e-05,1.3215127550656484e-06,0.50011111273353015
35.226656898821794,1244,0.089819741430453237,3.8945260895600995e-11,0.011693520236273481,5.2707355106507732e-05,1.3696539129873731e-06,0.50011117851793563
35.3399170816988,1248,0.091440781528341508,4.0768878907298991e-11,0.011904561427069433,5.4625211000321558e-05,1.4194638933746295e-06,0.50011124668887164
35.453177036753047,1252,0.093092210522426555,3.4765643184100133e-11,0.012119558910401697,5.6612336039941288e-05,1.4710338613274344e-06,0.5001113173353775
35.566436759180228,1256,0.094774558203470971,1.9350606369811143e-11,0.012338581659069628,5.8671153399163233e-05,1.5244408236232175e-06,0.50011139054803355
35.679696244956354,1260,0.096488332533600174,-7.7930462715034184e-12,0.012561695804029493,6.0804232830654207e-05,1.5797639634939226e-06,0.50011146641957049
35.792955488230476,1264,0.098234021273335526,-4.508054375623868e-11,0.012788964846215905,6.3014298536803029e-05,1.6370859611334392e-06,0.50011154504634758
35.906214483939834,1268,0.10001209292420038,-8.6322287751010307e-11,0.013020449779258507,6.5304233266705888e-05,1.6965049502753924e-06,0.50011162653096963
36.019473226893602,1272,0.10182299722996367,-1.2890170191410004e-10,0.013256209154738274,6.7677077086949165e-05,1.7581093003991728e-06,0.50011171098511287
36.1327317099257,1276,0.10366716681286456,-1.7435800743606294e-10,0.013496299295205546,7.0136022512577896e-05,1.8219619325825474e-06,0.50011179853016763
36.245989927337995,1280,0.10554502421324735,-2.2301122667295337e-10,0.013740775210661332,7.2684406836326303e-05,1.8881325986028552e-06,0.50011188929385653
36.359247873220376,1284,0.1074569886321234,-2.7190247081453458e-10,0.013989691476363047,7.5325703142302766e-05,1.9567125531197535e-06,0.50011198340421426
36.472505539506265,1288,0.10940347943409159,-3.1881013033387617e-10,0.014243102688865358,7.8063509641476428e-05,2.0277877760710568e-06,0.50011208098499937
36.585762919773217,1292,0.11138491829871743,-3.6225522740887658e-10,0.014501063746105556,8.0901538107551048e-05,2.1014458929857989e-06,0.50011218215575282
36.699020005803149,1296,0.11340173346535518,-4.0085956089068193e-10,0.014763630400031659,8.3843602767946237e-05,2.1778005292767407e-06,0.50011228703592692
36.812276791437739,1300,0.11545436543161762,-4.3432608845420193e-10,0.015030859998479085,8.6893610951774492e-05,2.2569843052059026e-06,0.50011239574977384
36.925533270866723,1304,0.11754327200775208,-4.6342861120726156e-10,0.015302812143193579,9.0055555975647185e-05,2.3391343611556188e-06,0.50011250842909583
37.038789437419751,1308,0.1196689325589462,-4.8775746531055106e-10,0.01557954924213171,9.3333513296235576e-05,2.4243562175455044e-06,0.5001126252132847
37.152045282653063,1312,0.12183185187488937,-5.0669412106829279e-10,0.015861137013234255,9.6731641839181066e-05,2.5127275612123791e-06,0.50011274624770152
37.265300799576892,1316,0.12403256309028009,-5.2145362245575085e-10,0.016147644864643415,0.00010025418801638051,2.6043217938012559e-06,0.50011287168147389
37.378555980008656,1320,0.1262716305516256,-5.3239279216470755e-10,0.016439146267927883,0.00010390549385813348,2.6992490118819633e-06,0.50011300166528416
37.491810818248894,1324,0.12854965351442399,-5.3690098314506177e-10,0.016735719239414384,0.00010769000845172373,2.7976273464358848e-06,0.50011313635008214
37.605065308610882,1328,0.13086726860644382,-5.3297615093832098e-10,0.017037446660878971,0.00011161230200656182,2.8995942332473585e-06,0.50011327588813337
37.718319443202951,1332,0.13322515077750591,-5.2341874805488919e-10,0.017344416403197945,0.00011567708417659045,3.005280854655778e-06,0.50011342043699758
37.831573213426665,1336,0.13562401475738869,-5.1446684802905485e-10,0.01765672151615072,0.00011988922212990081,3.1148293549025854e-06,0.50011357016472446
37.944826609952962,1340,0.13806461693946889,-5.1040655587393426e-10,0.017974460473648673,0.0001242537623347755,3.2283953715264785e-06,0.50011372525396391
38.058079624994392,1344,0.14054775749357318,-5.1219142021738905e-10,0.018297737448804662,0.00012877595171755486,3.3460412924467727e-06,0.50011388590309092
38.171332251699944,1348,0.14307428354212312,-5.1550054955512396e-10,0.018626662727431371,0.00013346126043598953,3.4678956518414873e-06,0.50011405232399486
38.284584482978417,1352,0.14564509094032932,-5.0641368690444635e-10,0.018961352939802584,0.00013831540491212579,3.5941366476586296e-06,0.50011422473820788
38.397836308357171,1356,0.14826110810317794,-4.6913244591676763e-10,0.019301928955108696,0.00014334436870900867,3.7249047869226915e-06,0.50011440337463609
38.511087717862331,1360,0.15092325957647912,-4.0772751545999596e-10,0.019648511138816899,0.00014855441988504835,3.8603949784450977e-06,0.50011458846767554
38.624338700264545,1364,0.15363247174523328,-3.5759938203140402e-10,0.020001220095836273,0.00015395212146107861,4.0008296009703149e-06,0.5001147802519883
38.737589247437278,1368,0.15638972109242655,-3.5155026869985225e-10,0.020360182953270248,0.00015954433818094361,4.1463681682084603e-06,0.50011497896206736
38.850839351229759,1372,0.15919618432814692,-3.9775653552635327e-10,0.020725552905539193,0.00016533824125575293,4.2971465547022234e-06,0.50011518484281203
38.964089002606066,1376,0.16205329653070202,-4.7004176295846207e-10,0.021097516783700108,0.0001713413138100171,4.4534117097226983e-06,0.5001153981578178
39.077338189191828,1380,0.16496217460606666,-4.7278418117589153e-10,0.021476219996350372,0.00017756135038854656,4.6153550182578495e-06,0.50011561918799463
39.190586898662808,1384,0.16792352360830951,-2.9520564774144012e-10,0.021861754333600807,0.00018400643846470756,4.7832523976353946e-06,0.50011584823132227
39.303835120806362,1388,0.17093758829496297,-8.2404989136617562e-11,0.022254151660129624,0.00019068494980852715,4.9572476754732669e-06,0.5001160856066359
39.417082847020325,1392,0.17400525588915536,-3.5636659476232652e-11,0.02265352748241057,0.00019760563811845836,5.1374843649324994e-06,0.50011633165070457
39.530330068173527,1396,0.1771288697426168,-1.2202142463493045e-10,0.023060186878485954,0.00020477777496495864,5.3242860279258504e-06,0.50011658670987125
39.643576771855699,1400,0.18031159844392258,-1.1066521887780935e-10,0.023474542362954865,0.00021221107590112151,5.5179261325952292e-06,0.50011685113409166
39.756822945110621,1404,0.18355473709814191,1.0244724854687956e-10,0.023896762543932769,0.00021991541447369009,5.7186112317529102e-06,0.50011712527540597
39.870068573725881,1408,0.18685757458915572,4.0087316356218847e-10,0.024326754842098057,0.000227900689868309,5.926615104412399e-06,0.50011740948913186
39.983313647288703,1412,0.19022012630162005,5.8860370294152101e-10,0.02476452126035994,0.00023617701985796834,6.1422092877352735e-06,0.5001177041378746
40.096558156191762,1416,0.19364369789525343,5.123938640733388e-10,0.025210231780930528,0.00024475496335924646,6.3656440432465707e-06,0.50011800959496311
40.209802090009227,1420,0.19712983536383172,1.4127850985986602e-10,0.02566408767481345,0.00025364553318459358,6.5971662264304869e-06,0.5001183262438853
40.323045433425492,1424,0.20067956536315185,-4.098582368947893e-10,0.026126222601047869,0.00026286011155589615,6.8370948628785641e-06,0.50011865447356385
40.43628817281752,1428,0.20429376333235125,-9.7364915735171243e-10,0.02659675053196443,0.00027241042249667507,7.0857750849455139e-06,0.5001189946737864
40.549530292516735,1432,0.20797365086660283,-1.4126814248558925e-09,0.02707583050551679,0.0002823085499369973,7.3435382558559442e-06,0.50011934723581797
40.662771781426997,1436,0.21172060552513247,-1.6033609093326706e-09,0.027563641864424355,0.00029256695742800132,7.6107717217000586e-06,0.50011971256180887
40.776012628397496,1440,0.21553600721165633,-1.474714379719232e-09,0.028060364256632799,0.00030319850899279493,7.8877772169465217e-06,0.50012009108075584
40.88925281899084,1444,0.21942118203893396,-1.0325057364402338e-09,0.028566170327110174,0.00031421649796861375,8.1748541994181216e-06,0.50012048326118763
41.002492336207865,1448,0.22337720546361461,-3.8105846105753686e-10,0.029081200088217803,0.00032563467870039238,8.4723379859112442e-06,0.50012088961071388
41.115731163164355,1452,0.22740502809388971,2.6487547390347845e-10,0.02960557729845182,0.0003374672991510918,8.7805879553089128e-06,0.5001213106607667
41.228969283060437,1456,0.23150563200650787,7.4644585364115265e-10,0.030139429813160631,0.00034972913404465847,9.1000250106306762e-06,0.50012174694816325
41.342206682810428,1460,0.23567994610966156,1.0057195782284863e-09,0.030682878565744545,0.00036243551903006896,9.4310745575155823e-06,0.50012219900740329
41.455443348567051,1464,0.23992894933294534,1.0811570423652217e-09,0.031236051001827893,0.00037560238360377445,9.7741561886151673e-06,0.50012266738132294
41.568679260379071,1468,0.24425379155323462,1.0632094959214106e-09,0.031799096822448525,0.00038924628269537014,1.0129710464728234e-05,0.50012315264023188
41.681914401879425,1472,0.24865571823380336,1.0011196740849181e-09,0.032372178172918438,0.0004033844291516224,1.0498189628498359e-05,0.50012365539623604
41.795148752377123,1476,0.253136075486455,8.7980110318657077e-10,0.032955470301856297,0.00041803472328097793,1.0880033459386619e-05,0.50012417630378636
41.908382295218836,1480,0.25769635416871195,6.8553432066220318e-10,0.03354916730214557,0.00043321578210492404,1.1275747323908019e-05,0.50012471605118924
42.021615015550182,1484,0.26233806874689514,4.2533302593394766e-10,0.034153466340269806,0.00044894696478195971,1.168581785235564e-05,0.50012527534898954
42.13484689526566,1488,0.2670626506806581,1.0782515551537204e-10,0.034768553776177942,0.00046524839473992171,1.2110824325397824e-05,0.50012585492475981
42.248077912378392,1492,0.27187152976481105,-2.3120097528909599e-10,0.03539461575307503,0.0004821409803310468,1.2551392896597954e-05,0.50012645552788493
42.361308049353525,1496,0.27676620636750243,-5.2705236724438775e-10,0.036031847602021105,0.00049964643763197457,1.3008110994975877e-05,0.50012707794001809
42.474537282535394,1500,0.28174818354169073,-7.413740871480435e-10,0.036680445003608272,0.00051778731006920438,1.3481538395480542e-05,0.50012772297992325
42.587765594891465,1504,0.28681894094271476,-8.7920895200767693e-10,0.037340600592321693,0.00053658698867913458,1.3972275046094032e-05,0.50012839149873012
42.700992969685316,1508,0.29198002439462584,-9.5716732318438559e-10,0.038012515617068761,0.00055606972698833137,1.4480990757317826e-05,0.50012908437177761
42.814219382394143,1512,0.29723307342245703,-9.8838317253422715e-10,0.038696403525570959,0.00057626065617077244,1.5008331427683574e-05,0.50012980249162031
42.927444812672498,1516,0.30257977655971474,-9.9629211477991753e-10,0.039392484145901852,0.000597185802050826,1.5554906182544533e-05,0.50013054677216506
43.040669239111025,1520,0.30802186391880348,-9.7371151099772194e-10,0.040100982719239939,0.00061887209857092174,1.6121385858613497e-05,0.50013131815514977
43.153892635675703,1524,0.313561141461903,-8.971331197187276e-10,0.040822134361551486,0.00064134740610164939,1.6708544366162248e-05,0.50013211761541243
43.267114983772167,1528,0.31919950231528949,-7.5526355642111485e-10,0.041556185536587853,0.00066464053791754675,1.7317121329405633e-05,0.50013294616114534
43.380336262063743,1532,0.32493889837273221,-5.7082070488564604e-10,0.042303390358967137,0.00068878128210571495,1.794788071834192e-05,0.50013380483647385
43.493556442613354,1536,0.33078133189529729,-3.7427339827085342e-10,0.043064009500563036,0.00071380042612466063,1.8601707214143296e-05,0.50013469472880179
43.606775505507471,1540,0.33672886055550216,-1.8347362206448149e-10,0.043838310847197089,0.00073972979291389346,1.9279443248130019e-05,0.50013561697369846
43.719993423880922,1544,0.34278358191470548,-1.4527528187585972e-11,0.044626567477769351,0.00076660227453594456,1.998191506779753e-05,0.50013657275248713
43.833210170943296,1548,0.34894761235405009,1.256034495703863e-10,0.045429054921304161,0.0007944518710324204,2.0710026503971916e-05,0.50013756328724368
43.946425725438736,1552,0.35522308310550954,2.4314079390260965e-10,0.046246050640236985,0.00082331373347950283,2.1464746667350033e-05,0.5001385898363333
44.059640057305494,1556,0.36161213901074163,3.4297446507196641e-10,0.047077833868831132,0.00085322420961731632,2.2247044974251901e-05,0.50013965369361846
44.172853138579704,1560,0.36811692242916894,4.2086591888401345e-10,0.047924683518190805,0.00088422089987218069,2.305787613636652e-05,0.50014075619072007
44.286064946253639,1564,0.37473956425084776,4.8082727559174872e-10,0.048786877006237697,0.00091634271663314194,2.3898258742382429e-05,0.50014189870304238
44.399275446818152,1568,0.38148218008461865,5.3262250241780523e-10,0.04966468976145106,0.00094962994475811008,2.4769231371387259e-05,0.50014308265648666
44.512484612588331,1572,0.38834686828409748,5.6703608822261664e-10,0.050558394965873943,0.00098412431789860898,2.5671825265654935e-05,0.50014430953092603
44.62569241730376,1576,0.39533571868658479,5.608545234410834e-10,0.051468264692820904,0.0010198690913922693,2.6607177104954266e-05,0.5001455808618096
44.738898823833246,1580,0.40245082667084969,4.9856603009457504e-10,0.052394571737043406,0.0010569091128296083,2.7576455298607489e-05,0.50014689824143954
44.852103804590364,1584,0.40969430504273985,3.8468108939145734e-10,0.05333759116210255,0.0010952909071230057,2.8580923967750276e-05,0.50014826332259943
44.965307329759128,1588,0.41706828705996984,2.3820076293368242e-10,0.054297600694162507,0.0011350627554792536,2.9621886802756828e-05,0.50014967781844444
45.078509360091104,1592,0.42457493276860081,8.1488401340286745e-11,0.055274881546928917,0.0011762747741395551,3.0700680103876747e-05,0.50015114350232059
45.19170986663724,1596,0.43221644617519173,-7.1768419711900483e-11,0.056269720657269866,0.0012189790020982125,3.1818775199708921e-05,0.50015266220590215
45.304908814769547,1600,0.43999508491925388,-2.1910941293214366e-10,0.057282411944460675,0.0012632294788997452,3.2977572882607671e-05,0.50015423581712415
45.418106160003219,1604,0.44791316441918061,-3.6320050284910192e-10,0.058313256849937357,0.0013090823284904855,3.4178542928517957e-05,0.50015586627131159
45.531301868805869,1608,0.45597306977706126,-5.0684065798500821e-10,0.059362565887169476,0.0013565958514473989,3.5423201167684164e-05,0.50015755553268737
45.644495899078898,1612,0.46417726658197583,-6.4156365604198934e-10,0.060430660048127631,0.0014058305978136545,3.6713183757559922e-05,0.50015930555847132
45.757688210919206,1616,0.47252830364506437,-7.526591278938892e-10,0.061517871159358764,0.0014568494508064519,3.8050111370066845e-05,0.50016111823829812
45.870878776029571,1620,0.48102880852154833,-8.2950835610107188e-10,0.062624541299003647,0.0015097177104917603,3.9435732204715429e-05,0.50016299529391528
45.984067558810494,1624,0.48968148786047933,-8.7200625518112085e-10,0.063751022842330266,0.0015645031602679908,4.0871939326489111e-05,0.50016493812037899
46.097254521899117,1628,0.49848913284713453,-8.8706997574284491e-10,0.064897679170272504,0.0016212761369521554,4.2360603210375185e-05,0.50016694754930835
46.210439634631932,1632,0.50745461411646964,-8.7862502771421033e-10,0.06606488400721891,0.0016801096039463235,4.3903577117297802e-05,0.50016902348488668
46.323622849967457,1636,0.51658086862980712,-8.4768014217131635e-10,0.067253019712505094,0.0017410792203777913,4.5502751559841507e-05,0.50017116435805364
46.436804132531179,1640,0.5258708973146885,-7.967387615002812e-10,0.068462476973149028,0.0018042634408756699,4.7160530017465202e-05,0.50017336638476451
46.549983445561089,1644,0.53532776439743834,-7.2741801568788206e-10,0.069693654716958361,0.0018697435670781343,4.8880605218885756e-05,0.5001756228482469
46.663160734432985,1648,0.54495459558308779,-6.384103605461787e-10,0.070946959875577018,0.0019376037485070823,5.0668018902550264e-05,0.50017792405946593
46.776335952474867,1652,0.55475457585823917,-5.2944814634900417e-10,0.072222807098442768,0.0020079310009382227,5.2527518506414806e-05,0.50018025913487874
46.889509051250293,1656,0.56473093961561838,-4.0358581461594906e-10,0.07352161746711508,0.0020808152978028026,5.4461006630656662e-05,0.50018262056042839
47.002679977399296,1660,0.57488696130070904,-2.6696068543708568e-10,0.074843817277572056,0.0021563498245556062,5.646659116325848e-05,0.50018501119080361
47.115848691200803,1664,0.58522595301744373,-1.2979397916688951e-10,0.076189837728498341,0.0022346313081906448,5.8539582040410995e-05,0.50018745110155449
47.22901514988768,1668,0.59575126407839341,-1.8728231313859534e-12,0.077560114862724863,0.0023157601535053222,6.0674914203937028e-05,0.50018998023623484
47.342179292516917,1672,0.60646628235760203,1.1136436271850375e-10,0.078955089743352663,0.0023998403003082942,6.2870637924463158e-05,0.50019265358592957
47.455341072264766,1676,0.61737443866948538,2.0478135094766092e-10,0.080375209023836311,0.0024869790132492223,6.5130676204639613e-05,0.50019552889186192
47.568500427434834,1680,0.62847920470762375,2.7865746857333104e-10,0.081820924679637863,0.0025772868555378084,6.7464616500598039e-05,0.50019865081536941
47.681657306866612,1684,0.63978409607753306,3.3525991824292362e-10,0.083292694403059572,0.0026708781366320752,6.9884488466251358e-05,0.50020203803224139
47.794811665910935,1688,0.65129267554149539,3.6706563336834711e-10,0.084790982025684331,0.0027678715063567841,7.2401896834921824e-05,0.50020567904338398
47.907963454037017,1692,0.66300855615372711,3.7382715862730939e-10,0.086316257926539311,0.0028683900478682516,7.5028208817231261e-05,0.50020953849194139
48.021112601633376,1696,0.67493540355179205,3.5677255550911613e-10,0.087868999330412159,0.0029725606619597973,7.7771328141120163e-05,0.50021357067640748
48.134259051610108,1700,0.68707694203157632,3.2052695236482395e-10,0.089449691098744427,0.0030805135159593408,8.0630768901170888e-05,0.50021773402956837
48.247402731040708,1704,0.69943695198246525,2.6649259697846678e-10,0.091058825395720466,0.0031923823373311839,8.3599571248637041e-05,0.50022200099998981
48.360543587349632,1708,0.7120192739071548,1.9635695055596897e-10,0.092696902211601609,0.0033083056582493939,8.667191759159297e-05,0.50022636096994422
48.473681568298154,1712,0.72482781014845665,9.918880880489464e-11,0.094364429587536852,0.003428428073197866,8.9848240502404732e-05,0.5002308172973764
48.58681660820217,1716,0.73786653462275686,-1.1141558053755218e-11,0.096061924882749644,0.0035529008319119208,9.3134435849259048e-05,0.50023538160990932
48.699948626365718,1720,0.75113950548465924,-1.4461202412418758e-10,0.097789916423332068,0.0036818816997350339,9.6538284832282776e-05,0.50024006850714764
48.813077544874965,1724,0.76465087156831446,-2.9402782140454387e-10,0.099548944340833431,0.0038155344772103318,0.00010006580465468343,0.50024489239108016
48.926203291429118,1728,0.77840486662139319,-4.4432988180725247e-10,0.10133955982158845,0.0039540285409143125,0.00010372183800503538,0.50024986640023494
49.039325812913319,1732,0.7924058000009464,-6.0097219187855641e-10,0.10316232389542281,0.0040975386437129132,0.00010751103009372318,0.5002550024744653
49.152445057978106,1736,0.80665804810630659,-7.4926684648368713e-10,0.10501780632031336,0.0042462449606375796,0.00011143791858976426,0.5002603116505826
49.26556095770183,1740,0.82116605392194697,-9.0189138633473692e-10,0.10690658552287344,0.0044003333690928806,0.00011550748408566204,0.50026580422696754
49.378673432187185,1744,0.83593433637414549,-1.0414023554638531e-09,0.10882924981648534,0.0045599959352587522,0.00011972507635068422,0.50027148983641923
49.491782391127202,1748,0.85096749673213146,-1.1644690801350908e-09,0.11078639823465761,0.0047254314874433032,0.00012409646418397411,0.50027737754688184
49.604887759221441,1752,0.86627022151988853,-1.2680547630808045e-09,0.11277864091010903,0.0048968462324561245,0.00012862774608206752,0.50028347603741796
49.717989468698264,1756,0.88184727612300162,-1.3621377461300183e-09,0.11480659824245203,0.0050744542594953843,0.00013332453345063443,0.50028979378990512
49.831087450805562,1760,0.89770349793256932,-1.4490091667773014e-09,0.11687090000560714,0.0052584779469078838,0.00013819221593432338,0.50029633927396078
49.944181609185314,1764,0.91384379160348117,-1.5099394724458169e-09,0.11897218473048404,0.0054491482638296864,0.00014323662127370567,0.50030312106493724
50.057271848611379,1768,0.93027313502535525,-1.5423342889842907e-09,0.12111110048233048,0.0056467051296232237,0.00014846429754897299,0.50031014793570538
50.170358064500768,1772,0.94699658306509638,-1.5537653719525056e-09,0.12328830534797128,0.0058513977075708287,0.00015388226048854365,0.5003174289144604
50.283440181149444,1776,0.96401928067686704,-1.5412985947217336e-09,0.12550446914257907,0.0060634847944887145,0.00015949791489497972,0.50032497332235282
50.396518123057191,1780,0.98134646737498721,-1.4999178069279723e-09,0.12776027399199563,0.0062832350973723175,0.00016531864484554352,0.50033279078854032
50.509591810971784,1784,0.99898348250468971,-1.4454402244351225e-09,0.13005641501892484,0.006510927540366431,0.00017135214490801351,0.50034089127307257
50.622661131145463,1788,1.0169357633029694,-1.4044100288095052e-09,0.13239360009047721,0.0067468514860748738,0.00017760622205352302,0.50034928507240717
50.735725974357905,1792,1.0352088521736473,-1.3653000515085126e-09,0.13477255076530123,0.0069913070552485414,0.00018408862810854679,0.50035798285757349
50.848786225896035,1796,1.0538083981447031,-1.3144085615930667e-09,0.13719400248331182,0.0072446053101033973,0.00019080780889916738,0.50036699566445075
50.961841801993756,1800,1.0727401667738208,-1.2406582584195691e-09,0.13965870585528098,0.0075070685235522332,0.00019777239467398086,0.50037633490148281
51.074892617985064,1804,1.092010039814987,-1.1994709713317175e-09,0.14216742661943249,0.0077790303003124842,0.00020499104956141586,0.50038601237546176
51.187938578457455,1808,1.1116240186402695,-1.1789807510256475e-09,0.14472094608691916,0.0080608357641689197,0.00021247310599761094,0.50039604028823503
51.300979554443245,1812,1.1315882223643861,-1.1411676035556761e-09,0.14732006089766267,0.0083528417461204655,0.00022022877630473747,0.50040643125071904
51.414015423051836,1816,1.1519088942617706,-1.1142422897975762e-09,0.14996558385578349,0.0086554171834572688,0.00022826841714990566,0.50041719830626197
51.527046062305544,1820,1.1725923995351089,-1.1131024323833907e-09,0.15265834363908928,0.0089689434801798265,0.00023660225122159372,0.50042835494200977
51.640071378018476,1824,1.1936452305761569,-1.0812870584802833e-09,0.15539918548397433,0.0092938150283413921,0.00024524103808914338,0.5004399151208333
51.753091274318884,1828,1.2150740058355207,-1.0388157205103166e-09,0.15818897103827753,0.0096304396414994432,0.00025419627578206097,0.50045189330806505
51.866105630405954,1832,1.2368854688544093,-1.0853928639111693e-09,0.16102857823522754,0.0099792390511928772,0.00026347936388295415,0.50046430447633572
51.979114305405702,1836,1.2590864874698933,-1.244400931257883e-09,0.1639189011899764,0.01034064953551393,0.00027310188074652778,0.50047716412799481
52.092117155011692,1840,1.2816840538529168,-1.3535079693323404e-09,0.16686085020454824,0.010715122645566087,0.0002830876858703127,0.50049048835925991
52.205114047249388,1844,1.3046852847726262,-1.3138409660348391e-09,0.16985535180225189,0.011103125979503555,0.0002934426935179116,0.50050429381385853
52.318104874450285,1848,1.3280974258328708,-1.3700134463305244e-09,0.17290334927922568,0.011505143976515159,0.00030417816022231529,0.50051859772731122
52.431089526926911,1852,1.3519278472498448,-1.505533344259985e-09,0.17600580215473385,0.011921678582204559,0.00031530762558296056,0.50053341798187478
52.544067851016329,1856,1.3761840354485608,-1.5884578956001927e-09,0.17916368507712196,0.012353249825789512,0.00032684500416025458,0.50054877310736356
52.657039699368255,1860,1.4008736013509733,-1.5603907778513268e-09,0.1823779889028373,0.01280039671646312,0.00033880471985451037,0.50056468232151008
52.770004904013327,1864,1.4260042709852638,-1.4824577223345597e-09,0.18564971947386347,0.013263677840389235,0.00035120218891553301,0.5005811655344351
52.882963320110505,1868,1.4515838933364424,-1.4150682454147981e-09,0.1889798986397804,0.013743672221272596,0.00036405381846009807,0.50059824340150083
52.995914825474216,1872,1.477620441532959,-1.4574062337817037e-09,0.19236956441224776,0.014240980004724856,0.00037737650156804959,0.5006159373154061
53.108859293322261,1876,1.5041220070869716,-1.6270186687728297e-09,0.19581977021515273,0.014756223004524716,0.00039118784903660104,0.50063426944108846
53.221796540219081,1880,1.5310967860942166,-1.7606975027256722e-09,0.19933158308798826,0.015290045090722652,0.0004055057839872381,0.50065326270619448
53.334726410382686,1884,1.5585530976316004,-1.8319709228342002e-09,0.2029060860810126,0.015843113196072574,0.00042034878240710728,0.50067294085468395
53.447648710742087,1888,1.5864993693030727,-1.9289009943338278e-09,0.20654437637348452,0.016416117642683449,0.00043573583620154396,0.50069332846038972
53.560563280209827,1892,1.6149441552685633,-2.0532053364354791e-09,0.21024756762082827,0.017009773134296875,0.00045168692808516051,0.50071445096143929
53.673469979876558,1896,1.6438961340641467,-2.1118087102168018e-09,0.21401678967084334,0.017624819421093455,0.00046822273043202337,0.50073633470201961
53.786368662102333,1900,1.67336409996372,-2.1527788076486365e-09,0.21785318743909216,0.01826202188343018,0.00048536473149369126,0.50075900695750275
53.89925911356076,1904,1.7033569506369373,-2.1406917298906827e-09,0.22175791930210198,0.018922171985095104,0.00050313510370791263,0.50078249595280522
54.012141166471253,1908,1.7338837278110133,-2.0534786098098945e-09,0.22573216239107441,0.019606088763519887,0.00052155702312542179,0.50080683091642964
54.125014601286296,1912,1.7649536099421717,-1.9457033991789052e-09,0.22977711163779035,0.020314619196061579,0.00054065423664916153,0.50083204208434928
54.237879238344135,1916,1.7965759421421406,-1.7877261749947582e-09,0.23389398367070324,0.021048639748542909,0.00056045144355082867,0.50085816076673007
54.350734920523479,1920,1.828760211289679,-1.7360883657318443e-09,0.2380840135747396,0.021809057351492807,0.00058097421134178332,0.50088521935629726
54.463581475999639,1924,1.8615160065859371,-1.6331349885715524e-09,0.2423484497560506,0.022596810261487386,0.00060224892642364884,0.50091325137002896
54.576418662269425,1928,1.8948530209951093,-1.5553246438156088e-09,0.24668855412956894,0.023412868802363332,0.00062430291964202678,0.5009422914898195
54.689246292574559,1932,1.9287811756953286,-1.4427721348360401e-09,0.25110561832111555,0.024258237501275207,0.0006471646871799555,0.50097237562458341
54.802064117518825,1936,1.9633106601999037,-1.5081867790235626e-09,0.25560096889073369,0.025133955569067955,0.00067086397844181829,0.50100354095655419
54.914871931704752,1940,1.998451968043957,-1.5204281039477713e-09,0.26017597197868769,0.026041099070481487,0.0006954312899187195,0.50103582604687502
55.027669555313039,1944,2.0342157668511884,-1.4483401381427258e-09,0.26483201638961695,0.026980782214621621,0.00072089775196642789,0.50106927071835239
55.14045679082097,1948,2.0706125786352936,-1.2713038291360668e-09,0.26957047197137585,0.027954158410048943,0.00074729586334563222,0.50110391623364792
55.253233361950315,1952,2.1076526848988784,-9.6781358708414311e-10,0.27439267725997957,0.028962421168618687,0.00077465926928092809,0.50113980524105595
55.365999058125958,1956,2.1453465493541808,-4.2233259381005417e-10,0.27929999451308829,0.030006806888120893,0.00080302297321146999,0.50117698187816795
55.478753598270963,1960,2.1837050578987154,-1.1439340794061614e-11,0.28429384095213744,0.031088595058584915,0.0008324572266551354,0.50121549181488845
55.591496743655519,1964,2.2227399684999933,-3.0265615079232144e-10,0.28937574733226878,0.032209110540073471,0.00086297165468962459,0.50125538235037725
55.70422828948022,1968,2.2624643508929241,-4.7870390615899205e-10,0.29454741518598754,0.033369724873165245,0.00089460234814635125,0.50129670242154334
55.816948014993493,1972,2.3028915877942087,-3.4371821296293181e-10,0.29981058679250822,0.034571857438785311,0.00092739006733387887,0.50133950271306371
55.929655606909954,1976,2.344034219549147,3.1689773721810255e-10,0.30516689476376235,0.035816976331183317,0.00096137733422429214,0.50138383554704513
56.042350825946642,1980,2.3859037588410406,1.413064708213202e-09,0.31061783792164593,0.037106601712943853,0.00099660718010709443,0.50142975506941789
56.155033360491643,1984,2.4285113968639447,2.4779318894083829e-09,0.31616487323377079,0.03844230566214904,0.0010331267148986829,0.50147731731268852
56.267702928165576,1988,2.4718689540867729,3.4321231319207196e-09,0.32180953959225828,0.039825714789133208,0.0010709822588784727,0.50152658021705288
56.380359295988519,1992,2.5159891431479817,4.0200673950743088e-09,0.32755349203967132,0.041258512146431711,0.0011102226248919809,0.50157760372640481
56.493002220946124,1996,2.5608852644071547,4.0743496380543642e-09,0.33339846213325397,0.04274243817610518,0.0011508983904124017,0.50163044990649108
56.605631354745235,2000,2.6065708565493129,3.5569666114419751e-09,0.33934621245754221,0.044279291034479126,0.0011930613721830414,0.50168518299408849
56.718246411898768,2004,2.6530596578168093,2.7939257619697538e-09,0.34539853157719236,0.045870930499672863,0.0012367656844533535,0.50174186921825681
56.830847065394138,2008,2.7003655860508515,2.3072766069682366e-09,0.35155723143861195,0.047519278389162443,0.0012820673620239811,0.50180057717293181
56.943432969685695,2012,2.7485027513982421,2.1210369060067902e-09,0.35782414902423426,0.049226320723325792,0.0013290246517918944,0.50186137783124396
57.056003860844811,2016,2.7974854133951337,1.8524317420710174e-09,0.36420114076530596,0.050994111297605893,0.0013776982695017082,0.50192434450953549
57.168559470720773,2020,2.8473278491342162,1.2783607946081216e-09,0.37069006537873744,0.052824772574911423,0.0014281495861737346,0.50198955306222004
57.281099434551813,2024,2.898044306461887,7.9674190704183412e-10,0.3772927777739008,0.054720496234676647,0.0014804441959494136,0.50205708190357456
57.393623393425273,2028,2.9496491195617991,1.5894641223861139e-10,0.38401114410030768,0.05668354692832759,0.0015346483647477381,0.50212701196076281
57.506131013457853,2032,3.0021568094622166,-1.5239208618969546e-09,0.39084705483253712,0.058716264962725487,0.0015908309705041106,0.5021994270387653
57.618621874459635,2036,3.0555821020685805,-3.7863962980624888e-09,0.39780242711787228,0.060821066677191574,0.0016490633904773966,0.50227441375951642
57.7310956709983,2040,3.1099400697684865,-5.7968760442880796e-09,0.40487922321167669,0.063000450669365549,0.0017094189500915134,0.50235206156132894
57.843552099177074,2044,3.1652460872319677,-7.5351532030035889e-09,0.41207944472308755,0.06525699852265654,0.0017719744212680933,0.5024324630456215
57.955990809621397,2048,3.2215157883556489,-9.0077209482630066e-09,0.41940512700962923,0.067593376544510322,0.0018368093683745353,0.50251571410012474
58.068411344823048,2052,3.2787649935179322,-1.0359427322914616e-08,0.42685832970665638,0.070012337018482029,0.0019040056497185546,0.50260191336402948
58.180813355180703,2056,3.3370097734450663,-1.120265184480565e-08,0.43444114504199777,0.072516725503997334,0.0019736480002936737,0.50269116292458549
58.293196355117885,2060,3.3962662998521953,-1.1613442324129308e-08,0.4421556783911007,0.075109478348447403,0.0020458897107161799,0.50278356810001723
58.405559970393327,2064,3.4565509748641827,-1.2742251395735441e-08,0.45000406512616692,0.077793630993764018,0.0021208290610474738,0.50287923766842546
58.517903857094588,2068,3.517880402223291,-1.4591917485299102e-08,0.45798846686771599,0.080572319322499197,0.0021984965439334299,0.50297828432467651
58.630227665635353,2072,3.5802713901586594,-1.6479988421656822e-08,0.46611107185815925,0.08344878191637857,0.0022789897704517245,0.5030808244570445
58.742530908352649,2076,3.6437408950098558,-1.7667927933390573e-08,0.47437408762222028,0.086426359560918237,0.0023624097141494538,0.50318697807180779
58.854813135590248,2080,3.7083061336548448,-1.8292038511062009e-08,0.48277975560379194,0.089508502651870644,0.0024488608017580885,0.5032968691118006
58.967073866258133,2084,3.7739845569702988,-1.912287819110306e-08,0.49133034771076728,0.092698772485472647,0.0025384526470608312,0.50341062545995185
59.079312593921209,2088,3.8407938561659072,-1.9787720749713661e-08,0.50002816713969545,0.096000844398182919,0.0026312965163699372,0.50352837946104279
59.191528930220699,2092,3.9087520546961292,-1.9794175732529284e-08,0.50887556034165815,0.099418515221830206,0.0027275068797379923,0.50365026740368846
59.303722480346174,2096,3.9778774364130682,-1.8179899794346782e-08,0.51787490766858213,0.10295570306466426,0.0028272039019662043,0.50377643015818185
59.415892829205688,2100,4.0481885346655,-1.5559919477881046e-08,0.52702862195405509,0.1066164500055356,0.0029305108461561958,0.50390701280391192
59.528039388568963,2104,4.11970403061434,-1.281827228128557e-08,0.53633913527514288,0.11040491985536301,0.0030375557067610394,0.5040421651714686
59.640161671801309,2108,4.1924429112817885,-1.0099537645427703e-08,0.54580891952861099,0.11432541005820138,0.0031484701797628058,0.5041820420378057
59.752259053653468,2112,4.2664243033255813,-9.0159364626862804e-09,0.55544046479020159,0.11838234666127088,0.0032633917908599158,0.50432680286767251
59.864331050020205,2116,4.3416676407829078,-8.1460689153357857e-09,0.56523630115300472,0.12258029731357686,0.0033825350515145035,0.50447661240154862
59.976377216986641,2120,4.4181925946444096,-7.0937467284808153e-09,0.57519898955878501,0.12692397148940809,0.0035063446234701299,0.50463164041354069
60.088397103933772,2124,4.4960190343884783,-5.6084536845420196e-09,0.58533111679018035,0.13141822222861047,0.0036346346392993451,0.5047920622252754
60.200390236828859,2128,4.5751670062248966,-4.2148302816652494e-09,0.59563529263826809,0.13606804878248849,0.003767564867456834,0.50495805802458227
60.312355939394948,2132,4.6556565896084381,-2.9400054096968831e-09,0.60611413122224955,0.14087859197860847,0.0039052972626986734,0.50512981323873052
60.424293634634921,2136,4.7375081003989097,-2.0001537188660268e-10,0.61677027743860258,0.14585514964929852,0.0040479997235071605,0.50530751891847592
60.536202622423659,2140,4.8207419277499808,9.3449384211755082e-10,0.62760638572584204,0.15100317026005894,0.0041958465061991421,0.50549137226854179
60.648082374822394,2144,4.9053787394747665,5.7279425820511154e-10,0.63862514680080873,0.15632826966427799,0.0043490160293305317,0.50568157650893675
60.759932386939482,2148,4.9914393863055979,1.3519876581116752e-10,0.64982927519436828,0.16183622851729135,0.0045076953671979655,0.50587834081137484
60.871752146035526,2152,5.0789448745304879,-1.1498851341593119e-09,0.66122150568898652,0.1675329944346278,0.004672077134181914,0.50608188073498328
60.98354109897889,2156,5.1679163375576724,-2.4108932311465991e-09,0.67280458961675327,0.17342468368775865,0.0048423582371965677,0.50629241804455705
61.0952984747043,2160,5.2583748823534346,-2.1681825753197548e-09,0.68458127486731279,0.17951757442824409,0.0050187423106488561,0.50651018034710382
61.20702368372676,2164,5.3503419023990784,-2.3975915476072418e-09,0.69655434663134363,0.18581813094009267,0.0052014399048363486,0.50673540144978946
61.318716010220321,2168,5.4438388222467848,-3.4451873862431648e-09,0.7087265941446026,0.19233299036916857,0.0053906672426297288,0.5069683223294027
61.430374743414355,2172,5.538887187519383,-4.6648541596368276e-09,0.72110082240488349,0.19906897294131023,0.0055866487786301556,0.50720919077569904
61.54199931213703,2176,5.6355087790910181,-5.4898543870585126e-09,0.73367986703705601,0.20603309405306161,0.0057901340783953733,0.50745826147709561
61.653589136514015,2180,5.7337254778850566,-7.1927252882041104e-09,0.74646657669127314,0.21323255933206506,0.0060008920604422466,0.50771579647613763
61.765143613851279,2184,5.8335592475740476,-8.7596482480772897e-09,0.75946381079070102,0.22067476680339657,0.0062191731166990971,0.50798206421894443
61.876661892654795,2188,5.9350319075681082,-9.6055458179492015e-09,0.77267440997715942,0.22836729381749907,0.0064452221258551722,0.50825733902274717
61.988143266529065,2192,6.0381654795134772,-1.2536021562394722e-08,0.78610124122133673,0.23631792544569641,0.0066793074217252873,0.5085419023652874
62.099587113912818,2196,6.1429821313493225,-1.4459127869407423e-08,0.79974719053961574,0.24453465406769698,0.006921695891235001,0.50883604338795996
62.210992660294409,2200,6.2495039356281303,-1.6504725192014597e-08,0.81361513153010578,0.25302566369033652,0.0071726664142887659,0.50914005609256174
62.322359073369107,2204,6.3577529471682679,-2.0337672727768069e-08,0.82770793548213351,0.26179933652917803,0.0074325195279830577,0.5094542394635373
62.433685709987685,2208,6.4677514246714392,-2.4349876182223895e-08,0.84202850022834308,0.27086427319240819,0.0077015752322943882,0.50977889670570253
62.544971920457009,2212,6.5795216476480611,-3.0154188030220852e-08,0.8565797263104391,0.28022927915294465,0.0079801674462026632,0.51011433609008094
62.656216945766467,2216,6.6930857902035168,-3.773764164138535e-08,0.87136450054757608,0.28990335673141765,0.0082686298527585873,0.51046087407611918
62.767419831940593,2220,6.8084658378533351,-4.5005155638235678e-08,0.8863856852066303,0.29989569798899468,0.0085672848289441335,0.51081884067009087
62.878579876676092,2224,6.9256840303031773,-4.651999173724275e-08,0.90164617564717509,0.31021572854565888,0.0088764107097995901,0.51118858771484699
62.989696384170124,2228,7.044762590363586,-4.8167152471439989e-08,0.91714886502922877,0.3208730932978997,0.0091962650749818024,0.51157049184304282
63.100768533590681,2232,7.1657235658426099,-5.1902922811649516e-08,0.93289662372945337,0.3318776472450507,0.0095271079688682321,0.51196495378802198
63.211795324519613,2236,7.2885887556073259,-6.6778710164014377e-08,0.94889228971519601,0.34323944817256624,0.0098692398945534228,0.5123723933760953
63.322776020073718,2240,7.4133801686094118,-8.519806269941671e-08,0.9651387283044558,0.35496879668289244,0.010223985155761457,0.51279323848105396
63.433709890213336,2244,7.5401197446633184,-1.0249425193200462e-07,0.98163879581434288,0.36707620468599306,0.010590984578049502,0.51322791309300819
63.544596197757762,2248,7.6688293211339227,-1.2499492961851044e-07,0.99839533522418478,0.37957238838230861,0.010970727994885271,0.51367682657838953
63.655434197363221,2252,7.7995305996742301,-1.5217207576662117e-07,1.0154111718451497,0.39246826818878949,0.011363754711451029,0.51414036940820473
63.766222939002212,2256,7.9322448830257759,-1.8295824846456532e-07,1.0326890790546184,0.40577494901484878,0.011770543093278433,0.51461891816956695
63.876961480109053,2260,8.0669933089435766,-2.2299811531199809e-07,1.0502318087505824,0.41950374816375269,0.012191539243284307,0.51511284804932955
63.987649041351474,2264,8.2037970017775699,-2.6857591321760577e-07,1.0680421110858425,0.43366621688671519,0.01262714302534034,0.51562254353723758
64.098284547464573,2268,8.3426764736640209,-3.2469777514008286e-07,1.0861226565098645,0.44827407435729227,0.013077725916332059,0.51614840849654198
64.208867075669971,2272,8.4836521320691709,-3.8937533585088613e-07,1.1044761018452536,0.4633392477730684,0.013543685572638546,0.51669087000828307
64.319395842466989,2276,8.6267442397771443,-4.6472674462838537e-07,1.1231050850786315,0.47887385517016767,0.014025454196786203,0.51725037392089468
64.429870063668432,2280,8.7719727066516491,-5.5053701356489598e-07,1.1420121982503499,0.49489017401722679,0.014525606290133938,0.51782738511976478
64.540288951797521,2284,8.9193570268472993,-6.3579333129445276e-07,1.1611999792801111,0.51140063373611255,0.015042865883656848,0.51842237901290977
64.650651711883441,2288,9.0689162617881784,-7.3791187740410158e-07,1.1806709097509696,0.52841781211602901,0.015577626286158901,0.51903583748587101
64.760957541305245,2292,9.2206689644529369,-8.5464445457022337e-07,1.2004274050521015,0.54595443259883603,0.016130418466319088,0.51966824762955932
64.871205347388241,2296,9.374632767807821,-1.0000053072764525e-06,1.2204717607974158,0.56402331754063906,0.01670180773664505,0.52032009524962963
64.981394142678596,2300,9.5308248790748991,-1.1798029085690817e-06,1.2408062171737155,0.58263744749927493,0.017292354439017783,0.52099187972325789
65.0915231066068,2304,9.6892621212383716,-1.3843383016871186e-06,1.2614329643443558,0.60180996941465237,0.017902625665034966,0.52168409944130467
65.201591420376118,2308,9.8499606821360217,-1.6144374963538571e-06,1.2823541097837698,0.62155416351514026,0.018533199876498953,0.52239726283002341
65.311598263382749,2312,10.012936031074268,-1.8675122154367466e-06,1.3035716674216888,0.6418834279347938,0.019184663068618935,0.52313188132894595
65.421542647037981,2316,10.178202700748209,-2.1488198443863835e-06,1.325087529251582,0.6628112286642408,0.019857635534529069,0.52388846723336491
65.531423474180187,2320,10.345774285940156,-2.4698066357969548e-06,1.3469034651612224,0.68435108913898701,0.020552761785007572,0.5246675393558855
65.641239930519575,2324,10.515664023286007,-2.8203510071597021e-06,1.3690211984117473,0.70651665189808888,0.021270639175991674,0.52546962129929764
65.750991204548995,2328,10.687884333541312,-3.1909527255531006e-06,1.3914423460458469,0.72932160841899107,0.022011944635391776,0.5262952377820429
65.860676483216821,2332,10.862446766801259,-3.573734875189985e-06,1.4141684117560245,0.75277968114704563,0.022777348033234793,0.52714490977386819
65.970294963879951,2336,11.039362002771632,-3.9796507479905249e-06,1.4372007859198714,0.77690460101949366,0.023567493794213579,0.52801916800937676
66.079845839747122,2340,11.218639751644611,-4.4449669748397591e-06,1.460540732695212,0.80171008664509413,0.02438305233452958,0.52891854885267264
66.189328316504373,2344,11.400288794206118,-4.9900856047696562e-06,1.4841893952416283,0.82720983449006924,0.025224684945404592,0.5298435808340578
66.298741605197677,2348,11.584316857396164,-5.5745353485323751e-06,1.5081477795198124,0.85341750278851158,0.026093123251255752,0.53079479061152446
66.408084930967561,2352,11.770730628920528,-6.225607326221759e-06,1.5324167561938504,0.88034669678217004,0.026989034957419049,0.53177270292171219
66.517357312100984,2356,11.959535370410197,-6.897802575814467e-06,1.5569970102689226,0.90801088364398785,0.027913217358531278,0.5327778525189294
66.62655782428358,2360,12.150735282241746,-7.6162771101328033e-06,1.5818890885868249,0.93642342520428901,0.028866320733711905,0.53381076740488032
66.735685723682124,2364,12.344333726824935,-8.3871314288290824e-06,1.6070934288954961,0.96559759443653159,0.029849059170501721,0.53487197097695238
66.844740275041119,2368,12.540332922572015,-9.1934052951405526e-06,1.6326103200072624,0.99554652020731615,0.030862115219161722,0.53596196438512078
66.953720772168197,2372,12.738733785168465,-1.007137169108975e-05,1.6584398811340801,1.0262831723150254,0.03190631943444102,0.53708127495649216
67.062626520845754,2376,12.939535983538164,-1.0984417950409865e-05,1.6845820691735587,1.0578203236455654,0.032982756598817421,0.53823041833173457
67.171456837996459,2380,13.142737874323744,-1.1943101614730889e-05,1.7110366701790514,1.0901705081674162,0.034093961346294555,0.53940989477773871
67.280211044110473,2384,13.348336478002029,-1.2960521195010989e-05,1.73780329625015,1.1233460020749446,0.035241006713458665,0.54062019176477083
67.388888493711448,2388,13.55632741084383,-1.4018750495071661e-05,1.7648813766746119,1.157358816371479,0.036422322626570185,0.54186179921081201
67.497488574579563,2392,13.766704942832003,-1.5086172616127214e-05,1.7922701654686395,1.192220676087832,0.037638595131337139,0.54313519514587993
67.606010663860175,2396,13.979461776477187,-1.6165209658919842e-05,1.8199687125811852,1.2279429727655298,0.038890686580862338,0.5444408482164862
67.714454046348791,2400,14.194588903562446,-1.7315078849814217e-05,1.8479758452437174,1.264536663435736,0.04017938181212935,0.54577921072992208
67.822818124650539,2404,14.412075970271042,-1.8552457712249851e-05,1.8762902155057386,1.302012331530036,0.041504963732653173,0.54715072488115857
67.931102276638413,2408,14.63191089618209,-1.9867980723890788e-05,1.9049102506323043,1.3403801244857956,0.042868317015550821,0.54855581504990603
68.039305998239556,2412,14.854080178649767,-2.1227873559013719e-05,1.9338341927307721,1.3796497878761698,0.044270095313746143,0.54999488161248955
68.147428818763217,2416,15.078568808159906,-2.2534166308083026e-05,1.9630600877311737,1.4198305812462577,0.045710893387768216,0.55146833267498763
68.255470287654887,2420,15.305359911189736,-2.3819931320031087e-05,1.9925857388906059,1.4609312005455692,0.047191687470534066,0.55297655107332944
68.363429964348242,2424,15.534434891337884,-2.5099162964510591e-05,2.0224087251667435,1.5029597806422248,0.048712240653228052,0.55451988754706116
68.471307466742658,2428,15.765773494516147,-2.642975313530728e-05,2.0525264097050897,1.5459239027026908,0.050273513737151686,0.55609866092665783
68.579102454677781,2432,15.999353780313275,-2.777887955004131e-05,2.0829359361108311,1.5898305713274425,0.05187595218537356,0.55771319928403118
68.686814635051391,2436,16.235151918621863,-2.9175324664303462e-05,2.1136342019719794,1.6346861136819932,0.053519852004870735,0.55936381338104346
68.794443736585421,2440,16.473142364597752,-3.0594543681917302e-05,2.1446178816370924,1.680496148278066,0.055206335041623457,0.56105076419955258
68.9019895044554,2444,16.713297501861909,-3.1956570508390181e-05,2.1758833797641706,1.727265598734423,0.056934244228916679,0.56277429224950015
69.009451691821411,2448,16.955587994940089,-3.3313391835869399e-05,2.2074268772043801,1.7749986899705084,0.058704955473772032,0.5645346060204508
69.116829858969965,2452,17.199981846264585,-3.4630600760206243e-05,2.2392442082342363,1.8236987716124449,0.060518146310332442,0.56633191580038456
69.224123887507218,2456,17.446445913823503,-3.5961875116065703e-05,2.2713310581365125,1.8733684845710612,0.062373920915542301,0.5681663810750488
69.331333695433358,2460,17.694945270950125,-3.7288172973146128e-05,2.3036828798519773,1.9240096561076865,0.06428327445416071,0.57003812630998685
69.438459281859693,2464,17.945443179754388,-3.8538746972394816e-05,2.3362948905204712,1.9756233375281391,0.066242360518268581,0.57194725645861666
69.545500706719423,2468,18.19790070626177,-3.9783029732232134e-05,2.3691620213763755,2.0282097384387878,0.068245309268327378,0.57389386681268684
69.652457769635731,2472,18.452276675433279,-4.0906979893839956e-05,2.4022789118926284,2.0817679850483715,0.070292460651353986,0.57587797858838563
69.759330352146264,2476,18.708527872756338,-4.1859311194112139e-05,2.4356399360256584,2.1362962866893049,0.072383686105977674,0.57789959152778569
69.866118172083929,2480,18.96660889792954,-4.2728605673916092e-05,2.469239183166811,2.1917918060138581,0.074516752751365989,0.5799586760373292
69.972821444616955,2484,19.226472917038436,-4.3530179858836116e-05,2.5030705560671165,2.2482509979949183,0.076693517192169935,0.58205515541284525
70.079440455098137,2488,19.488071690587812,-4.4106602990654289e-05,2.5371277744867435,2.3056692948203459,0.078917298021387028,0.58418894234908303
70.185975567249244,2492,19.751355057350619,-4.450832819857635e-05,2.5714043079980509,2.3640411498257015,0.081199225415563639,0.58635991100773643
70.292427169167624,2496,20.01627099894705,-4.4723620687142293e-05,2.6058933843929739,2.4233599569917428,0.083523760467925645,0.58856788612860433
70.398795755727377,2500,20.282765902748221,-4.476657042346531e-05,2.6405880239101571,2.4836181226751526,0.085890579581249321,0.59081263267906792
70.505081712395352,2504,20.550783983200777,-4.4620950330136189e-05,2.6754809638979058,2.54480683692119,0.088297931916880845,0.59309387273685643
70.61128449054506,2508,20.820265824125986,-4.4207842927124902e-05,2.7105644690379136,2.606915680927548,0.090742726811996868,0.59541133164121318
70.717404438319676,2512,21.091151588326024,-4.3524223092533676e-05,2.745830749199949,2.6699336000763703,0.093227110381564365,0.59776463841216787
70.823442259502997,2516,21.363380212988218,-4.2597177062508873e-05,2.7812718546925153,2.7338485847699401,0.095746015519362501,0.600153416162166
70.929398769400805,2520,21.636887656452796,-4.1419676282298395e-05,2.8168794480117167,2.7986474857609136,0.098303008607478731,0.60257723913456629
71.035273741136152,2524,21.911605166490546,-3.9989986534146732e-05,2.8526445783904939,2.8643154236416724,0.1009314255778109,0.6050356295267163
71.141067124213862,2528,22.187461025821932,-3.8296778936375633e-05,2.8885579090455775,2.9308364927021802,0.10359824059437651,0.60752803838093627
71.24677984642986,2532,22.464385763915715,-3.6341363847870733e-05,2.9246103956950624,2.9981941102485345,0.10629497201948399,0.61005390484071143
71.35241296403602,2536,22.742309057604228,-3.4096183354011614e-05,2.960792883053367,3.0663705636291168,0.10902670758941183,0.61261267474781123
71.457967605486274,2540,23.021161302324593,-3.1598360726034849e-05,2.997096309389184,3.1353470899349651,0.1117834648088443,0.61520365923550357
71.563444572937343,2544,23.300871807071562,-2.8908643449667912e-05,3.0335114715286302,3.2051037031643914,0.11456309062429046,0.61782618725778349
71.668843295391923,2548,23.581365306774035,-2.6046346718816907e-05,3.0700285708058774,3.2756181685919903,0.11742366971348618,0.62047947648026158
71.77416485883461,2552,23.862569484810336,-2.3021319463394779e-05,3.1066381924100526,3.3468681184784446,0.12031271062680576,0.6231627825749495
71.879410457158613,2556,24.144407780827393,-1.9841563709384336e-05,3.1433303690441794,3.418830199863697,0.12322706873392775,0.62587523447407301
71.984580030814058,2560,24.426797938312074,-1.6455371573329686e-05,3.1800943918352922,3.4914792032914295,0.1261553328168262,0.62861595276291293
72.08967409307229,2564,24.709655093544704,-1.2944862916985239e-05,3.2169192124814683,3.5647890750100641,0.12910003393176953,0.63138403955877287
72.194694174975595,2568,24.992894945318696,-9.4056964973308205e-06,3.2537938559136568,3.638733244912487,0.1320555986560486,0.6341785166496674
72.299642005209506,2572,25.276432073199246,-5.7714566903746545e-06,3.290707201351867,3.7132843185012638,0.13508235454288173,0.63699839103524059
72.40451853963684,2576,25.560179101990805,-2.0400367943644582e-06,3.32764787352825,3.7884133781100289,0.13813690903432657,0.63984263670304431
72.509323351102495,2580,25.84404507462893,1.6471758622384203e-06,3.364604030855904,3.8640894487733819,0.14118461150342015,0.64271015171426094
72.61405805147912,2584,26.127943457093313,5.3708695009133112e-06,3.4015644075785296,3.940281864474374,0.14423078563929889,0.64559976547073117
72.718722949320167,2588,26.411784455901664,9.0789285831661265e-06,3.4385173135945344,4.0169581198082192,0.14726597231977817,0.64851033203043362
72.82331927167148,2592,26.695478540731134,1.2687169837306486e-05,3.4754510930627163,4.0940854156205067,0.15042360634449428,0.65144062303601957
72.92784828369382,2596,26.978935674368362,1.6196123451503799e-05,3.5123540241504334,4.1716300723304753,0.15356743136006759,0.65438939528115858
73.032312188445545,2600,27.262066203204107,1.9576626486357898e-05,3.5492144349659833,4.2495582207735909,0.1566902757151554,0.65735541561542543
73.136711568354741,2604,27.544776146609834,2.2790180868160689e-05,3.5860200902884087,4.3278339405604953,0.15979162906867839,0.6603373342343728
73.241047000415747,2608,27.826971600949069,2.5859033498736375e-05,3.6227587649202602,4.4064204624117176,0.16285843370412137,0.66333378406468924
73.345318996219362,2612,28.108555912832266,2.8760884191637512e-05,3.6594178756771578,4.4852801691566224,0.16596938366679628,0.66634331196034691
73.449529013817994,2616,28.38943584810767,3.1546863829792771e-05,3.6959852845210381,4.5643754937536558,0.16915087467883066,0.66936461382208146
73.553678993288898,2620,28.669517166279,3.4196250892321034e-05,3.732448722399091,4.6436685612882806,0.17229549015219195,0.6723961604523917
73.657770657479929,2624,28.948704964432906,3.6637991418638979e-05,3.7687958340192447,4.7231206342315231,0.17539339002236398,0.67543652508101837
73.761804760084758,2628,29.226901186311007,3.8865985413572696e-05,3.8050138535593732,4.8026916167633562,0.17843813596837793,0.67848420127354658
73.865782739354444,2632,29.50401075684308,4.0878692532770114e-05,3.841090403314527,4.8823414583298295,0.18158069860449993,0.68153766857504927
73.969704235942558,2636,29.779931766389659,4.2674270983943108e-05,3.8770122157957019,4.9620282523573129,0.18469726662587302,0.68459529016004794
74.073571428252478,2640,30.054568757088706,4.430315239331746e-05,3.9127668634627679,5.0417115358481892,0.18774801432571098,0.68765552727251944
74.177386998037079,2644,30.327828177676839,4.5805920081787993e-05,3.9483421669933012,5.1213508322551249,0.19073832803421076,0.69071690555297505
74.281151999091023,2648,30.599611514226368,4.7166425626413849e-05,3.9837253009817819,5.2009041466960824,0.19374053112593648,0.6937776958686116
74.384867221344479,2652,30.869820199997367,4.8416242068636747e-05,4.018903433147142,5.2803289691303918,0.19684576577634727,0.69683632866758272
74.488534301149556,2656,31.138357656971014,4.9491923176629357e-05,4.0538639901174163,5.3595831785602615,0.19986720808668604,0.69989116063911261
74.592152933692276,2660,31.405122781689165,5.0553659700985736e-05,4.0885938093593808,5.4386230318613311,0.20279382716490482,0.7029405138079301
74.695726558343807,2664,31.670022449498749,5.1465805545904825e-05,4.1230807670904399,5.5174075512877572,0.20563913740593998,0.70598273027409253
74.799257538058598,2668,31.932963771083799,5.2320631369989073e-05,4.1573127701662917,5.5958948410988754,0.20849863233343865,0.70901624795660878
74.902745610785388,2672,32.193846541526227,5.3214038438218099e-05,4.1912767730335094,5.6740409554460634,0.21147256412617582,0.71203929269243538
75.006165977088571,2676,32.452510525092094,5.4158914420861411e-05,4.2249519148015215,5.751783682238873,0.21434011604825126,0.71504946832041649
75.10956370420962,2680,32.708969086946553,5.5073150997276415e-05,4.2583399354645124,5.82911348581026,0.21709202547164722,0.71804635857345134
75.212932204671162,2684,32.963108399456729,5.6082905432812327e-05,4.2914260159447934,5.9059819205414374,0.21972660840740094,0.72102808423612574
75.316266145455145,2688,33.214817379601044,5.7028938726347723e-05,4.3241956944821451,5.9823417600910016,0.22242816480338301,0.72399274081505927
75.419564670018474,2692,33.463999033866969,5.7928480361926077e-05,4.3566363436120099,6.0581495072482641,0.22520191320278568,0.72693859677168615
75.522829935483713,2696,33.710564731272463,5.8806457687905918e-05,4.3887364245772611,6.1333641894725552,0.22785707593201907,0.72986405949928179
75.626062232509526,2700,33.954421094198302,5.9819353366690961e-05,4.4204837806620221,6.2079438725857985,0.23038082686808389,0.73276741204110996
75.729264054426054,2704,34.195481621160418,6.0851391015241674e-05,4.451867150345822,6.2818486846108144,0.23276577607225318,0.73564707133946461
75.832422973358376,2708,34.433626789344892,6.2074786822827015e-05,4.4828709731024619,6.3550286284206834,0.23536799993276802,0.73850102088792824
75.935544087821569,2712,34.668780597746014,6.334023930415272e-05,4.5134853544556606,6.4274469267605285,0.23784928261741795,0.74132780854049884
76.038652036566532,2716,34.90091209401934,6.471908002309186e-05,4.5437062647582742,6.4990807567606188,0.24021610008398489,0.74412639849158679
76.141748175414122,2720,35.129936716022073,6.6094795264731721e-05,4.5735226949702552,6.5698913060253634,0.24241387376059853,0.74689527731739036
76.244800781654874,2724,35.355698781291274,6.7519663463964583e-05,4.6029143769857201,6.6398181499578373,0.24467194628137082,0.74963198705189393
76.347775617938737,2728,35.578045018176397,6.889024938655508e-05,4.6318613565594102,6.7088010992443117,0.24696772851905271,0.75233414956414679
76.450738826678915,2732,35.797039720876619,7.038269695850731e-05,4.6603720040730607,6.7768479216675432,0.2491182929630783,0.75500191613045864
76.553655675552747,2736,36.012531373642574,7.1951230954469744e-05,4.6884265938800151,6.8438996263447018,0.25113382466584278,0.75763294587983976
76.656574708232,2740,36.224545898489325,7.3679874148248684e-05,4.7160285007351446,6.909952541683456,0.25301103347566467,0.7602269846788503
76.759503279719127,2744,36.433022069302055,7.5368380370019472e-05,4.7431697536867841,6.974976252151694,0.2551168596383418,0.76278279335158472
76.862442775575602,2748,36.637886362714582,7.7017885932404231e-05,4.7698407808194903,7.038937234937193,0.2570548452787253,0.76529891603632849
76.965379813577954,2752,36.839039648310276,7.8566552486492719e-05,4.7960286764678042,7.1017939658595557,0.25882706014279316,0.76777368402175006
77.068323766257848,2756,37.036432459818805,8.0102405788866349e-05,4.8217270006796404,7.1635202512470624,0.26040467176473842,0.77020593252034075
77.171264985898333,2760,37.229980600524705,8.1675486591541169e-05,4.8469247919895242,7.2240794125736407,0.26222736482202447,0.77259415588375113
77.274199759450426,2764,37.41961037846886,8.3192761162351192e-05,4.8716124565330778,7.2834397550966061,0.26393960673472616,0.77493695672991314
77.377128822893368,2768,37.605263208411984,8.4722536289227185e-05,4.8957823671710079,7.3415734082712021,0.26543768484647001,0.77723317982003215
77.480053827094878,2772,37.786885740616448,8.6067302161492443e-05,4.9194275783673769,7.3984542108241662,0.26675005212302716,0.77948166970992416
77.582962075343502,2776,37.964399424881769,8.7151855280759999e-05,4.9425378637694211,7.4540494530718062,0.26823452043563228,0.78168104507140734
77.685836097090089,2780,38.137724693324508,8.811451230627404e-05,4.9651028645335629,7.5083259251221204,0.26970722137362696,0.78382982751340979
77.788718674580338,2784,38.306885073962832,8.9013845679108972e-05,4.9871256437431937,7.5612831999119603,0.27094113356695831,0.78592792627266539
77.891537169535923,2788,38.47171819719189,8.9680961666289971e-05,5.0085850627016919,7.6128627930048891,0.27191850862211875,0.78797288728918669
77.994364995082037,2792,38.632298018146031,9.0234936845318137e-05,5.0294907495358983,7.6630817267688451,0.2730936645874491,0.78996526570241676
78.097200102124319,2796,38.788581010427521,9.0626394669428983e-05,5.0498370375983024,7.7119191851655282,0.27429633875987114,0.79190409469162393
78.200041336868424,2800,38.940527917695825,9.0773718313744145e-05,5.0696188161548132,7.7593561437424485,0.27525761702499801,0.79378849748869695
78.302895495446904,2804,39.088111609765498,9.0588776832069978e-05,5.0888325531603602,7.8053785602387888,0.2759140919150479,0.79561786155499969
78.405767220216561,2808,39.231302922533729,9.0204224204932376e-05,5.1074744517767749,7.8499725370234321,0.27678608278658196,0.7973914697941451
78.50866560093489,2812,39.370082942467775,8.9312558932429231e-05,5.1255420496747002,7.8931270773946629,0.27769042509853387,0.79910881839807935
78.611583464959679,2816,39.504412800392991,8.8163553602685005e-05,5.1430302865247954,7.9348256542796349,0.27830876000443078,0.80076906728289798
78.71451023310189,2820,39.63425476602702,8.6619219602353248e-05,5.1599342502685692,7.9750522345436359,0.27863973703769884,0.80237159451406292
78.817451257972564,2824,39.759593687529133,8.4611149336503294e-05,5.1762519683067412,8.0137987485862929,0.2793644349594343,0.80391587101104633
78.920408090532547,2828,39.880411962669186,8.2254737781452605e-05,5.1919811490269376,8.0510568234589535,0.27989749285602727,0.80540151825467987
79.023381518537377,2832,39.996694288677489,7.9515757921143002e-05,5.2071198001806405,8.0868192240658487,0.2801266372792548,0.80682806164570475
79.126378670832977,2836,40.108436409360188,7.6383697652322377e-05,5.22166736765928,8.1210820589151709,0.28015366983749856,0.80819531995941585
79.229409218266184,2840,40.215637997642702,7.2550457324859624e-05,5.2356238088813649,8.1538430909091986,0.28067419031579455,0.80950304838476472
79.332453753921584,2844,40.318270858605118,6.8538437792229484e-05,5.2489854531855391,8.1850922777956523,0.28086161125605141,0.8107507271622123
79.435487930168449,2848,40.416308809600423,6.3913213166221297e-05,5.2617488918855244,8.2148207784107985,0.28064611242394222,0.81193789379608938
79.538528338273807,2852,40.50976955538826,5.8745181544150177e-05,5.2739164299419627,8.2430333161290203,0.28066693652836872,0.81306460041551198
79.641579283652064,2856,40.59866020474648,5.3426783235988734e-05,5.2854889928378777,8.2697319031151011,0.28077252243108874,0.81413084026264981
79.744648665909352,2860,40.682994033265274,4.7838627143468801e-05,5.2964683089058093,8.2949205283643899,0.28051744968329662,0.81513656427589587
79.847738195583631,2864,40.762782223013332,4.2099859679350579e-05,5.3068558339253755,8.3186025360148328,0.28000157548577731,0.81608185295122582
79.950852507413998,2868,40.838038327130249,3.6106233296386708e-05,5.3166533323629332,8.3407831460314945,0.28000804964277232,0.81696671810918176
80.053996291982628,2872,40.908776055065147,2.9870785718222673e-05,5.3258625890345987,8.3614686584796871,0.27966550614708652,0.81779132541015109
80.15717408370395,2876,40.975016243148815,2.3395734224258488e-05,5.3344863165963314,8.3806662492717603,0.27878259728133331,0.81855578435832521
80.260386493147678,2880,41.036780551239403,1.6854430623771191e-05,5.3425273349181026,8.3983833550986873,0.27852773852123164,0.8192603491209377
80.363619382463682,2884,41.094078423803367,1.05186099450226e-05,5.3499868735632488,8.4146262189265482,0.27808572415052973,0.81990506356691739
80.466856747712555,2888,41.146927360577479,3.8879746019288355e-06,5.356867210800675,8.429402720865939,0.27710920690597546,0.82049021678218981
80.57011027706811,2892,41.195363137444623,-3.347178850676355e-06,5.3631730042480275,8.4427260791029113,0.27644538630445481,0.82101617338800215
80.673388791050598,2896,41.239421485453875,-1.0254015511400663e-05,5.3689089056860784,8.4546094568049917,0.275858580736277,0.8214833643937004
80.776699644950398,2900,41.279136447120244,-1.7458414421284325e-05,5.3740793470674575,8.4650662921103663,0.27476232703371972,0.82189225838015911
80.880052852251069,2904,41.314546321776042,-2.4954040700843512e-05,5.3786893145345429,8.4741109206132901,0.27375222613811001,0.82224334802706411
80.98344647165797,2908,41.345683547252939,-3.1522220173206029e-05,5.3827430311281246,8.4817571850725599,0.2730030024981272,0.8225371020427874
81.086874606897481,2912,41.372584616614084,-3.7879582624603288e-05,5.3862452478346583,8.4880196140129662,0.2717949362981717,0.82277401045449317
81.190329653182488,2916,41.395290083957264,-4.4812428733967576e-05,5.3892012443417059,8.4929138018686974,0.27048383821974792,0.82295467001381628
81.293823174328523,2920,41.413844528437096,-5.0948717512495044e-05,5.3916168243536857,8.4964572261024962,0.26957188420499079,0.82307968646019414
81.397361207935958,2924,41.428294655617336,-5.673504705882345e-05,5.3934980684097873,8.4986674649669958,0.26824495258148756,0.82314970884552352
81.500920397913845,2928,41.438684379714495,-6.2506061330023458e-05,5.3948506936471974,8.4995624837336212,0.26671893887829756,0.82316541098575102
81.604485662823294,2932,41.445062639512273,-6.7583717355132293e-05,5.3956810713450478,8.4991620636930403,0.26564305382217912,0.82312758610865844
81.70806246552651,2936,41.447484503583283,-7.2359108224647264e-05,5.3959963708122594,8.4974868201126164,0.26418643216687854,0.82303697960977495
81.811667102797315,2940,41.44600674899651,-7.7046578102451645e-05,5.395803983784746,8.4945574948773057,0.26243630632901105,0.82289443072820412
81.915304861858601,2944,41.440685425560098,-8.1305073242693535e-05,5.3951112073171101,8.4903950534625938,0.26115522172146782,0.82270069580661043
82.018980172823092,2948,41.431574957629437,-8.519732958470758e-05,5.3939251268483748,8.4850207768830099,0.25957922419642987,0.82245668006726136
82.122696324757968,2952,41.418732709182322,-8.9211630512722067e-05,5.3922532105234691,8.4784564797572255,0.25775038683347995,0.82216317079039369
82.226453838163366,2956,41.402219350956067,-9.2769847868599906e-05,5.3901033569899317,8.4707243914933237,0.25622377777731586,0.82182109215210664
82.330252156936339,2960,41.382097472414905,-9.5832162166278141e-05,5.3874837146921095,8.4618472183671667,0.25452747994428032,0.82143135843584147
82.434083934637599,2964,41.35843019683287,-9.89646160348941e-05,5.3844025015705679,8.4518487290876312,0.25260877132746118,0.82099495791858723
82.537953704990088,2968,41.331280912701757,-0.00010163079647665081,5.3808679700939122,8.4407520582279307,0.25080071636734441,0.82051278790765292
82.641861366665381,2972,41.300714596907554,-0.00010400957464219056,5.3768885795220278,8.4285810870613229,0.24899977252302014,0.81998586585363487
82.745806060023313,2976,41.26679857696962,-0.00010642430601741446,5.3724730951408812,8.4153600389904817,0.247017685205108,0.81941516686491833
82.849784941798021,2980,41.22960241791894,-0.00010823044021963674,5.367630573534969,8.4011137335248627,0.24506144640035871,0.81880174094158897
82.95379753909873,2984,41.189194929365968,-0.00011011991321036377,5.3623699729419823,8.3858669725174053,0.24311592999668266,0.81814659619068886
83.057841937433793,2988,41.145649199451626,-0.00011223676806006253,5.3567008086159831,8.3696448745720886,0.24102503331241909,0.81745077456793303
83.161899138139603,2992,41.099043425170592,-0.00011390631613455472,5.3506332609260507,8.352475712420782,0.23899485899163106,0.81671554062329288
83.265974827770989,2996,41.049446779345161,-0.0001157438902295322,5.3441763353959573,8.3343840638997317,0.23698599366303405,0.81594187032947363
83.370072946707452,3000,40.996935044369984,-0.00011772647537692648,5.3373398980412468,8.3153949057101819,0.23482931231484422,0.81513090001668287
83.474198392342998,3004,40.941580457414332,-0.00011908839871217249,5.3301333533287014,8.2955326261574687,0.23254536036959236,0.81428363001219362
83.578357014001838,3008,40.883451113706087,-0.0001204380125082484,5.3225655664914298,8.2748214262820756,0.23048169131133664,0.81340114487590187
83.682550172217248,3012,40.822622307835161,-0.00012110322443636013,5.3146463400380268,8.2532861122458439,0.22832189380014276,0.81248447112724875
83.786776793121433,3016,40.759170413220573,-0.00012243447729074451,5.3063856169292851,8.2309519175482073,0.22605744233883279,0.81153476217311804
83.891038375535189,3020,40.693166162348966,-0.0001241104445181291,5.2977926057394003,8.2078437534756734,0.22371143750853767,0.81055309991161417
83.9953330210068,3024,40.624687326961542,-0.0001255336623651182,5.2888774314742379,8.1839868734872159,0.22153000505925499,0.80954056298581967
84.099660380217443,3028,40.553813066408928,-0.00012718895467047145,5.2796503997912261,8.1594063496841134,0.21930823392581095,0.80849832669946153
84.204024062611637,3032,40.480617373564442,-0.00012875949426992966,5.2701211437302353,8.1341261355335419,0.21698077990263642,0.8074274548913164
84.308424711202051,3036,40.40517329091729,-0.00013074858914256977,5.2602991726021457,8.1081702898547228,0.21650496783733056,0.80632900399579777
84.412854438119439,3040,40.327564310020641,-0.00013223578119790289,5.2501953560678629,8.0815653681196249,0.21715942658722454,0.80520417603066541
84.517298466871367,3044,40.247877671695839,-0.00013385203137043951,5.2398210519014929,8.0543397515513853,0.2178660378603951,0.80405425307216882
84.621768991650939,3048,40.16617858052949,-0.00013615898875726784,5.2291847490071834,8.0265145965566962,0.21839700238167228,0.80288020525910908
84.726272988497925,3052,40.082541299139969,-0.00013886961542238993,5.2182961155425884,7.9981119274549748,0.21876559197183959,0.80168303248731598
84.830808377349541,3056,39.997042613988143,-0.00014050921081762945,5.2071651482407191,7.969156019134485,0.21937353840490759,0.80046384793335312
84.935374208100185,3060,39.909758658542941,-0.00014291395005094562,5.195801758823877,7.9396707298840266,0.21992891868840453,0.79922369887733524
85.039970340757364,3064,39.82076590879565,-0.00014598633091298698,5.1842159036060655,7.9096797585210341,0.22030610027225034,0.79796370370649328
85.144595257454284,3068,39.730141236471269,-0.0001484668787896104,5.1724175904207987,7.8792065173495827,0.22048095095671363,0.79668491699506527
85.249247327832748,3072,39.637962266065522,-0.00015024121979577421,5.1604169251043954,7.8482744681413896,0.2210367850812924,0.79538847650021993
85.353923726457296,3076,39.544305815985183,-0.00015278850352291179,5.148223908550257,7.8169069468036785,0.22143070329085651,0.79407541138968074
85.458624036911615,3080,39.449245775859957,-0.00015616445300822152,5.1358481603572708,7.7851267223204133,0.22159871871003239,0.79274674327891248
85.563347355627329,3084,39.352856476200408,-0.00015967777876231722,5.1232993575216703,7.7529564818755423,0.22173921252848006,0.79140354517100575
85.668092702038393,3088,39.255211175011382,-0.00016331284580022899,5.1105870374118343,7.7204183358757046,0.22212613877386514,0.79004684467876518
85.772861836761493,3092,39.156379458421497,-0.00016642757479770967,5.0977202593588054,7.6875333328082212,0.22227810577216511,0.78867759906644452
85.877654463490131,3096,39.056432970558006,-0.00017042882686139037,5.0847083506230319,7.6543228127271163,0.22216949674501657,0.78729683243612691
85.982468247613667,3100,38.955444531505094,-0.00017449946111105195,5.0715607915601142,7.6208088388831188,0.22243534702361908,0.78590553602654767
86.087304159576021,3104,38.853483093641124,-0.00017832488031401666,5.0582865589941024,7.5870121014511493,0.22261082520940989,0.78450458497072384
86.192164239274447,3108,38.750618453221016,-0.0001819440321568673,5.0448947396124861,7.5529527667088949,0.2225039282741729,0.78309505824567183
86.297047297256384,3112,38.646916268199831,-0.00018525049392627453,5.0313938813425612,7.5186512862162678,0.22231093431085525,0.78167782190402679
86.40194987563234,3116,38.542445047622422,-0.00018871427906030046,5.0177929032918129,7.4841285823159973,0.22253739543646783,0.78025381039616648
86.506872883297675,3120,38.437269759942623,-0.00019175717021117748,5.0041002636219352,7.4494044273340778,0.22249452479550202,0.7788239902556916
86.611817429540281,3124,38.3314481567756,-0.00019447790889610093,4.9903234809438102,7.4144980109502336,0.22216696903481686,0.7773892397252028
86.716781858098457,3128,38.225043406732162,-0.00019710530383649887,4.9764707791003229,7.379428994642514,0.22208679153508126,0.77595040845452612
86.821763426641567,3132,38.118118158591173,-0.00019893773777916041,4.9625503142574647,7.3442174884065503,0.22206188154853707,0.77450844910108296
86.926765616872558,3136,38.010730308964774,-0.00020094048874377823,4.9485696239036843,7.3088806646937821,0.22175408046944903,0.77306417248650439
87.031786533315753,3140,37.902940195957243,-0.00020215519563446423,4.9345365633809415,7.2734373579227851,0.22125152250957517,0.77161835034480697
87.136819079496888,3144,37.79481696506155,-0.00020361789517366752,4.920460134655535,7.2379082643337949,0.22127055029272896,0.77017192351785124
87.24186731377246,3148,37.686414742771994,-0.00020514450082800319,4.9063473843881988,7.2023096235534254,0.22099503813417348,0.76872564146034683
87.346933966307532,3152,37.577789561196745,-0.00020528555660455187,4.8922056073282567,7.1666578788018844,0.22050467555651423,0.76728020207966741
87.451994494388018,3156,37.469022400829992,-0.0002053710179418175,4.8780453462262923,7.1309785458455197,0.22011734142602621,0.76583674644428468
87.557024974024628,3160,37.360194288046607,-0.00020499964843889371,4.8638771498048188,7.0952964475057909,0.21991814290657594,0.76439632061981744
87.662027997326661,3164,37.251354607066077,-0.00020438018496691385,4.8497074473339934,7.0596274172310851,0.2195369378036508,0.76295964653037462
87.767004542097851,3168,37.142550699230881,-0.00020301122580079246,4.8355424021238571,7.0239874203581154,0.21879716647086819,0.7615273328933545
87.871958693141067,3172,37.033826565815339,-0.00020043115911217574,4.821387742645177,6.988390759021839,0.21845035750874317,0.7601000104084682
87.976898975810769,3176,36.925222043033202,-0.00019719791246840257,4.8072486551254023,6.9528496756132654,0.21813449250644881,0.75867827951479494
88.081825527192493,3180,36.816779540216316,-0.00019267923529139169,4.7931306607822002,6.9173793776202608,0.21748129660941021,0.75726277390046803
88.1867327146241,3184,36.708548681894037,-0.00018835781392439847,4.7790402201722637,6.8819969938469852,0.21669518488819939,0.7558541447254441
88.291621999556824,3188,36.60057161000087,-0.00018407465200177484,4.7649828197014319,6.846716425742934,0.21631690317647057,0.7544529695057024
88.3964937467195,3192,36.492885769531114,-0.00017893247120201114,4.7509633342862871,6.8115514475973171,0.21578608653912043,0.75305986296754446
88.501348971919811,3196,36.38552778443966,-0.00017375126092632545,4.7369865319544413,6.7765154706589765,0.21504028335169634,0.75167536585643424
88.606191377530394,3200,36.278531866620753,-0.00016788267614184851,4.7230568667093946,6.7416209609624458,0.21411010429384522,0.75029995868828447
88.711020206836238,3204,36.171933930179016,-0.00016130068110341983,4.70917901416371,6.7068811911082316,0.21372680454903734,0.74893417816734409
88.815833364278291,3208,36.065772465801828,-0.00015448749950102737,4.6953579853723424,6.672309685213186,0.21304256647921435,0.74757858466862126
88.920637016927842,3212,35.960074368584763,-0.00014699367020400145,4.6815972817740557,6.6379171237781369,0.21218273234750262,0.74623353520667413
89.025423229238854,3216,35.854882363714644,-0.0001381904705148717,4.6679024657074288,6.6037181263622209,0.2113053147019778,0.74489967048506212
89.130173080092476,3220,35.750245434465747,-0.00012898951181989152,4.6542799142444657,6.5697306103813409,0.21072458300556221,0.74357762177270237
89.234906986024413,3224,35.646173535962262,-0.00011984146449155533,4.6407309234306187,6.5359593463342236,0.21001635565076229,0.7422675971496695
89.339628841098758,3228,35.542691623696825,-0.00010975337905500329,4.6272587421899809,6.5024141934466453,0.20904898005430683,0.74096997646498319
89.444337654438556,3232,35.439829449250276,-9.9520676218123674e-05,4.6138672438441883,6.4691063747045892,0.20809018106937216,0.73968512913877538
89.549031648661483,3236,35.337616322364518,-8.992647308856197e-05,4.6005602441923035,6.4360471790305329,0.20745931638032694,0.73841347421599446
89.653712308426591,3240,35.236076673037658,-8.1074708988859365e-05,4.5873409237453133,6.4032462198958449,0.20663026891958391,0.73715538647579149
89.758381755904992,3244,35.135234651743986,-7.228370733707197e-05,4.5742124266231237,6.3707123291567935,0.20568712215993654,0.73591113314547385
89.863038770597754,3248,35.035117544720904,-6.2852084540017741e-05,4.5611783051868215,6.3384556143501687,0.20454840140538064,0.73468107757362389
89.967684523833597,3252,34.935748117696996,-5.4261719682010059e-05,4.5482415232786133,6.3064852710214501,0.20388474202080736,0.73346554352976778
90.072321823539724,3256,34.837145233010276,-4.4960175126488103e-05,4.5354045365624422,6.2748091621193449,0.20296509933563697,0.73226475665071622
90.176948035814618,3260,34.739333697983461,-3.5057857264764181e-05,4.5226705746728388,6.2434365743722893,0.20196754426705907,0.731078995038139
90.281564436967471,3264,34.642330838518177,-2.5701276571787543e-05,4.5100418932475277,6.2123756420080225,0.20087464919038639,0.72990854071975741
90.386172904006187,3268,34.546155804051594,-1.64102468939685e-05,4.4975209853277907,6.1816339572062722,0.20002500087812619,0.72875366554391252
90.490773203226908,3272,34.450824352748548,-7.0503788377612731e-06,4.4851099024494712,6.1512188242249835,0.1991287949027318,0.72761450962702312
90.595365932330836,3276,34.356353214966994,1.5858646780168156e-06,4.4728108227170296,6.1211373679913432,0.19804994351175342,0.72649134472427124
90.699922263782824,3280,34.262784992452325,1.0153170460169142e-05,4.4606292923985817,6.0914051212154785,0.19700438007313528,0.72538462348060584
90.804472152349717,3284,34.170107501343985,1.8119177806880798e-05,4.4485637252924572,6.0620202666903369,0.19578440977333306,0.72429425950374127
90.909018730188834,3288,34.078331218486611,2.6576552606941486e-05,4.4366154853660635,6.0329880425195936,0.19491593412938893,0.72322035069457957
91.013560779081956,3292,33.987472154631163,3.4607654498169937e-05,4.4247866570390499,6.0043149488697267,0.19383179355967212,0.72216308672301244
91.118096195930733,3296,33.897544840413516,4.2283313263785302e-05,4.4130791320367688,5.9760072285080561,0.19277815645982163,0.72112269960489472
91.222626447875712,3300,33.808560097439425,4.9757939318749618e-05,4.4014943192105926,5.9480696548455381,0.19160004619888185,0.72009921850381642
91.327150543980764,3304,33.72053206289344,5.7100925434567552e-05,4.3900340590629643,5.920508089150168,0.19053719343453743,0.71909282162709343
91.431660200953232,3308,33.633477148716651,6.4387009544399076e-05,4.378700488244057,5.8933296465335125,0.18949511983027681,0.71810366118360291
91.536153858828627,3312,33.547408039373799,7.1723548755179417e-05,4.3674952581285593,5.8665386828841655,0.18844492295883136,0.71713189914587028
91.640632265713734,3316,33.462334763592892,7.92067326165595e-05,4.3564196743441101,5.8401389587769375,0.18729345015865168,0.71617759376602985
91.745096240942843,3320,33.378266946099941,8.6033152680878473e-05,4.3454749899215441,5.8141339936609686,0.18607217190149847,0.71524080650513355
91.849548614504172,3324,33.29521179981289,9.2354434011350517e-05,4.3346621439016628,5.7885267134544964,0.18490518784073443,0.71432151887822548
91.953992114273476,3328,33.213178078098714,9.8362234235473307e-05,4.3239822758744442,5.7633194622394512,0.18389115212799284,0.71341975940270186
92.05842233438598,3332,33.132178339297305,0.00010433748224563267,4.3134370207946056,5.7385158122274875,0.18276730164255167,0.71253560886194955
92.162844937033668,3336,33.052217274383985,0.00011017261685468752,4.3030269893743327,5.7141164411001402,0.18159750801776767,0.71166900824695856
92.267267539248323,3340,32.973299180311543,0.00011600517347563032,4.2927527410286084,5.6901220587746941,0.18042180976186287,0.71081988533175167
92.371682677819322,3344,32.895438644625507,0.00012206092836166641,4.2826161748919223,5.6665361838033617,0.17913462377197603,0.70998824399513183
92.476108175002594,3348,32.818632649480136,0.00012700031842216662,4.2726168980740358,5.6433559017266823,0.17797471974096132,0.70917391266491536
92.580533898992641,3352,32.742896657710752,0.00013204925976014218,4.2627569236627849,5.6205847154590609,0.1768947127266158,0.70837702221711896
92.684957815475215,3356,32.668240974613497,0.00013680999826306411,4.2530375932916291,5.5982239299181371,0.17571869904877649,0.70759743790312901
92.789374402872781,3360,32.594679059110099,0.00014162988258412329,4.2434606591609993,5.5762747338818555,0.17455075012614155,0.70683509572674019
92.893787712903404,3364,32.52221887934477,0.00014615027761946675,4.2340271586334559,5.5547361285961774,0.17332072667661366,0.70608995765810867
92.998197652287772,3368,32.4508701515905,0.00015065637377552257,4.2247383566586292,5.5336078511585711,0.17209627573992292,0.70536188596814686
93.102600074574269,3372,32.380645375024287,0.00015691845608566167,4.2155958804899134,5.5128894996810729,0.17078502303383813,0.70465069607787589
93.20699155301763,3376,32.311557823665673,0.0001632541588933948,4.2066014582544025,5.492580332408699,0.16963603371257879,0.70395634613942992
93.311371390093086,3380,32.243616237027432,0.00016937605728628634,4.1977562277381857,5.4726787925226725,0.16904356708409093,0.70327870723093411
93.415745922998667,3384,32.176824603424137,0.00017603588740276439,4.1890607081754858,5.4531817451602507,0.16944468553620434,0.70261747849394895
93.52012209696916,3388,32.111189052567099,0.00018283175004067372,4.1805156975855313,5.4340852227398688,0.17015676269301364,0.70197245602712977
93.624491424325555,3392,32.046727207943938,0.00018947557637734758,4.1721234903480102,5.4153880167648962,0.17076968803212333,0.70134352856540183
93.72886215781665,3396,31.983445766672389,0.00019652485678390012,4.1638849583527699,5.3970854540087423,0.1712374005037284,0.70073045114767463
93.833244442424402,3400,31.92134850511647,0.00020384201111627362,4.1558005932398592,5.3791723053807345,0.17160035196897588,0.70013286804768526
93.937630235642573,3404,31.860450911434537,0.00021216846998435481,4.1478724113939869,5.3616463262072491,0.17197396728065398,0.69955055326109628
94.042011118565171,3408,31.800771536934253,0.00022077166219263724,4.1401028279862322,5.3445050477643381,0.17259781727962681,0.69898339676385079
94.146390674700953,3412,31.742319824088632,0.00022901167927717259,4.1324930723198214,5.32774360204467,0.17311436190532842,0.69843111137245129
94.250770885911081,3416,31.685104237532055,0.00023757638587317475,4.1250442463955919,5.3113574534517758,0.17349654631499131,0.69789339987161769
94.355148718713451,3420,31.629138379959983,0.00024586726273944314,4.1177581211309491,5.2953427289193087,0.17376864715911766,0.69737001155997025
94.459524647551632,3424,31.574435065187075,0.00025363938930832945,4.1106363647401754,5.2796946622641165,0.17413943454582323,0.69686069420842389
94.563902866219593,3428,31.521004980564484,0.00026103067489598479,4.103680368596299,5.264408591216764,0.17468872387358164,0.69636517364527961
94.668274761627956,3432,31.468862550668369,0.00026873786543032507,4.0968920106176547,5.24948194006038,0.175080473777079,0.69588323736023683
94.772638116914123,3436,31.418018633880337,0.00027758661728170646,4.0902727044443985,5.2349106238982754,0.17535670987005123,0.69541460161947288
94.876999189681683,3440,31.368485639697017,0.00028637251143682693,4.0838240656521325,5.2206902305888274,0.17541844225531261,0.6949589840602981
94.981359214410944,3444,31.320274832071881,0.00029466332326501471,4.0775475606803901,5.2068176123631611,0.17573290868123881,0.69451618166295837
