t,step,S,C,A,Ey,Ey_max,theta
0,0,0.00023167416647779405,2.1175823681357508e-20,3.1415020247833985e-05,7.373435751142367e-10,4.9925725584355763e-11,0.50010489907149502
0.065552271108103466,4,0.00023162959394734485,1.1779094274402477e-16,3.1408976212075283e-05,9.0444455675188236e-10,8.5876599861975887e-11,0.50010493879727325
0.13110454221620221,8,0.00023150302889345545,2.0123575826807173e-16,3.1391813988979578e-05,1.1436092407308962e-09,1.0110896451068709e-10,0.50010504249992482
0.19665681332430063,12,0.00023131506461004711,-2.0081795926683854e-16,3.1366326029493561e-05,1.2440672388062726e-09,8.8296706093719699e-11,0.5001051744146725
0.26220908443240254,16,0.00023109741566552575,1.2559804541886765e-17,3.1336812829541189e-05,1.2652078309465478e-09,6.8892663406820466e-11,0.50010529984225538
0.32776135554050423,20,0.00023088978603584242,6.1155778791760484e-19,3.1308658248822419e-05,1.2666324413942182e-09,5.3116676926245353e-11,0.50010539912021235
0.39331362664860237,24,0.00023073662450921379,2.6544869072470979e-16,3.1287889543647476e-05,1.2648117114193585e-09,4.9185602547683949e-11,0.50010546819736212
0.45886589775670106,28,0.0002306842597697452,5.6693185709151203e-17,3.1280788884235652e-05,1.2628577707155014e-09,4.8768829101784606e-11,0.50010551200742159
0.52441816886480375,32,0.00023077862889242276,-3.5340459196759634e-16,3.1293585338604118e-05,1.2616345178919161e-09,4.8360464421314142e-11,0.50010553801600088
0.58997043997290344,36,0.00023106359919353303,-8.730889512612635e-16,3.1332227315461163e-05,1.2617004887626286e-09,4.7944838335072189e-11,0.50010555275947832
0.65552271108100058,40,0.00023157978443228257,-1.2674835321893044e-15,3.1402222041129049e-05,1.2635214688985825e-09,4.752675873421271e-11,0.50010556085797953
0.72107498218909927,44,0.00023236373392070944,-1.2442765764399902e-15,3.1508525602836567e-05,1.2674694392932482e-09,4.7116609314408787e-11,0.50010556521438243
0.78662725329720218,48,0.00023344739271910503,-1.7998916498397112e-15,3.1655469751210587e-05,1.2738105481294702e-09,4.6725972464279247e-11,0.50010556752640845
0.85217952440530131,52,0.00023485775970566553,-2.8960039525965584e-15,3.1846715534516003e-05,1.2827016493087568e-09,4.63664257000025e-11,0.50010556874317802
0.91773179551339901,56,0.00023661669524133443,-3.6192498108732207e-15,3.2085227218005623e-05,1.2941947740934077e-09,4.6049175931105252e-11,0.50010556938038897
0.98328406662149892,60,0.00023874084991315646,-4.5153700114868023e-15,3.2373262621517981e-05,1.3082448706721219e-09,4.5784976407133146e-11,0.50010556971326869
1.0488363377296002,64,0.00024124169446570505,-5.171017558374888e-15,3.2712377178179309e-05,1.3247036206136512e-09,4.5583997340352413e-11,0.50010556988708055
1.1143886088376975,68,0.00024412563915228881,-6.0960080299626851e-15,3.3103440118428821e-05,1.3432806563116302e-09,4.5455759288274658e-11,0.50010556997796951
1.1799408799457953,72,0.00024739423335185163,-6.0875038191722519e-15,3.3546661538073209e-05,1.3636923508141529e-09,4.5409007192724362e-11,0.50010557002568379
1.2454931510538971,76,0.0002510444379517253,-6.0916779975363211e-15,3.4041629333391723e-05,1.3860990047290955e-09,4.5451601290672465e-11,0.50010557005091516
1.3110454221619987,80,0.00025506897654993218,-5.4242770214721348e-15,3.4587356824173385e-05,1.4101438963495486e-09,4.5590518218701904e-11,0.50010557006442602
1.3765976932700954,84,0.00025945670691777321,-5.5110741816431774e-15,3.5182333124049155e-05,1.4352248207950325e-09,4.5831577798343853e-11,0.50010557007181533
1.4421499617482296,88,0.0002641931052113208,-5.1472972477199785e-15,3.5824588799577252e-05,1.4615758427819429e-09,4.6179418636278522e-11,0.50010557007600065
1.5077022258473436,92,0.00026926072757381078,-5.2019003796317798e-15,3.6511758463533973e-05,1.4890251304171854e-09,4.6637499286913325e-11,0.50010557007850087
1.5732544867068334,96,0.00027463971612235621,-4.888762463427232e-15,3.7241149386719267e-05,1.5169137753342054e-09,4.7207924131479274e-11,0.50010557008011303
1.6388067456437303,100,0.00028030834254653069,-3.4395229719930143e-15,3.8009815209932302e-05,1.5447404147815586e-09,4.7891387170526076e-11,0.50010557008126433
1.7043590035019984,104,0.00028624365374191433,-2.4957249808443827e-15,3.8814643491889431e-05,1.5736270233975451e-09,4.8687120432506609e-11,0.50010557008218925
1.769911260812401,108,0.00029242164788270897,-1.7933652609811168e-15,3.965237958467329e-05,1.604137585253234e-09,4.9592845816004841e-11,0.50010557008302381
1.8354635177680396,112,0.00029881811812659321,-5.8202683124453092e-16,4.0519741040123053e-05,1.6344091772659969e-09,5.060476937387991e-11,0.50010557008385081
1.9010157746181813,116,0.00030540942693349862,4.1428720263386731e-16,4.141352260747147e-05,1.6657313690733533e-09,5.1717484979461751e-11,0.50010557008471801
1.966568031468706,120,0.00031217246822944317,-7.9921963144768959e-16,4.2330591102760085e-05,1.6992055991643904e-09,5.2924052055015637e-11,0.50010557008564682
2.0321202883262703,124,0.00031908554982683688,-3.8656821884155979e-15,4.3268005065045205e-05,1.7346682742075769e-09,5.421609423358327e-11,0.50010557008665057
2.0976725452124119,128,0.00032612837120137147,-6.1677957663083816e-15,4.4223011742943796e-05,1.7720941532622509e-09,5.5583997120991163e-11,0.50010557008775602
2.163224802181503,132,0.00033328277319362757,-5.3056924088565327e-15,4.5193148754181999e-05,1.8115597295898943e-09,5.7016611258474634e-11,0.50010557008900935
2.2287770591947624,136,0.00034053266054442216,-5.1425606394789325e-15,4.6176233581387183e-05,1.8531744911965028e-09,5.8501785890108553e-11,0.50010557009044443
2.2943293162454195,140,0.0003478644387636203,-6.2280774070985756e-15,4.7170422811504969e-05,1.8968644910210258e-09,6.0026676547747711e-11,0.50010557009205459
2.3598815733845813,144,0.00035526712704224916,-3.764675203521417e-15,4.8174227446683486e-05,1.9425273244635625e-09,6.1577757216907126e-11,0.50010557009381429
2.4254338305671994,148,0.00036273253785832867,-2.7938941308050524e-15,4.9186537258826545e-05,1.9902770959436016e-09,6.3141231115216185e-11,0.50010557009569734
2.490986087763559,152,0.00037025523280897083,-2.898397667705499e-15,5.0206614800425704e-05,2.0404275653862548e-09,6.4703885774851403e-11,0.50010557009768331
2.5565383450518042,156,0.00037783251330779979,-1.299402751196721e-15,5.123409414313026e-05,2.0934337342214349e-09,6.6251786612110565e-11,0.50010557009974155
2.6220906023769004,160,0.00038546438184110238,2.5762134396242753e-15,5.2268975624080738e-05,2.1494549168938151e-09,6.7773721403140144e-11,0.5001055701018271
2.6876428597834559,164,0.00039315346832802928,4.7154662986825802e-15,5.3311615860351138e-05,2.2083150202394583e-09,6.9256850626599944e-11,0.50010557010390688
2.7531951173053817,168,0.00040090462733748529,3.3950300253396404e-15,5.4362673131553541e-05,2.269380365509215e-09,7.069199664358686e-11,0.50010557010603385
2.81874737486983,172,0.00040872507268166264,7.0585085085866917e-15,5.5423125630723145e-05,2.3320143706133101e-09,7.2068610249621126e-11,0.50010557010833856
2.8842996324713392,176,0.00041662373243427992,1.0987060870479293e-14,5.6494184004782329e-05,2.395852994254149e-09,7.3391380031134755e-11,0.50010557011082701
2.9498518901373947,180,0.00042461105573091899,-1.8919056859328931e-15,5.7577265156663642e-05,2.4607169449366666e-09,7.4635962863396346e-11,0.50010557011329515
3.0154041478314904,184,0.00043269869329803066,-7.0542123574782178e-15,5.8673948925038433e-05,2.5267975279344965e-09,7.5827164544868034e-11,0.50010557011557011
3.0809564055716443,188,0.0004408994167271089,-2.9682473926678776e-15,5.9785967137893741e-05,2.5944401886119316e-09,7.694104823274521e-11,0.50010557011765477
3.146508663421574,192,0.00044922639693936804,6.2353686667085406e-15,6.0915105772332321e-05,2.6636481669899496e-09,7.7997942522308195e-11,0.50010557011963752
3.2120609213829847,196,0.0004576929444132968,4.32307997993292e-15,6.206316972942533e-05,2.7342234734174992e-09,7.8996157355605369e-11,0.50010557012164902
3.2776131793751171,200,0.00046631224339475208,-1.3687361248744534e-14,6.3231946793097229e-05,2.8057731630975585e-09,7.9948024079627704e-11,0.5001055701238688
3.3431654375116504,204,0.00047509699844194711,-3.9961008677438792e-14,6.4423159701621261e-05,2.8781969394371159e-09,8.0858381078213127e-11,0.50010557012646617
3.4087176956949703,208,0.00048405869976899426,1.1966081879706547e-14,6.5638366528193414e-05,2.9513119066681817e-09,8.1742582636360641e-11,0.50010557012953838
3.4742699539161048,212,0.00049320726155817124,8.9812651673376598e-14,6.6878911636070607e-05,3.0248700019858726e-09,8.2612318339689415e-11,0.50010557013299972
3.5398222122003653,216,0.00050254939761940716,2.6474631406418758e-14,6.8145705417974107e-05,3.0986687191476769e-09,8.3478767573754352e-11,0.50010557013642376
3.6053744705165536,220,0.00051208637884281761,-1.3384803790490729e-13,6.9438920206621549e-05,3.1721623387347168e-09,8.4382022196005113e-11,0.50010557013924695
3.6709267288889147,224,0.00052180851770151991,1.2005462813116652e-13,7.0757242373230752e-05,3.2417408419285361e-09,8.5296023502185619e-11,0.50010557014175394
3.7364789873381015,228,0.00053167163104616839,3.2578199036029099e-13,7.2094680682126161e-05,3.2889236500861271e-09,8.6204887452803275e-11,0.50010557014566925
3.8020312455010439,232,0.00054136399984790998,-2.2095633699439898e-13,7.3408966028590847e-05,3.259515911459672e-09,8.7245076191775295e-11,0.50010557015143464
3.8675834999521976,236,0.00055059295284119508,-2.12577622605431e-14,7.4660412184881001e-05,3.1453373210406522e-09,8.8484605583474247e-11,0.50010557015463653
3.9331357478762117,240,0.00055967700741736291,6.0703501145002725e-13,7.5892210113762704e-05,3.1231620987743856e-09,8.953289763930207e-11,0.5001055701515249
3.9986879943831197,244,0.00056811751928451397,-3.9846936785315618e-12,7.7036743642208778e-05,3.3030300552385174e-09,9.083795280357072e-11,0.5001055701469721
4.0642402448126287,248,0.0005760685571373792,-9.2047233008450691e-12,7.8114904487401675e-05,3.5398349755732371e-09,9.237654233710495e-11,0.50010557014698775
4.1297924995600352,252,0.00058461349363226798,-7.8065964337434984e-12,7.9273597996844451e-05,3.7266309232144441e-09,9.3851841667931194e-11,0.50010557015061774
4.1953447556252348,256,0.0005944804952104655,-3.3209150219256495e-12,8.0611563550264036e-05,3.8656431298016202e-09,9.5528531105293465e-11,0.50010557015617263
4.2608970125017933,260,0.00060545900918055923,-1.1056523941841909e-12,8.2100250199729902e-05,3.9765239178318768e-09,9.7454967262116554e-11,0.50010557016417911
4.3264492704525628,264,0.00061723026923153829,9.8972356189514638e-13,8.3696433228964929e-05,4.0759973624639678e-09,9.9427161386819067e-11,0.50010557017417689
4.3920015292486836,268,0.00063000993564223812,2.5572023611055567e-12,8.5429356174826393e-05,4.17366425204726e-09,1.0151796309134063e-10,0.5001055701852346
4.4575537870793678,272,0.00064400920968124271,1.5756813171938222e-13,8.7327657932318462e-05,4.2730287359885188e-09,1.0398132379532286e-10,0.50010557019659785
4.5231060439263464,276,0.00065905971461748881,-8.7585494412678599e-13,8.9368506614329862e-05,4.3752625703354425e-09,1.0642530573427044e-10,0.50010557020713275
4.5886583000325922,280,0.00067515949511720444,6.3417196841109025e-13,9.1551637077573507e-05,4.4812144575040703e-09,1.0898623058864085e-10,0.50010557021512858
4.6542105557185725,284,0.0006922261124445657,2.0586516432524737e-13,9.3865870628306831e-05,4.591735780252613e-09,1.1192912742156161e-10,0.50010557021890067
4.7197628115284838,288,0.00070977080952432266,-3.3370818586751783e-13,9.6244931800220041e-05,4.707612892628406e-09,1.1481858596327774e-10,0.50010557021862678
4.7853150679205365,292,0.00072744162459776999,4.0466002944328228e-14,9.8641094573859655e-05,4.8294482334260505e-09,1.1791964616634373e-10,0.50010557021629443
4.850867324197206,296,0.00074497541455778311,5.2033870918608005e-14,0.0001010186767401815,4.9576764500089632e-09,1.2123925739095892e-10,0.50010557021527158
4.9164195800223327,300,0.00076201158165563332,3.2869838578405974e-14,0.00010332878123936289,5.0924778827727556e-09,1.2449911363807687e-10,0.50010557021949742
4.9819718355400049,304,0.00077838206660996948,-5.0003946296117707e-14,0.00010554861923047798,5.2337389575139691e-09,1.2807151589100525e-10,0.50010557022764179
5.0475240908615975,308,0.00079401886061512643,-4.312668928571628e-13,0.00010766896871851767,5.3811128810813942e-09,1.317403819106234e-10,0.50010557023186986
5.1130763461003488,312,0.00080875214126069947,-4.453160659233929e-13,0.00010966680178223159,5.5341206302033285e-09,1.3528121307446194e-10,0.50010557022876234
5.1786286004811393,316,0.00082250178896263937,-3.594594240319271e-13,0.00011153125420489058,5.6922213712077578e-09,1.3905053459072999e-10,0.50010557022510593
5.2441808537455232,320,0.00083529713170720529,-5.5684932576474666e-13,0.00011326630286184579,5.8549514489941471e-09,1.4298654801789433e-10,0.50010557022745561
5.3097331061084665,324,0.00084716489107482902,-6.4767383622064967e-13,0.00011487557119978134,6.0219585324860603e-09,1.4680193758975137e-10,0.50010557023320623
5.3752853580272504,328,0.00085819664022864092,-7.6596330189984685e-13,0.00011637147654091156,6.193001698861774e-09,1.5066151323435763e-10,0.50010557023752045
5.4408376097580673,332,0.0008685454187971187,-9.5666421832951709e-13,0.00011777477106102044,6.3679878041337232e-09,1.5471154659478513e-10,0.50010557024238089
5.5063898616067357,336,0.00087834984693698664,-1.0358783058758703e-12,0.0001191042516553184,6.5469208614819157e-09,1.586953671093898e-10,0.50010557025256142
5.5719421136253606,340,0.00088777827994412613,-1.0226514459473618e-12,0.00012038274730430577,6.7298310372462692e-09,1.6277043561500829e-10,0.50010557026731939
5.6374943658857042,344,0.00089702693391769447,-1.0772012893223853e-12,0.00012163686491380069,6.9167686783902373e-09,1.6700268021081599e-10,0.50010557028122249
5.7030466184911059,348,0.00090626267097528154,-1.1564095221770071e-12,0.00012288923098930605,7.107731326629032e-09,1.7125164000028868e-10,0.50010557029047886
5.768598871345648,352,0.00091565461447191379,-1.1089368084828827e-12,0.00012416277866015305,7.3026018454326203e-09,1.7566828645386863e-10,0.50010557029542113
5.8341511243350848,356,0.00092537764124039066,-1.0604483870885195e-12,0.00012548122122734023,7.5011443773921995e-09,1.8016870965222541e-10,0.50010557029878056
5.8997033771648573,360,0.00093556562134164141,-1.1700281585605432e-12,0.00012686271147302112,7.7029731530219506e-09,1.8467056857015012e-10,0.50010557030358793
5.9652556296817023,364,0.00094633571868771586,-1.226268652593232e-12,0.00012832313682532512,7.9076381719799392e-09,1.8931080144711886e-10,0.50010557031124869
6.030807881666302,368,0.00095779580175339588,-1.1431640681812405e-12,0.00012987712425095683,8.1148697582801615e-09,1.9398004329098546e-10,0.50010557031995284
6.0963601330232517,372,0.00097001652323760134,-1.066464570733533e-12,0.00013153425425688802,8.3242222306509728e-09,1.9875709456626216e-10,0.50010557032644742
6.1619123837149896,376,0.00098304057253884069,-1.0515908619151276e-12,0.00013330031552615966,8.5351810588769374e-09,2.0367250084814571e-10,0.50010557033049652
6.2274646336546846,380,0.00099689430845511205,-9.5948477028123813e-13,0.00013517888231215271,8.7473767637863982e-09,2.0859469147575815e-10,0.50010557033519609
6.293016883006362,384,0.0010115770961826201,-8.1329333458807218e-13,0.00013716986853546358,8.9607380275318472e-09,2.1357190070993872e-10,0.50010557034248293
6.3585691322076121,388,0.0010270637343958462,-7.2313826476357035e-13,0.00013926985689599581,9.1753529859173538e-09,2.1877340816174944e-10,0.50010557035169845
6.4241213818831211,392,0.0010433145331743398,-6.3290534922308406e-13,0.00014147346543997557,9.3915276240760419e-09,2.2410317428916654e-10,0.5001055703619337
6.4896736328397671,396,0.0010602729333742415,-3.6769399374206313e-13,0.00014377302474669632,9.6095625859492116e-09,2.2955581726772767e-10,0.50010557037126924
6.5552258857684524,400,0.0010778670327282042,-3.2626950186714909e-14,0.00014615878486768988,9.8301096945306615e-09,2.3513357919453688e-10,0.50010557037432413
6.6207781412207609,404,0.0010960185634529516,1.7552745281562698e-13,0.00014862013269043806,1.0053874519553306e-08,2.4087447268111583e-10,0.50010557036432968
6.6863303983394955,408,0.0011146436946792761,3.3916822800815483e-13,0.00015114570074789186,1.0281587596065252e-08,2.4676435543484724e-10,0.50010557033564873
6.7518826554898288,412,0.0011336512596934491,5.9142399094422315e-13,0.00015372312683238152,1.0513983414031837e-08,2.5291205327648142e-10,0.50010557027864466
6.8174349122811169,416,0.001152950667107663,7.0515739514914744e-13,0.00015634012675044029,1.0751741031674107e-08,2.5929847144141338e-10,0.50010557016893498
6.882987168724628,420,0.0011724568041896555,6.3861169499225545e-13,0.00015898515921437088,1.0995508252548591e-08,2.6585044203944137e-10,0.5001055699559539
6.9485394247246282,424,0.0011920865075952768,6.476620726270782e-13,0.00016164694727353142,1.1245805600985944e-08,2.7257210942809494e-10,0.50010556954492202
7.0140916800976525,428,0.0012117607008668898,7.8128963802021056e-13,0.0001643147681591491,1.1502995272244943e-08,2.7957170557598038e-10,0.50010556875920631
7.0796439347526086,432,0.0012314123105074022,8.4732478737407912e-13,0.00016697952670407043,1.1767381274966267e-08,2.8687073832812199e-10,0.50010556727011957
7.1451961886097175,436,0.0012509836684418347,7.7807999301383879e-13,0.00016963340311651338,1.2039184775499587e-08,2.9443571442820159e-10,0.50010556447634102
7.2107484415882706,440,0.0012704232908187709,7.6580807125380124e-13,0.00017226941618549849,1.2318505052701537e-08,3.0242368466492749e-10,0.50010555930663381
7.2763006937934458,444,0.001289689436784877,8.2751172450837296e-13,0.00017488190585072391,1.2605380765374666e-08,3.1114328148900876e-10,0.5001055499235374
7.3418529454715662,448,0.0013087509656323137,7.098833239987945e-13,0.00017746664943176659,1.2899838619121482e-08,3.2152861588465835e-10,0.50010553334434715
7.407405196860358,452,0.0013275860676445908,4.1294243957427923e-13,0.00018002068953076235,1.3201794930479945e-08,3.371727095291444e-10,0.50010550512017415
7.472957447999045,456,0.0013461819817725817,2.2823014094938698e-13,0.00018254229574926929,1.3510907598234829e-08,3.8330259994373689e-10,0.50010545950664598
7.538509698891497,460,0.001364533494532943,1.6883762725579399e-13,0.00018503076113887237,1.3825867650245961e-08,4.3284982446508495e-10,0.50010539097192108
7.6040619495950823,464,0.0013826402708501996,1.3359802088393213e-13,0.00018748604026333244,1.4141242288949359e-08,4.7477503483289431e-10,0.50010529784396751
7.6696142001895753,468,0.0014005085978107987,3.7712289346035488e-13,0.0001899089856516606,1.4435887217345562e-08,5.0206424702104182e-10,0.50010518730250286
7.7351664507686033,472,0.0014181514555638773,7.4809678850956685e-13,0.0001923013574122632,1.4665040940298422e-08,5.0324623252975577e-10,0.50010507802855175
7.8007187014505011,476,0.0014355858888795868,4.8129547764765024e-13,0.00019466546681621359,1.4840112992200428e-08,4.6050437983192381e-10,0.50010499614229331
7.8662709522996961,480,0.0014528329593049187,-3.5515996610682721e-13,0.00019700416980958146,1.5104119057502273e-08,3.9181350351158073e-10,0.50010496446325958
7.9318232032830194,484,0.0014699206221598894,-7.2906185754305353e-13,0.00019932125713415598,1.5550487327681687e-08,4.7740520537937693e-10,0.50010499130754227
7.9973754543399371,488,0.0014868805316610506,-3.0630871645544178e-13,0.00020162102110214884,1.6083450538165934e-08,5.3511838770073234e-10,0.50010506661044396
8.0629277053612203,492,0.0015037438728239352,1.423007490921474e-13,0.00020390769040210696,1.6594908556532117e-08,5.596333350944166e-10,0.5001051679365448
8.1284799562942549,496,0.0015205462918079064,1.685460039764497e-13,0.00020618609865374359,1.7075059052809217e-08,5.5838057625517541e-10,0.50010527162462481
8.1940322070878935,500,0.0015373331162325608,1.3231004291312798e-13,0.00020846239228291652,1.754424390960025e-08,5.3768627329202598e-10,0.5001053615218618
8.2595844576319752,504,0.0015541438743545217,5.0859712491871378e-13,0.00021074193132178238,1.8013685086936845e-08,5.0865554020200357e-10,0.50010543122347029
8.3251367078151066,508,0.0015709972349759955,1.4230152700720616e-12,0.00021302724726018413,1.8487453977539139e-08,4.9626660093075669e-10,0.50010548130432009
8.3906889575407995,512,0.0015878997877447534,2.0341228430375419e-12,0.0002153192336544527,1.8964399506933154e-08,5.0004970851592176e-10,0.50010551542399984
8.456241206731411,516,0.0016048611189354734,8.5075539278320345e-13,0.00021761919040356981,1.9440687986795995e-08,5.0910348692145014e-10,0.50010553772101674
8.5217934553351053,520,0.0016218978175201806,-2.0343222820271706e-12,0.00021992936697237653,1.9912257358676656e-08,5.2032284648762496e-10,0.50010555173323257
8.5873457032981388,524,0.0016390337603908816,-3.9623665405632419e-12,0.00022225300106776624,2.0375770140797968e-08,5.3246222117763254e-10,0.50010556018619567
8.6528979506261674,528,0.0016562995873979983,-3.1488406175041173e-12,0.00022459424745388914,2.0829136874356944e-08,5.4582631392743035e-10,0.50010556507813053
8.7184501973768178,532,0.0016737204969309242,-7.9531796729967463e-13,0.000226956523032703,2.1271896601382385e-08,5.5924635679230569e-10,0.50010556780693205
8.7840024436212669,536,0.0016913086494335738,6.4661519411438051e-13,0.00022934147676057447,2.1705480090559316e-08,5.7186193856444995e-10,0.50010556928861061
8.8495546894164168,540,0.001709075577100191,4.5219619606955141e-13,0.00023175067240320595,2.2133274814719658e-08,5.8476110895525821e-10,0.50010557007731182
8.9151069347732204,544,0.0017270479961500065,6.7885150625834889e-15,0.00023418773268030262,2.2560209008893543e-08,5.9749170267915973e-10,0.50010557048570736
8.9806591796621174,548,0.001745264349114305,-1.3343452319632132e-13,0.00023665787039964985,2.2992099691809342e-08,6.0984558953702703e-10,0.50010557068591888
9.0462114240165334,552,0.00176376369610836,-3.4499546231955835e-13,0.00023916638211343063,2.3435171696275561e-08,6.2193464397385118e-10,0.50010557077512852
9.1117636674662368,556,0.0017825888685569535,-7.2776742856932308e-13,0.00024171907576345057,2.389549679125452e-08,6.3423787447787483e-10,0.50010557080933227
9.1773159083184712,560,0.0018017898828864799,-9.4568111479696737e-13,0.00024432273357783552,2.4378409142570603e-08,6.4730706185782599e-10,0.50010557081997131
9.2428681460753541,564,0.0018214153559136456,-7.0248489100407929e-13,0.00024698394799761773,2.4888484247567689e-08,6.6092133717446022e-10,0.50010557082433271
9.3084203815170241,568,0.0018415050053904823,6.2682769131489069e-14,0.00024970810475053389,2.5429533150838099e-08,6.7525660926174233e-10,0.50010557083243978
9.3739726159767329,572,0.0018620929442625888,9.8900014154808258e-13,0.00025249982955248925,2.6004194631903276e-08,6.9030360207024602e-10,0.50010557085001528
9.4395248508492635,576,0.0018832147509385713,1.5147616505301748e-12,0.00025536394683619353,2.6613885046678307e-08,7.0609744462056022e-10,0.50010557087865926
9.5050770872003554,580,0.0019049060747205948,1.4845282663746018e-12,0.00025830529064752391,2.7259318587139405e-08,7.2312230244665166e-10,0.50010557091579833
9.5706293258231838,584,0.0019271936470491612,1.2749578682299395e-12,0.00026132748577019024,2.7940424082895909e-08,7.4144856403537617e-10,0.50010557095602504
9.6361815671920965,588,0.0019500913330186694,1.1444300910580518e-12,0.00026443241231118893,2.8655499624848828e-08,7.6118481012180645e-10,0.50010557099385056
9.7017338113081593,592,0.0019736020298553878,1.060980649040047e-12,0.00026762046313444284,2.9401737378382882e-08,7.8227920157426674e-10,0.50010557102667963
9.7672860565100859,596,0.0019977190950611979,1.1636228276507704e-12,0.00027089073751711327,3.0176288199895631e-08,8.044287441369769e-10,0.50010557105588926
9.8328383019834931,600,0.0020224239089751753,1.6370572432367059e-12,0.00027424071063291582,3.0975993981294512e-08,8.2735354658193755e-10,0.50010557108522502
9.8983905474862368,604,0.0020476856536090935,2.2068044548857746e-12,0.0002776662035622115,3.1796955564066337e-08,8.5138136021943816e-10,0.50010557111818843
9.9639427929154056,608,0.0020734670675283382,2.3282301108741577e-12,0.00028116216365394012,3.2634905584310955e-08,8.7716006197992913e-10,0.50010557115601539
10.029495038226475,612,0.0020997268775562296,1.8137863986352615e-12,0.00028472299426476075,3.348554128361205e-08,9.038442713249184e-10,0.50010557119700161
10.095047283300385,616,0.0021264169512654279,1.012967677403373e-12,0.000288342168636846,3.4344673944682432e-08,9.3100176089596737e-10,0.50010557123769239
10.160599528031083,620,0.0021534788009011604,4.8518892896420862e-13,0.00029201175582982229,3.5208424966029684e-08,9.5827254451981804e-10,0.50010557127540989
10.226151772375129,624,0.0021808461034312785,4.7323646737429392e-13,0.00029572276243959318,3.607332449476989e-08,9.8571268825220634e-10,0.50010557131006761
10.291704016334352,628,0.0022084521151894544,7.3952947715269501e-13,0.0002994661380240616,3.6936399065285533e-08,1.012983544505061e-09,0.50010557134295264
10.357256259894887,632,0.0022362332662753883,8.8440696823302578e-13,0.0003032332625038486,3.779534983044397e-08,1.0405416009726363e-09,0.50010557137442102
10.422808503012725,636,0.0022641264243320131,8.6537702459650589e-13,0.00030701557513044387,3.8648676628148106e-08,1.0678523415168711e-09,0.50010557140395251
10.488360745598966,640,0.0022920655937167652,9.0551088220529319e-13,0.00031080412689378338,3.9495791768190559e-08,1.0951389035636798e-09,0.5001055714313648
10.55391298747606,644,0.0023199852050570942,1.0297829212621568e-12,0.00031459002658602273,4.0337037241271447e-08,1.1217919703662584e-09,0.50010557145763301
10.619465228491043,648,0.0023478292914203601,9.8910498389816193e-13,0.00031836568509030521,4.1173706918852276e-08,1.1478770419166596e-09,0.50010557148520451
10.685017468593108,652,0.0023755552571223522,6.5195166431240847e-13,0.00032212532643124996,4.2008007138748378e-08,1.1735935241948461e-09,0.50010557151565815
10.750569707678395,656,0.0024031281088659827,2.2348548250721023e-13,0.00032586420551727744,4.284297103603694e-08,1.1991864159555718e-09,0.50010557154730739
10.816121945658352,660,0.002430515533871456,-8.8306911696228729e-15,0.00032957794073499083,4.3682459348848313e-08,1.2244849228374993e-09,0.50010557157762847
10.881674182548769,664,0.0024576914872872072,1.2163393122571753e-14,0.00033326300040214992,4.4531000891995974e-08,1.2495626754341914e-09,0.50010557160669344
10.947226418383853,668,0.0024846431151830271,1.0962823530913379e-13,0.0003369176415256367,4.539358589940909e-08,1.2750262708585663e-09,0.50010557163621883
11.012778653190333,672,0.0025113719669503003,1.0381073171222832e-13,0.00034054207420294483,4.6275571535435833e-08,1.3006969547550698e-09,0.50010557166632641
11.078330886953932,676,0.0025378891919506405,-4.5980743084567122e-14,0.00034413781028766666,4.7182475807037336e-08,1.3268613901329679e-09,0.50010557169605097
11.143883119663778,680,0.0025642126475617852,-2.6755678293570451e-13,0.00034770727124047571,4.811970857196172e-08,1.3534070162817807e-09,0.50010557172724679
11.209435351395362,684,0.002590369414627999,-4.047844687476293e-13,0.0003512541292242369,4.9092448086999777e-08,1.3809002334442776e-09,0.50010557176364545
11.274987582250926,688,0.0026164046360471656,-2.6361654829540337e-13,0.00035478450561654112,5.0105564793391203e-08,1.4102508341281496e-09,0.50010557180535209
11.340539812328167,692,0.002642389914085371,2.2300626514697164e-13,0.00035830810968568133,5.11635197012918e-08,1.4400530177280008e-09,0.5001055718479398
11.406092041839564,696,0.002668406983881742,9.6199418331451014e-13,0.00036183602471767797,5.2270149974074968e-08,1.4717136907313066e-09,0.50010557188732596
11.471644271048021,700,0.0026945311693421198,1.5767627546507679e-12,0.00036537846463522745,5.3427611994417552e-08,1.5050443187950452e-09,0.50010557192341298
11.537196500120624,704,0.0027208103524575173,1.2639416423210204e-12,0.00036894192223698764,5.4632694991701349e-08,1.5401687403247954e-09,0.50010557195950089
11.602748729148805,708,0.0027472549836339366,-9.3385910983345699e-14,0.00037252781459816008,5.586554596786709e-08,1.5775402331534407e-09,0.50010557200012695
11.668300958200575,712,0.0027739608077948816,-6.9386824844835937e-14,0.00037614912473172472,5.7090263807003618e-08,1.6162996878825206e-09,0.50010557204799666
11.733853187330221,716,0.0028010932868868712,3.0019272657944018e-12,0.00037982828927996746,5.8326607940171063e-08,1.6568932348553942e-09,0.5001055720999763
11.799405416613522,720,0.0028288381873563242,2.5596458546467415e-12,0.00038359049817564744,5.9694438456931717e-08,1.6993044913061811e-09,0.50010557215017881
11.864957646147639,724,0.0028570243819822389,9.2379961102659336e-13,0.00038741254656517892,6.1267666409320991e-08,1.7444606045292169e-09,0.50010557219939966
11.930509875991966,728,0.0028850560622530725,3.2160425418679278e-11,0.00039121364280597822,6.2966280339624497e-08,1.7915450031514549e-09,0.50010557225339092
11.99606210617263,732,0.0029130669059249464,7.940144077173486e-11,0.0003950119136036642,6.4687924691222526e-08,1.8396808443596453e-09,0.50010557231368558
12.061614336664158,736,0.0029421072885007843,9.9758691162344509e-11,0.00039894978989127468,6.6412359663201325e-08,1.8899117850632522e-09,0.50010557237837239
12.127166567404494,740,0.0029729451529929784,8.4200174664626065e-11,0.00040313140475214043,6.8155159805524691e-08,1.9415474378157766e-09,0.5001055724461303
12.19271879831658,744,0.0030054805947721595,5.3414580755434954e-11,0.00040754321111710748,6.9927010761013308e-08,1.9942293277193735e-09,0.50010557251454602
12.258271029276905,748,0.0030393723405448807,2.0661327954519387e-11,0.00041213893232276255,7.1732245890649081e-08,2.048472937876145e-09,0.50010557258036314
12.323823260105053,752,0.0030744270622378878,-8.2496536186506264e-12,0.00041689235307964075,7.3570784030378613e-08,2.1039340710180401e-09,0.50010557264292343
12.389375490656972,756,0.0031105494886837105,-2.6370850815526925e-11,0.0004217905546160869,7.5439868591023648e-08,2.1600769366310562e-09,0.50010557270428146
12.454927720801786,760,0.0031476146740458547,-3.1783860536972047e-11,0.00042681659427490701,7.7336060462100801e-08,2.2171969709039836e-09,0.50010557276684076
12.520479950388808,764,0.0031854675171401085,-3.23523687223784e-11,0.00043194944033333039,7.9256088272212428e-08,2.2750490389841996e-09,0.50010557283196488
12.586032179230489,768,0.0032239797206840659,-2.9882817791440641e-11,0.00043717169567805003,8.1196944467946506e-08,2.3333824599208689e-09,0.50010557289971158
12.651584407219149,772,0.0032630008275603972,-2.5716772624178458e-11,0.00044246295832183011,8.3155957538986834e-08,2.392385125526117e-09,0.50010557296950775
12.717136634288741,776,0.0033023744526440389,-2.0708736375024683e-11,0.00044780202243950237,8.5131122270135101e-08,2.4519216939681577e-09,0.50010557304100645
12.782688860337498,780,0.0033419796513076863,-1.3693928640774039e-11,0.0004531724879378955,8.7121471179918709e-08,2.5118352477808564e-09,0.5001055731133065
12.848241085231516,784,0.003381714316960713,-7.2476506675529795e-12,0.0004585605091618777,8.9127163953306343e-08,2.5719377581614228e-09,0.50010557318377902
12.913793308873544,788,0.00342159645554414,-3.0274683584727291e-12,0.00046396852771730593,9.1149497487936209e-08,2.6322849661120745e-09,0.50010557324972205
12.979345531250749,792,0.0034617414852044178,-1.6363028553650905e-13,0.00046941219430646967,9.3190819829882829e-08,2.6932975178789893e-09,0.50010557331128236
13.044897752339425,796,0.0035022765587176315,3.4328551286322284e-12,0.00047490875084760264,9.5254406843093388e-08,2.7551610645918037e-09,0.50010557337156458
13.110449972075426,800,0.0035433707919771892,6.1501333539770719e-12,0.00048048112945824051,9.7344193781718647e-08,2.8178627938602537e-09,0.50010557343403161
13.176002190406994,804,0.0035851673430355754,7.6600687598515904e-12,0.00048614874237232295,9.9464640841820825e-08,2.881483095359736e-09,0.50010557350029627
13.241554407312547,808,0.0036277444780505475,8.9604725007040587e-12,0.00049192220248194776,1.016206199908282e-07,2.9462657496315505e-09,0.50010557357057561
13.307106622793111,812,0.0036711772861594215,9.798177080886511e-12,0.00049781169187519583,1.0381733077782431e-07,3.012164497148786e-09,0.50010557364595343
13.372658836889595,816,0.0037154956828188636,9.8708529956519075e-12,0.00050382126708841389,1.0606036526383897e-07,3.0790793233405267e-09,0.50010557372876019
13.438211049704822,820,0.0037606496797202272,1.0275087801003141e-11,0.00050994414970624319,1.0835568173588102e-07,3.147528964622208e-09,0.50010557381972698
13.503763261344647,824,0.0038065564665089478,1.0282862126891057e-11,0.00051616911064343465,1.1070950400572408e-07,3.2178269020609227e-09,0.50010557391588861
13.569315471873159,828,0.0038530912104128923,9.8644628164674952e-12,0.00052247922257432319,1.1312814317081631e-07,3.2900698408938118e-09,0.5001055740127609
13.634867681331388,832,0.0039000953776405357,9.5468332675027745e-12,0.00052885298831453797,1.156177608141336e-07,3.364457555970211e-09,0.50010557410833478
13.700419889788522,836,0.0039474065065997861,8.9360204891079931e-12,0.00053526837806989601,1.181843586540322e-07,3.441128541365579e-09,0.50010557420432844
13.765972097308898,840,0.0039948471624853508,7.3614044547587465e-12,0.00054170133167829226,1.2083343704214135e-07,3.5199327217938272e-09,0.5001055743038999
13.831524303944034,844,0.0040422440131131915,5.8212792767610433e-12,0.00054812834529312227,1.2357010437774212e-07,3.6011007640475287e-09,0.5001055744084405
13.897076509783355,848,0.0040894702406425046,5.0526585411263258e-12,0.00055453222241338117,1.2639911333467837e-07,3.6848777039923226e-09,0.50010557451646576
13.96262871486724,852,0.0041364359900934724,4.1486589012242059e-12,0.00056090077870253597,1.2932435637267228e-07,3.7711910086791413e-09,0.50010557462547489
14.028180919017283,856,0.0041830834768647861,2.9490596705102068e-12,0.00056722617856783282,1.3234931408120059e-07,3.8602372254854552e-09,0.50010557473450434
14.093733121476175,860,0.0042294095617154432,2.2960600434829281e-12,0.00057350799632814727,1.3547677982792471e-07,3.9522227001027692e-09,0.50010557484475249
14.159285321103015,864,0.0042754712207361111,1.7891648991345821e-12,0.00057975395794217905,1.3870919312739639e-07,4.0471363183685383e-09,0.50010557495828678
14.224837517603113,868,0.0043213700695981828,1.7016574239102356e-12,0.00058597784249640478,1.420485634089495e-07,4.1448121479346778e-09,0.50010557507619668
14.290389711501181,872,0.004367250421813797,2.5498909624402377e-12,0.00059219921890510949,1.454962546250981e-07,4.2453861278382316e-09,0.50010557519716914
14.355941903822552,876,0.0044132997594027862,2.7675538184952775e-12,0.00059844350973283151,1.4905302027958728e-07,4.3489198265241037e-09,0.50010557531737299
14.421494095818685,880,0.0044597277513184781,6.3210108805153431e-13,0.00060473914609260467,1.5271922910641674e-07,4.4553479336158741e-09,0.50010557543176504
14.487046288419906,884,0.0045067513960002775,-1.8241866892899916e-12,0.00061111555297587827,1.5649476958262887e-07,4.5646542875083002e-09,0.50010557553515644
14.552598482443001,888,0.0045545974471283453,-1.8853887093044086e-12,0.00061760347818488599,1.6037893624579749e-07,4.677081501714971e-09,0.50010557562075486
14.618150678464474,892,0.0046034900693546236,-3.6199363818989472e-13,0.00062423331844959869,1.6437052901351962e-07,4.7926069415230861e-09,0.50010557567496616
14.683702875245489,896,0.0046536280490299961,4.2814845635855137e-13,0.00063103202920200487,1.6846797292287363e-07,4.9110356785719837e-09,0.50010557566855784
14.749255071547381,900,0.004705182099020341,1.2511844858786869e-13,0.00063802275910912975,1.7266948640473739e-07,5.0322369388487478e-09,0.50010557554359458
14.814807267358336,904,0.0047582939140617935,-1.2346514869504555e-13,0.00064522472197919519,1.7697320675165149e-07,5.1562701656809109e-09,0.50010557519142773
14.880359462317365,908,0.0048130591828133718,-2.5815195250564194e-13,0.00065265089319571624,1.8137733489593551e-07,5.2834040112972306e-09,0.50010557441099301
14.945911656090457,912,0.0048695231742153875,-1.1191055677636785e-12,0.00066030741122763881,1.8588035084561834e-07,5.4139216585098244e-09,0.50010557283177093
15.011463848480883,916,0.0049276957987747071,-2.155380041113375e-12,0.00066819561993983385,1.9048113487629649e-07,5.5479811468661585e-09,0.50010556978432319
15.077016039413952,920,0.0049875534625479154,-1.7757322305286816e-12,0.00067631231999324109,1.9517904823238901e-07,5.686028968971526e-09,0.50010556410161888
15.142568228755302,924,0.0050490293060267265,-1.2479210373395055e-13,0.00068464844523759207,1.999740577331976e-07,5.8294554511510971e-09,0.50010555384156608
15.208120416361568,928,0.0051120158032208155,8.8499140741410409e-13,0.00069318941514707956,2.0486677848417321e-07,5.9815000774104367e-09,0.50010553596656082
15.273672602126641,932,0.0051763746950033362,8.7429141617384465e-13,0.00070191648178214979,2.098583731601368e-07,6.1532322180674089e-09,0.50010550615869365
15.339224786048232,936,0.005241941306868325,1.5247544980084848e-12,0.00071080731527746704,2.1495019344558778e-07,6.3745416403329605e-09,0.50010545923186644
15.404776968210205,940,0.0053085382872159392,3.3977085468067658e-12,0.00071983786675358706,2.2014222998820263e-07,6.6523101126844046e-09,0.50010539086470662
15.470329148650309,944,0.0053759954337932476,5.0167628298097844e-12,0.00072898505678260729,2.2542875044988368e-07,6.948403036862786e-09,0.50010530100424611
15.535881327403381,948,0.0054441474905562509,4.9475071392177106e-12,0.00073822647664262644,2.3078896723178207e-07,7.2067091026115146e-09,0.50010519767438089
15.601433504599122,952,0.005512826158654293,3.7229119526777099e-12,0.00074753930500711773,2.361943345742157e-07,7.3427492715926121e-09,0.50010509810040138
15.666985680267286,956,0.0055818767576593549,2.9581984648321957e-12,0.00075690256720785604,2.4167238550707976e-07,7.3308685986886763e-09,0.50010502459475847
15.73253785436196,960,0.0056511819533918714,2.9617263502812463e-12,0.00076630035272843449,2.4733477739303906e-07,7.2269074684037597e-09,0.50010499605608905
15.798090026861615,964,0.005720656798316506,2.6019422076986598e-12,0.00077572114268186128,2.5325069567290447e-07,7.6807587820813839e-09,0.50010501950483532
15.863642197778278,968,0.005790230576563883,1.130683220662565e-12,0.00078515534799524975,2.5936046550058409e-07,8.0223943602514642e-09,0.50010508688607125
15.92919436714006,972,0.0058598557736727081,-7.4150082775281678e-13,0.00079459652570697714,2.6558861646796442e-07,8.2224543021828585e-09,0.50010517933824417
15.99474653497583,976,0.0059295407905928044,-1.9706235341448997e-12,0.00080404581498595815,2.7193053995293427e-07,8.3197971571062078e-09,0.50010527607996835
16.060298701289291,980,0.0059993585960048564,-3.3879280674289913e-12,0.00081351311038632462,2.7840770147205013e-07,8.3819777381269693e-09,0.50010536210184187
16.125850866074824,984,0.0060694020115793059,-7.1680311426042254e-12,0.0008230109985278999,2.8503144731910856e-07,8.4749561250649712e-09,0.50010543069822955
16.191403029321719,988,0.0061397461548951208,-1.2945024392696514e-11,0.00083254966535545349,2.9180271641939456e-07,8.6166650704668888e-09,0.50010548151185819
16.256955191044593,992,0.0062104607827791558,-1.5947155163238691e-11,0.00084213856989569247,2.9871778134898092e-07,8.7868714831860899e-09,0.50010551729261921
16.322507351261756,996,0.006281647313567955,-1.2271709473252179e-11,0.00085179146447648523,3.0577443886252658e-07,8.971972440946554e-09,0.50010554155969589
16.388059509931647,1000,0.0063534539324804915,-6.3193559543192612e-12,0.00086152844301561841,3.1297577166953608e-07,9.1678602169941129e-09,0.50010555750278574
16.453611666995037,1004,0.0064260538303066977,-7.1290377030505669e-12,0.00087137299018665373,3.2033025286330395e-07,9.3726486867181854e-09,0.50010556766218506
16.519163822440035,1008,0.0064996129128209526,-1.6134372700718491e-11,0.0008813476028149414,3.2784991713684323e-07,9.5842526340115999e-09,0.50010557394276023
16.58471597626032,1012,0.0065742778526249575,-2.4321921104734912e-11,0.00089147216970734424,3.3554865892586542e-07,9.803237105087885e-09,0.50010557772012398
16.650268128415224,1016,0.00665018321513078,-2.4550678330570452e-11,0.00090176493793564028,3.4344154710084722e-07,1.0030788229871056e-08,0.50010557995189686
16.715820278810163,1020,0.0067274611505287185,-1.8976186073882406e-11,0.00091224382706750094,3.5154476919109955e-07,1.0269140430611413e-08,0.50010558127624316
16.781372427168527,1024,0.0068062353638840365,-1.3131781469513659e-11,0.00092292561151152404,3.59875464579301e-07,1.0511814739799109e-08,0.5001055820967405
16.846924572674489,1028,0.0068866059403864897,-9.7585176701484033e-12,0.00093382386282085444,3.6845097177179982e-07,1.0755316583806584e-08,0.50010558265380156
16.912476714153971,1032,0.0069686487111593346,-7.5015632811439859e-12,0.00094494886369687729,3.7728730447707365e-07,1.1001762580820302e-08,0.50010558308096043
16.978028851100188,1036,0.0070524235189065188,-5.4878498663771258e-12,0.0009563087288110934,3.8639708121249703e-07,1.1255208872923397e-08,0.50010558344719058
17.043580983927065,1040,0.0071379714135568987,-3.8814099503903243e-12,0.00096790902453443577,3.9578775468685667e-07,1.151938862235008e-08,0.50010558378843628
17.10913311406571,1044,0.0072253031447005629,-2.5806710284362322e-12,0.00097975120851147225,4.0546102973354023e-07,1.1796109816524571e-08,0.50010558412694417
17.174685243177432,1048,0.007314398727901455,-1.4726469826573108e-12,0.00099183257085239118,4.1541349258726218e-07,1.2080853370178981e-08,0.50010558447785669
17.240237372261962,1052,0.0074052182279722208,-5.4392677428100056e-13,0.001004147696345223,4.256376923153981e-07,1.2371240529334557e-08,0.50010558484939316
17.305789501486469,1056,0.0074977055920664986,1.4930797483797553e-13,0.0010166889842232094,4.3612371389737422e-07,1.266951884341395e-08,0.50010558524290194
17.371341629794159,1060,0.0075917823718408403,4.7218359864459325e-13,0.00102944579688987,4.4686099232254037e-07,1.2974339932458372e-08,0.50010558565389251
17.436893756163308,1064,0.0076873483460722283,6.9184794612014988e-13,0.0010424045443459477,4.5784012278100784e-07,1.328570078119247e-08,0.50010558607376221
17.502445880246544,1068,0.0077842953355776769,1.1738738236663493e-12,0.001055550557492701,4.6905430625913029e-07,1.360538776645209e-08,0.5001055864933216
17.567998001779515,1072,0.0078825154634977398,1.5901728718514807e-12,0.001068869208226465,4.8050073205683528e-07,1.393402204465425e-08,0.50010558690775331
17.633550120550399,1076,0.0079819009715015234,1.3375281784910875e-12,0.0010823458845160476,4.9218226428288757e-07,1.4268868779442884e-08,0.50010558731948951
17.69910223652499,1080,0.0080823437563861261,6.386857188955819e-13,0.0010959659275656083,5.0410754852179943e-07,1.4611728425747474e-08,0.50010558773590885
17.764654349725184,1084,0.0081837398908153336,-9.1021482885589311e-14,0.0011097152448268878,5.1629016909905505e-07,1.4963393432069113e-08,0.50010558816347483
17.830206460017379,1088,0.0082859969807135749,-7.5038066038590756e-13,0.0011235813076619331,5.2874802139279209e-07,1.5324758250578586e-08,0.50010558860356036
17.895758567276079,1092,0.0083890389081937179,-1.5551392638923911e-12,0.0011375537944841735,5.4150224885553009e-07,1.5695716414359623e-08,0.50010558905280056
17.961310671442856,1096,0.0084928086300321854,-2.7153327329665355e-12,0.0011516249702316862,5.5457566889504573e-07,1.6076345585327903e-08,0.50010558950598449
18.026862772550402,1100,0.0085972685654435131,-4.3238945410251084e-12,0.0011657897389494311,5.6799118437422911e-07,1.6467787268454411e-08,0.50010558995919108
18.09241487081642,1104,0.0087024005554009291,-6.1481549018527204e-12,0.0011800456382731214,5.8177017951180633e-07,1.6870198302980104e-08,0.50010559041304958
18.157966966217103,1108,0.0088082044229757309,-7.6940723757468188e-12,0.0011943926442112226,5.9593126746527838e-07,1.7284275024834109e-08,0.50010559087429574
18.223519058684371,1112,0.0089146970679687618,-8.770628537671521e-12,0.0012088330483769677,6.104893583820458e-07,1.7708844963494475e-08,0.50010559135272148
18.289071148399405,1116,0.0090219135359966632,-9.4398035395404367e-12,0.0012233716029564684,6.2545490191836961e-07,1.8144438527258565e-08,0.50010559185592196
18.354623235315426,1120,0.0091299060762240966,-9.9348138223043225e-12,0.0012380153929371913,6.4083358357464454e-07,1.8592049132355867e-08,0.50010559238619123
18.420175319480492,1124,0.00923873894686803,-1.0592011317513139e-11,0.0012527731317342652,6.5662653178046694e-07,1.905087004011929e-08,0.50010559293991452
18.485727400873206,1128,0.0093484838851887898,-1.1509173497049885e-11,0.0012676545469212036,6.728306034761783e-07,1.9521682121866699e-08,0.50010559350995587
18.551279479576486,1132,0.0094592198551307991,-1.2526832219098005e-11,0.0012826703460099864,6.8943905447777044e-07,2.0004019559877715e-08,0.5001055940912793
18.616831555750384,1136,0.009571034218289684,-1.3481115963137613e-11,0.0012978323752342146,7.0644269791831258e-07,2.0496497578137464e-08,0.50010559468456339
18.682383629471271,1140,0.0096840197988733185,-1.430129430678162e-11,0.0013131532215577876,7.2383108604223969e-07,2.0999930664277374e-08,0.50010559529397858
18.747935700855873,1144,0.0097982692613277009,-1.4907249696813341e-11,0.001328645450280892,7.4159367669475459e-07,2.1512176271034725e-08,0.50010559592321779
18.813487770085583,1148,0.0099138715072709781,-1.5119776741387425e-11,0.0013443211164642049,7.5972129390294608e-07,2.2031106690462535e-08,0.50010559657328935
18.879039837279645,1152,0.010030911986141091,-1.4650822005232711e-11,0.0013601918070527182,7.7820766319161513e-07,2.2561175781179268e-08,0.50010559723924575
18.944591902423227,1156,0.010149472932331031,-1.3231021313286906e-11,0.0013762686730312836,7.9705034991439224e-07,2.3101185478015836e-08,0.50010559790700215
19.01014396546606,1160,0.010269629682819074,-1.1487650240782354e-11,0.0013925619300952197,8.1625121385656109e-07,2.3646630817589054e-08,0.50010559856443204
19.075696026321079,1164,0.010391448547472556,-1.0641422638901776e-11,0.001409080569863474,8.3581714138328117e-07,2.4205857656342924e-08,0.50010559922066744
19.141248084791279,1168,0.01051499150892905,-1.1574668090305607e-11,0.0014258329971825773,8.5576007187988059e-07,2.4775112286320365e-08,0.50010559989621139
19.206800140659116,1172,0.010640323805734165,-1.3950719919553212e-11,0.0014428280584002364,8.7609655220101379e-07,2.5356974471796308e-08,0.50010560059824738
19.272352193696854,1176,0.010767527558225271,-1.5397547386414301e-11,0.0014600768890353584,8.9684811136932708e-07,2.5951417965458244e-08,0.50010560132593829
19.337904243679098,1180,0.010896668629374048,-1.3710672788075362e-11,0.0014775884201078341,9.1803995177953693e-07,2.6556449748286813e-08,0.50010560208243349
19.403456290359671,1184,0.011027718513088359,-1.0078179393455122e-11,0.0014953587861911669,9.3969531047738979e-07,2.7175688567698076e-08,0.50010560286909655
19.469008333484588,1188,0.011160542590957652,-8.4741150728484538e-12,0.0015133697330269836,9.6182424538645731e-07,2.7811803769171506e-08,0.50010560368096735
19.534560372816003,1192,0.011295131908600618,-2.4170552712088345e-12,0.0015316200464010525,9.8443349850757752e-07,2.8461460268496756e-08,0.5001056045069755
19.600112408105371,1196,0.011431733157593171,5.7809631647670612e-12,0.001550143177694553,1.0075847800159792e-06,2.9124249006675076e-08,0.50010560533599846
19.665664439165159,1200,0.011570931233293374,-1.3471300680870102e-11,0.0015690184387263028,1.0314077581957893e-06,2.9809068337334816e-08,0.50010560616976218
19.731216465784613,1204,0.011712695617837502,-2.733375093107171e-11,0.0015882416912735495,1.0559863866753467e-06,3.0511328192512093e-08,0.50010560702009799
19.796768487593724,1208,0.011855921467325656,3.9759008216809499e-10,0.0016076631184878567,1.0812906409699009e-06,3.122893230795195e-08,0.50010560789533398
19.862320504391221,1212,0.012000273635768985,1.1516319887733967e-09,0.0016272372745684059,1.1072686506024327e-06,3.1966318835663984e-08,0.50010560879944099
19.927872516063822,1216,0.012146468709792278,1.3246924815760175e-09,0.0016470613286716331,1.1339228435575046e-06,3.2726191282992791e-08,0.50010560973429152
19.993424522535584,1220,0.012295156851639033,7.2339608522126175e-10,0.0016672234428069385,1.1612824901704074e-06,3.3503995195274223e-08,0.5001056106963746
20.058976523860544,1224,0.012446293593872251,1.7470312371238583e-10,0.00168771758718925,1.1893734285843451e-06,3.4305165483879726e-08,0.5001056116807101
20.124528520105102,1228,0.01259965737039293,2.692357296309178e-11,0.0017085137174524107,1.2182135439583375e-06,3.5129936203751437e-08,0.5001056126872353
20.190080511426249,1232,0.012755157401187125,-1.2242500329467942e-10,0.0017295995238252445,1.2478142037116198e-06,3.5973187891197117e-08,0.50010561371871276
20.255632497929664,1236,0.0129127154370587,-3.4193170647331406e-10,0.0017509643957156502,1.2781828072666878e-06,3.6841799203155855e-08,0.50010561477941573
20.321184479497848,1240,0.013072177092750957,-3.7901952648460024e-10,0.0017725873984806373,1.3093245052277572e-06,3.77343980977604e-08,0.50010561587476554
20.38673645613974,1244,0.013233371472375192,-3.3686518353427675e-10,0.0017944453586352829,1.3412432302115385e-06,3.8648351970876588e-08,0.50010561700459721
20.452288427971915,1248,0.013396152649585975,-3.219174629556093e-10,0.0018165184885650851,1.3739423241494195e-06,3.9587362541345756e-08,0.50010561816106147
20.517840395087049,1252,0.01356042516899256,-2.3685535997797214e-10,0.0018387938445177099,1.4074251004104771e-06,4.0549218654813912e-08,0.50010561933610032
20.583392357606407,1256,0.013726150959215299,-1.4416602850744753e-10,0.0018612662640135392,1.441695862596068e-06,4.1534638292964223e-08,0.50010562052708918
20.648944315611384,1260,0.013893323087204989,-8.6190663547286439e-11,0.0018839348069310032,1.4767610836807773e-06,4.2546085425122627e-08,0.50010562173580142
20.714496269165366,1264,0.014061946701418901,6.6875454826642589e-13,0.0019068001714009808,1.5126301216730232e-06,4.3580299119347806e-08,0.50010562296408256
20.780048218275812,1268,0.014232056079942801,6.807914496899381e-11,0.0019298670055323856,1.5493154856893164e-06,4.4639254588680866e-08,0.50010562421150528
20.845600162850651,1272,0.014403741361408109,9.8693207469316424e-11,0.0019531475321249124,1.5868332676227376e-06,4.5726089164279976e-08,0.50010562547846182
20.911152102793597,1276,0.014577130875289227,1.2672605976746243e-10,0.0019766591526571031,1.6252034736574491e-06,4.683772160238992e-08,0.50010562677062165
20.976704038002122,1280,0.014752389483376642,1.4143677635330976e-10,0.0020004242223900766,1.6644495358433741e-06,4.7974722185868081e-08,0.50010562809923675
21.042255968413247,1284,0.014929675235776284,1.3953320053203266e-10,0.0020244641729204307,1.7045977288588742e-06,4.9139864106000137e-08,0.50010562947669579
21.107807894048008,1288,0.015109087625441713,1.3837626010315685e-10,0.0020487924954940744,1.7456770573126345e-06,5.0331698036675395e-08,0.50010563091023663
21.173359814837987,1292,0.015290674920031253,1.3777843622941877e-10,0.0020734157352061576,1.7877188381120447e-06,5.1550314147988742e-08,0.50010563239889527
21.238911730688798,1296,0.01547443924548177,1.2842253280763438e-10,0.0020983341803337495,1.830755782217214e-06,5.2797834165386413e-08,0.50010563393521101
21.304463641502032,1300,0.015660331369326413,1.1706407392932106e-10,0.0021235411549536498,1.8748215731340915e-06,5.4073612971433083e-08,0.50010563550856024
21.370015547176614,1304,0.015848266484069364,1.0278408614679269e-10,0.0021490251591682274,1.9199505492172058e-06,5.5378441823397048e-08,0.50010563710974387
21.435567447659079,1308,0.016038138005187847,8.5883719840723627e-11,0.0021747717401146872,1.9661769903021588e-06,5.6714901516952433e-08,0.50010563873623892
21.501119342939827,1312,0.016229837077138706,7.1746618628826253e-11,0.0022007661369798401,2.0135344059655274e-06,5.8082260188280767e-08,0.50010564039317151
21.566671232920143,1316,0.016423280033534875,6.2341496982060152e-11,0.0022269970046004169,2.0620548422269214e-06,5.9479678242862005e-08,0.50010564208890851
21.632223117557917,1320,0.016618426373170465,5.908024221755459e-11,0.0022534588510123273,2.1117684211479863e-06,6.0909577161079893e-08,0.50010564382997491
21.697774996801865,1324,0.016815283542952798,5.7337120728390145e-11,0.002280152686016309,2.1627034743216495e-06,6.2372208366347385e-08,0.50010564561862225
21.763326870545459,1328,0.017013913897253378,5.1117650693918715e-11,0.0023070869648660198,2.2148867242718894e-06,6.3867063499055311e-08,0.50010564745359309
21.828878738729966,1332,0.017214435441698442,4.4814041149851547e-11,0.0023342776891260436,2.2683434510143717e-06,6.5395143435258825e-08,0.50010564933295865
21.894430601289297,1336,0.017417014545746491,4.469814687650675e-11,0.0023617474184973049,2.3230975677082055e-06,6.6958840016667067e-08,0.50010565125608986
21.959982458080948,1340,0.017621859825224583,4.7276582605323969e-11,0.0023895244412889,2.3791714154487252e-06,6.8559830223151153e-08,0.50010565322361433
22.025534308803042,1344,0.017829207421323726,4.8084056267910791e-11,0.0024176407782496661,2.4365864905886688e-06,7.0197749643259644e-08,0.50010565523673989
22.091086152985962,1348,0.018039297738299744,4.8636346252489693e-11,0.0024461290282000898,2.4953637156650861e-06,7.1873906152369424e-08,0.50010565729629441
22.156637989825015,1352,0.018252357904253912,5.0155039626673115e-11,0.0024750199897139134,2.555523929501556e-06,7.3590155173202997e-08,0.50010565940141272
22.222189818400473,1356,0.018468588794913265,5.1779605776680615e-11,0.0025043409015425605,2.6170884514241907e-06,7.5347666838346214e-08,0.50010566154922498
22.28774163818149,1360,0.018688154846085422,5.3436239591184154e-11,0.0025341140611838684,2.6800798378301935e-06,7.7146522175654261e-08,0.50010566373561616
22.353293449420335,1364,0.018911174138214717,5.510854793333575e-11,0.0025643554803477567,2.7445225612559223e-06,7.8986938618191132e-08,0.50010566595531314
22.418845253115851,1368,0.019137708535393316,5.5255613019139505e-11,0.0025950735478059974,2.8104435783062127e-06,8.08707960277009e-08,0.50010566820024327
22.484397050359753,1372,0.019367761197146532,5.4238271859907705e-11,0.0026262686919902673,2.8778729674684303e-06,8.2799417915489253e-08,0.50010567045509791
22.549948842043136,1376,0.019601285193736873,5.4786103171472478e-11,0.0026579345492275001,2.9468445950816819e-06,8.4773446448984786e-08,0.50010567268861172
22.615500628509444,1380,0.019838196089052764,5.6219015987651888e-11,0.0026900596699797725,3.0173962887332317e-06,8.6795609087778835e-08,0.50010567483923607
22.681052409276106,1384,0.020078381148602133,5.5838160484267263e-11,0.0027226287674483669,3.0895696565017472e-06,8.8868014422522159e-08,0.50010567678999318
22.746604183561672,1388,0.020321703514624732,5.3486612708320003e-11,0.0027556232837190595,3.1634100449550801e-06,9.0992096621753116e-08,0.5001056783215857
22.812155950472079,1392,0.020568010514162953,4.9397072370005457e-11,0.0027890225163366427,3.2389664986953514e-06,9.3170242734228128e-08,0.50010567903088887
22.877707709466243,1396,0.020817151640112132,4.527789341374211e-11,0.0028228060565355963,3.3162915443429422e-06,9.5404601799697049e-08,0.50010567820039586
22.943259460331074,1400,0.021069001412504441,4.3222858885777482e-11,0.0028569568892305099,3.3954410460033383e-06,9.7698980584046238e-08,0.50010567460306954
23.008811202894936,1404,0.021323476372939236,4.1492343415272526e-11,0.0028914636974610775,3.4764742850409526e-06,1.0006024493419548e-07,0.50010566623790709
23.074362937029584,1408,0.021580530915098321,3.8766411088186903e-11,0.0029263202970099072,3.5594536394407422e-06,1.025024424931582e-07,0.50010565004608964
23.139914662640212,1412,0.021840142332370728,3.7224193779467063e-11,0.0029615236088602307,3.6444427500949825e-06,1.0508101348650238e-07,0.50010562181631379
23.205466379636043,1416,0.022102311588979701,3.5517480449775984e-11,0.0029970737637607337,3.7315026101866481e-06,1.0789661872027758e-07,0.50010557676534961
23.271018087954339,1420,0.022367079520988715,2.8089918412133041e-11,0.0030329762990822001,3.8206880695892261e-06,1.1093415078670625e-07,0.50010551141875381
23.336569787413687,1424,0.022634534548998751,1.7039503488747165e-11,0.0030692432046593725,3.9120490015617922e-06,1.1407683378144636e-07,0.5001054268043813
23.402121477846144,1428,0.022904795194758697,1.2038424077043253e-11,0.0031058905520430749,4.0056318363145441e-06,1.1712430874707724e-07,0.50010533143972724
23.467673159202171,1432,0.023177988345847594,1.2238183123153279e-11,0.0031429355471908177,4.1014924852866887e-06,1.1978174261360062e-07,0.50010524153057423
23.533224831469571,1436,0.023454243036650804,9.3082976222735869e-12,0.0031803956871670792,4.1997393971376533e-06,1.219969313094941e-07,0.50010517688468681
23.598776494594691,1440,0.023733694782411194,3.4678687872713443e-12,0.0032182893478407077,4.3005282327173087e-06,1.2396361858323552e-07,0.50010515373453868
23.664328148560934,1444,0.024016476957978167,4.34083064632107e-12,0.0032566346148431664,4.4039502647401261e-06,1.2777411381633094e-07,0.50010517799260956
23.72987979337584,1448,0.0243027006708132,1.0839153359587517e-11,0.0032954465543478008,4.5099826435107031e-06,1.3147371035485311e-07,0.50010524285100177
23.795431429005795,1452,0.024592454785484271,1.0353611631236381e-11,0.003334737216391285,4.618597159268427e-06,1.3470184596022247e-07,0.50010533221895004
23.860983055387251,1456,0.024885823941592444,1.3413007683704681e-12,0.0033745180781047188,4.7298448212193585e-06,1.3761229977764351e-07,0.50010542773477407
23.926534672343198,1460,0.025182881205017611,-2.2878660771441517e-12,0.0034147990472224487,4.8438188238870191e-06,1.4045285704489847e-07,0.50010551518165025
23.992086279760965,1464,0.025483650833628975,4.9359561576922673e-12,0.0034555834131118806,4.9605999345021486e-06,1.4341266388012079e-07,0.50010558729575882
24.057637877573644,1468,0.025788103296221221,1.0153642249904893e-11,0.0034968671713411568,5.0802399435967701e-06,1.4659917419577845e-07,0.50010564281446079
24.123189465696079,1472,0.026096202682579884,-6.5616435895865521e-13,0.0035386454524846882,5.2027671318133582e-06,1.5001697118602515e-07,0.50010568381754328
24.188741043926758,1476,0.026407930415866622,-1.9107994266714945e-11,0.0035809157375229338,5.3281998239432398e-06,1.5358371619018294e-07,0.50010571343907595
24.254292612074838,1480,0.026723246971692306,-3.2810100122904196e-11,0.0036236726669481682,5.4565592472875987e-06,1.5724510210020622e-07,0.50010573467435826
24.319844169986798,1484,0.027042073737056149,-3.6306836009858401e-11,0.0036669055808363749,5.5878798233345209e-06,1.610415766754023e-07,0.50010574999224955
24.385395717473664,1488,0.027364339435984833,-3.0129756762448112e-11,0.0037106048141645649,5.722215789227029e-06,1.6492503449880372e-07,0.50010576129873052
24.450947254114894,1492,0.027690025343218759,-1.759523733310675e-11,0.003754767827787271,5.8596428731504531e-06,1.6887869571379026e-07,0.50010577000545031
24.516498779194169,1496,0.028019147493427612,-8.0628529026960383e-12,0.00379939679600593,6.000255993792157e-06,1.7291734226605367e-07,0.50010577711975801
24.582050291710576,1500,0.028351720285050119,-5.4438905640330493e-12,0.0038444936712490364,6.144164685516802e-06,1.770504525958681e-07,0.50010578333003697
24.647601790904851,1504,0.028687764675757964,-1.834057211658191e-12,0.0038900612953771669,6.2914879069406968e-06,1.8127851732824579e-07,0.50010578908071379
24.713153276840618,1508,0.029027337482675115,6.5144018651652758e-12,0.0039361073727931335,6.442349235758696e-06,1.8560524792863329e-07,0.50010579464018867
24.778704750337944,1512,0.029370534249141524,1.5577571784580746e-11,0.0039826448591751846,6.596871879493725e-06,1.9003788112880715e-07,0.50010580016131834
24.844256212554395,1516,0.029717475416235858,2.0205529957517676e-11,0.0040296900863352894,6.7551728153674796e-06,1.9457570697766814e-07,0.50010580572911023
24.90980766438652,1520,0.03006829596940502,2.0235903230858554e-11,0.0040772613583019536,6.9173566136389907e-06,1.9923956139778223e-07,0.50010581139243593
24.975359106315942,1524,0.030423143790547419,1.8051554175058104e-11,0.0041253787278626936,7.0835112992946392e-06,2.0403830715770686e-07,0.50010581718147518
25.040910538026395,1528,0.030782182859120814,1.4092069525184492e-11,0.0041740644306342964,7.2537082974867149e-06,2.089654815660166e-07,0.50010582311533269
25.106461958513801,1532,0.0311455941830374,8.0735414013932694e-12,0.0042233430112922129,7.4280064518784863e-06,2.1401692567810903e-07,0.50010582920493485
25.172013366950562,1536,0.031513566115056374,1.4185050703496849e-12,0.0042732400104732535,7.6064590230848473e-06,2.1918516654599464e-07,0.50010583545445375
25.237564762626381,1540,0.031886275725189872,-4.4610847134418652e-12,0.004323779438873564,7.7891216067359297e-06,2.244716706853654e-07,0.50010584186208951
25.303116145055959,1544,0.032263879269347713,-1.0315033115854133e-11,0.0043749824847967248,7.9760601053912718e-06,2.2987789195738984e-07,0.50010584842153605
25.368667513990726,1548,0.032646515971832227,-1.6965060866541704e-11,0.0044268680270600986,8.1673573800122768e-06,2.3541367530689349e-07,0.50010585512612793
25.434218869231337,1552,0.033034312819007573,-2.3478292227041564e-11,0.0044794532850164588,8.3631174372642447e-06,2.410798080147032e-07,0.50010586197447671
25.499770210574365,1556,0.033427381753321793,-2.8371380331876361e-11,0.004532753438063343,8.5634672488242901e-06,2.4687547651587102e-07,0.50010586897313347
25.56532153795164,1560,0.033825810091503858,-3.1664800555913919e-11,0.0045867803263504332,8.768555054390838e-06,2.5280750249331823e-07,0.50010587613405566
25.630872851376591,1564,0.034229658378606649,-3.4543786234242368e-11,0.0046415421597877544,8.9785459636954374e-06,2.5888202323759637e-07,0.50010588346929419
25.696424150712531,1568,0.034638960628100027,-3.7230273117888624e-11,0.0046970435506023013,9.1936154482776037e-06,2.6510268473597153e-07,0.50010589098680691
25.761975435670614,1572,0.035053724856901891,-3.8481609392071459e-11,0.004753285585888254,9.4139424485352855e-06,2.7147156097567854e-07,0.50010589868941524
25.827526705939679,1576,0.035473936882261872,-3.7730992375611949e-11,0.0048102663424644627,9.6397018804644699e-06,2.7798920087927592e-07,0.50010590657667786
25.89307796141242,1580,0.035899566283689843,-3.6473180812374162e-11,0.0048679816953120349,9.8710576304657132e-06,2.8465811055680757e-07,0.50010591464842014
25.958629201860212,1584,0.036330565356859905,-3.6976245416237008e-11,0.0049264251757237063,1.0108157501097768e-05,2.9148660989118719e-07,0.50010592290821898
26.024180427016731,1588,0.036766874972404842,-3.8808103432208529e-11,0.0049855887657564461,1.03511300790878e-05,2.9849166096986422e-07,0.50010593136488002
26.089731636609329,1592,0.037208429112441363,-3.9876390384163685e-11,0.0050454635133843464,1.0600083468479821e-05,3.0568300452532683e-07,0.5001059400306177
26.155282830414123,1596,0.037655159366843827,-3.9722412858989031e-11,0.0051060401421934055,1.0855107068897609e-05,3.1305954490719183e-07,0.50010594891645932
26.220834008148806,1600,0.038106999319205886,-3.8788673661915851e-11,0.005167309646117983,1.1116276146630722e-05,3.2061209269524684e-07,0.50010595802771862
26.28638516945075,1604,0.038563888728406479,-3.7298380529959818e-11,0.0052292638564612123,1.1383657235740823e-05,3.2834008758812498e-07,0.50010596736315349
26.35193631375618,1608,0.039025777615977926,-3.5565214835664438e-11,0.0052918959961421692,1.1657314236248608e-05,3.3625250485674486e-07,0.50010597691849168
26.417487440663653,1612,0.03949263052791345,-3.469219356233566e-11,0.0053552012575970344,1.1937316008764626e-05,3.4434838509786296e-07,0.50010598669150186
26.483038549879012,1616,0.039964431401860408,-3.5491461332359808e-11,0.005419177462770563,1.2223744494208664e-05,3.5263709179739814e-07,0.50010599668551814
26.548589641147718,1620,0.040441187709516782,-3.7697979286821504e-11,0.0054838256248251052,1.2516701775535693e-05,3.6112521197642474e-07,0.50010600690936591
26.614140714177761,1624,0.04092293217083727,-4.1062808535385908e-11,0.0055491501805869821,1.2816315045449491e-05,3.6981100839841053e-07,0.50010601737290905
26.679691768789191,1628,0.041409722004644385,-4.5707475131162578e-11,0.005615158888929335,1.3122740127666884e-05,3.7869464096264771e-07,0.50010602808064719
26.745242804768345,1632,0.041901640297034012,-4.8963058434103868e-11,0.0056818630163279378,1.3436164085309443e-05,3.8777799392343396e-07,0.50010603902909789
26.81079382185089,1636,0.042398799848078643,-4.6056422564610955e-11,0.0057492778584742167,1.3756806288522359e-05,3.9706759596662527e-07,0.50010605021230581
26.876344819535937,1640,0.042901334895770381,-3.9630047507510646e-11,0.0058174216180417963,1.4084916703004336e-05,4.0656221831621996e-07,0.50010606163205851
26.941895797484104,1644,0.043409379980504821,-4.3986207037827185e-11,0.00588631253871022,1.4420769327656916e-05,4.162785924710815e-07,0.50010607330321277
27.007446755455614,1648,0.043923073575599506,-6.7419483190667151e-11,0.0059559693974633038,1.4764653406294236e-05,4.2621277684150438e-07,0.50010608525072953
27.072997693241703,1652,0.044442603591673013,-9.6256871397193411e-11,0.0060264176749835821,1.5116869873683112e-05,4.3637591829928068e-07,0.50010609750156343
27.138548610450869,1656,0.044968253678708561,-1.0195470509510862e-10,0.0060976958342127867,1.5477729148794173e-05,4.4679882726910251e-07,0.50010611007458283
27.20409950682911,1660,0.045500242821472157,-6.0658126958823555e-11,0.0061698335694882825,1.5847543086381217e-05,4.5745549974886156e-07,0.50010612297966583
27.269650382249537,1664,0.046038672440703532,-9.2009524998992731e-12,0.0062428446334638092,1.6226610025642214e-05,4.6840230286804669e-07,0.50010613622634736
27.335201236505853,1668,0.046583578776073636,-1.5727838302559416e-11,0.0063167339402392612,1.6615199624492971e-05,4.7961695251871356e-07,0.50010614982207968
27.400752069269313,1672,0.047134959706082821,-4.5291158844162904e-11,0.0063915012021392558,1.7013567887867446e-05,4.9110436975611774e-07,0.50010616376478889
27.466302880399319,1676,0.047693070338201131,-5.6928740367612196e-11,0.0064671810117403342,1.7422005406146268e-05,5.0289848794092306e-07,0.50010617805008928
27.531853669815003,1680,0.048258648282546342,-9.5214881985772326e-11,0.0065438733889848907,1.7840835597844185e-05,5.1497723733959505e-07,0.50010619268024814
27.597404437400165,1684,0.048832166928007306,-1.7155637327403994e-10,0.006621642525412942,1.8270326390371923e-05,5.2737364941494931e-07,0.50010620765830671
27.662955182835592,1688,0.049413301596007764,-1.4345137144128328e-10,0.0067004443946049588,1.8710641695980815e-05,5.400938686425753e-07,0.50010622298184826
27.728505905802947,1692,0.050001701056353653,8.9700837903328168e-11,0.0067802313697416638,1.9161907310517873e-05,5.5312875394198074e-07,0.50010623865113968
27.794056606030871,1696,0.050597239010820777,3.9520682559857079e-10,0.0068609863247820722,1.9624280891288657e-05,5.6648888988595764e-07,0.50010625468284697
27.859607283278688,1700,0.051199955332207718,5.0732369780842612e-10,0.0069427146664782346,2.009794841900929e-05,5.8017894504844206e-07,0.50010627111465478
27.92515793709989,1704,0.051810087153017888,3.2909392051749808e-10,0.0070254485500009642,2.0583098488271794e-05,5.9419635434434734e-07,0.50010628799351586
27.990708567111003,1708,0.052428016444201184,-1.353691637950849e-11,0.0071092397706164646,2.1079919476038899e-05,6.0855959682075836e-07,0.50010630535204026
28.05625917300452,1712,0.053053990247587397,-3.3683835408415685e-10,0.007194121827200345,2.1588606688738036e-05,6.2327421933142758e-07,0.50010632319186166
28.121809754429311,1716,0.053688014652342707,-5.311683844502757e-10,0.0072800955454436263,2.2109367048019353e-05,6.3835342156733347e-07,0.50010634148588073
28.187360310884713,1720,0.05433000874099745,-5.9155926771664591e-10,0.0073671499529362793,2.2642424426449214e-05,6.5379344636832088e-07,0.50010636019473764
28.252910841746228,1724,0.054979914241189864,-5.4325717015191177e-10,0.0074552771479452244,2.3188025168597416e-05,6.6958618562902719e-07,0.50010637929099866
28.318461346623153,1728,0.055637631001741433,-4.1715381930013118e-10,0.0075444635499692398,2.3746439813790835e-05,6.8574529960607775e-07,0.50010639877779106
28.384011825089807,1732,0.056303083439617499,-2.4179918831079839e-10,0.0076346989099477592,2.431796253586221e-05,7.0228025670882035e-07,0.50010641868546324
28.449562276428026,1736,0.056976265059391004,-4.1912815232358902e-11,0.0077259823471007806,2.4902908963712634e-05,7.1919336085897154e-07,0.50010643905194063
28.515112700030272,1740,0.057657219671046603,1.4583303748622045e-10,0.0078183198020628421,2.5501611894011499e-05,7.3649412680612998e-07,0.50010645990512625
28.580663095595856,1744,0.058346051859749046,2.894675367459687e-10,0.0079117254565837635,2.6114419314260083e-05,7.5419439014569242e-07,0.50010648125645418
28.646213462704939,1748,0.05904290994277836,3.6678027108549838e-10,0.0080062194224888097,2.6741694559779293e-05,7.7230348725511589e-07,0.50010650310815707
28.711763800899067,1752,0.059747954018636459,3.8466258043406976e-10,0.008101823409137102,2.738381434229285e-05,7.9084741771931072e-07,0.50010652546700629
28.777314109439676,1756,0.060461352473121142,3.5288862804128129e-10,0.0081985602496452044,2.8041165776015959e-05,8.0983494347874766e-07,0.50010654834959323
28.842864387795906,1760,0.061183281437761819,2.7296791649950025e-10,0.0082964538274509919,2.8714144255025534e-05,8.2926793282642122e-07,0.50010657177830531
28.908414635603751,1764,0.061913922852980377,1.5861443582176893e-10,0.0083955288136782404,2.9403151283264954e-05,8.4916353322265481e-07,0.50010659577738437
28.973964852384036,1768,0.062653454391252583,3.5748531738988287e-11,0.0084958093007171786,3.010859317624102e-05,8.6953653112099437e-07,0.50010662036895759
29.039515037724886,1772,0.063402020047802446,-8.7627957841285298e-11,0.0085973148143222156,3.0830880741403218e-05,8.9039956894688807e-07,0.5001066455673594
29.105065191322428,1776,0.064159710520234739,-1.978294524723756e-10,0.008700057653089838,3.1570427706663927e-05,9.1177178465716737e-07,0.50010667137776921
29.170615312859486,1780,0.064926563525929182,-2.7731748321324634e-10,0.0088040429314972697,3.2327649257335446e-05,9.3366521262732188e-07,0.50010669780193484
29.23616540191691,1784,0.065702577369210577,-3.2575938214290945e-10,0.0089092704196109315,3.3102963037492901e-05,9.5608567777108275e-07,0.50010672484561047
29.301715457816037,1788,0.066487732324203255,-3.4953114100982896e-10,0.0090157374426018018,3.3896791769671503e-05,9.7904868719370857e-07,0.50010675252200876
29.367265480074028,1792,0.067282008644490493,-3.4862162115456563e-10,0.009123441322855497,3.4709566061893488e-05,1.0025693358739847e-06,0.50010678085067428
29.432815468326787,1796,0.068085403084973989,-3.2539510322338039e-10,0.0092323816203366375,3.5541726858209198e-05,1.0266632923694871e-06,0.50010680985443612
29.498365422097816,1800,0.068897950712625361,-2.8296242779446423e-10,0.0093425630901270724,3.63937277611922e-05,1.0513421075533268e-06,0.50010683955584634
29.563915340669947,1804,0.069719737872168175,-2.2319059534564589e-10,0.0094539974405725372,3.726603788003823e-05,1.0766092510450452e-06,0.50010686997420006
29.629465223604075,1808,0.070550904690882918,-1.5380530269532011e-10,0.0095667036729342458,3.8159144559042307e-05,1.1024811017121614e-06,0.50010690112588829
29.695015070446011,1812,0.071391642391501947,-8.3219674207324346e-11,0.0096807077170174075,3.9073556423436518e-05,1.128974057835984e-06,0.50010693302735509
29.76056488070201,1816,0.07224218079586063,-1.6494671947753226e-11,0.0097960407366661454,4.0009806086507686e-05,1.1560928798256984e-06,0.50010696569645485
29.826114653509361,1820,0.073102768941879337,4.3551653602924567e-11,0.0099127365014259807,4.0968452053080297e-05,1.183857945274794e-06,0.5001069991522813
29.891664388177389,1824,0.073973660311810713,9.4610930201355359e-11,0.010030829383493953,4.1950080105457495e-05,1.2122904727655185e-06,0.50010703341550711
29.957214084245511,1828,0.074855100769850788,1.339999326777086e-10,0.01015035272205852,4.2955304223805881e-05,1.2413989731344638e-06,0.50010706850764419
30.022763741149777,1832,0.07574731243452025,1.6032792714976152e-10,0.010271336636394223,4.3984765834573977e-05,1.2711990010846733e-06,0.50010710444903261
30.088313357853856,1836,0.076650477462542124,1.7470960268772817e-10,0.010393805826955279,4.5039131605217562e-05,1.301708385472169e-06,0.50010714125845368
30.153862933266986,1840,0.077564730514136718,1.7715109934535178e-10,0.010517778553669463,4.6119090922436318e-05,1.3329392603587963e-06,0.50010717895396617
30.219412466145876,1844,0.078490163042005678,1.6787857388955718e-10,0.010643267217524413,4.7225353035166567e-05,1.3649099159276541e-06,0.50010721755222198
30.284961955383114,1848,0.07942683494183396,1.4928230179789281e-10,0.010770279940375854,4.8358643333572511e-05,1.3976462507631602e-06,0.50010725706605264
30.35051140033681,1852,0.080374785305680777,1.2343607906639686e-10,0.010898822023107567,4.9519699568143287e-05,1.4311670703999797e-06,0.50010729750032523
30.416060800628774,1856,0.081334039506335734,9.1503757695954313e-11,0.011028896906270182,5.0709268248529555e-05,1.4654972517788153e-06,0.50010733884383118
30.481610156886831,1860,0.082304622151558177,5.6944358950428153e-11,0.011160507926676215,5.1928100683300091e-05,1.5006600024494946e-06,0.50010738105404062
30.547159469813028,1864,0.083286579079013448,2.2214161066180793e-11,0.011293661299913731,5.3176948918412279e-05,1.5366886036684201e-06,0.50010742402942199
30.612708739098107,1868,0.084279994657841015,-1.2311535471654089e-11,0.011428368466439236,5.4456562313931904e-05,1.5736078479765733e-06,0.50010746756014457
30.678257964597016,1872,0.085284994058515001,-4.4624959977257461e-11,0.011564646399370788,5.5767684263352654e-05,1.6114459841814352e-06,0.50010751124584407
30.743807145713678,1876,0.08630173698737717,-7.2853344884604709e-11,0.011702516754890589,5.7111048608044303e-05,1.650233102505481e-06,0.50010755436746757
30.809356281400159,1880,0.087330421178702766,-9.802614449327951e-11,0.011842006345769155,5.8487378168367678e-05,1.6899932963685188e-06,0.50010759569553609
30.874905370601457,1884,0.088371297320270756,-1.1963571452944244e-10,0.011983149165272856,5.9897388548234642e-05,1.7307544094587059e-06,0.50010763322314444
30.940454412134066,1888,0.089424670495691777,-1.3464589512790504e-10,0.012125986582743607,6.134179544219606e-05,1.7726310378527068e-06,0.50010766387941108
31.006003405338877,1892,0.090490868902941293,-1.4040347703914158e-10,0.012270563101831514,6.2821316000319201e-05,1.8159232405636747e-06,0.50010768347985879
31.071552349464302,1896,0.091570205153971213,-1.3808099628975778e-10,0.012416921112721677,6.4336656588225022e-05,1.8609380265541971e-06,0.50010768745769973
31.13710124329128,1900,0.09266296891102456,-1.3172870433342254e-10,0.012565099893618339,6.5888499160710328e-05,1.9076218660012694e-06,0.50010767290860791
31.202650086008273,1904,0.09376944313832139,-1.2350432308794179e-10,0.01271513781447374,6.7477505170200516e-05,1.9554980348396879e-06,0.50010764164191912
31.268198876986798,1908,0.094889904336990502,-1.1306175960734688e-10,0.012867072368844852,6.9104348877646967e-05,2.0037461616303149e-06,0.50010760255773945
31.333747615658734,1912,0.096024589021650827,-9.9457267074831712e-11,0.013020935628117344,7.0769800580093307e-05,2.0512785990422552e-06,0.50010757122802441
31.399296301366121,1916,0.097173667712952716,-8.2017623595498357e-11,0.013176750714893812,7.2474796657098103e-05,2.0979671200020937e-06,0.5001075658904981
31.464844932983013,1920,0.098337252911777667,-6.1075760768303233e-11,0.013334532884295378,7.4220345965905762e-05,2.1448587887030742e-06,0.5001076011657819
31.53039350962678,1924,0.099515416343916058,-3.7234285099607689e-11,0.013494291862340229,7.6007299986905521e-05,2.1930046782453992e-06,0.50010768239386849
31.595942030577703,1928,0.10070819608498521,-1.1433852128983624e-11,0.013656032812082613,7.7836276432689556e-05,2.2472562244037519e-06,0.50010780366655971
31.661490494617254,1932,0.10191560282997594,1.3514677224546467e-11,0.013819757183763435,7.9707881903219602e-05,2.3019381342460804e-06,0.50010795067847613
31.727038900794575,1936,0.10313763413367169,3.3946416858054995e-11,0.013985464645811296,8.16229823946659e-05,2.3561370974924607e-06,0.500108106571023
31.792587248343633,1940,0.10437427970483008,4.8103021565992776e-11,0.014153153802733584,8.3582764464811942e-05,2.411944228732249e-06,0.50010825753887445
31.85813553656449,1944,0.1056255172670629,5.8947430270350765e-11,0.014322821633851743,8.5588602737954905e-05,2.4715299171917458e-06,0.50010839579932487
31.923683764734783,1948,0.10689132780273788,7.0487116143880257e-11,0.014494465560374568,8.7641879772725316e-05,2.532165444498919e-06,0.50010851940362189
31.989231931723644,1952,0.10817173082326079,8.2775696019776746e-11,0.014668088228048956,8.9743884075577093e-05,2.5937981073855428e-06,0.50010863008233786
32.054780036320864,1956,0.10946680172226725,9.0649366485395788e-11,0.014843699860252964,9.1895823293553476e-05,2.6565391983673603e-06,0.50010873092030095
32.120328077510564,1960,0.1107766555618301,8.8762530311981003e-11,0.015021316059405295,9.4098900737801491e-05,2.720555887656296e-06,0.50010882495167974
32.185876053452837,1964,0.11210142713362656,7.8892304147815118e-11,0.015200955103259282,9.6354385726963302e-05,2.7859417122719522e-06,0.5001089146860902
32.251423962174222,1968,0.11344127599839349,6.8872352265714198e-11,0.015382638628253101,9.866365134241761e-05,2.8527463345763737e-06,0.50010900208597497
32.316971802358175,1972,0.11479640980965171,6.5917693178874082e-11,0.015566394792207108,0.00010102818375975059,2.9211170440378173e-06,0.50010908864104842
32.382519573261064,1976,0.1161670931938958,6.9509563035974331e-11,0.015752259478477706,0.00010344956900314989,2.9911969046387408e-06,0.50010917543885269
32.448067274868762,1980,0.11755363296352841,7.3611254244876356e-11,0.015940274290831034,0.00010592946408673071,3.0629708876955831e-06,0.50010926323732596
32.513614907611021,1984,0.1189563581057192,7.3309483483718907e-11,0.016130483839931938,0.00010846956219972596,3.1364320199005654e-06,0.500109352543048
32.579162471351772,1988,0.12037560551800534,6.8541356618156968e-11,0.016322933809091226,0.00011107156036169122,3.2116448269421578e-06,0.50010944368467314
32.644709965822834,1992,0.12181171144667913,6.2255011909484459e-11,0.016517669793310881,0.00011373713605494587,3.2886820955495964e-06,0.50010953687343562
32.710257390229003,1996,0.12326500593894187,5.5885490679585814e-11,0.016714736546996064,0.0001164679366935249,3.3676119551631191e-06,0.50010963224923288
32.775804742720005,2000,0.12473580840088788,4.8233226440652643e-11,0.016914177381617681,0.00011926558024562727,3.4484982172260857e-06,0.50010972991282743
32.841352021646109,2004,0.12622441932644046,3.8071414076856769e-11,0.01711603304415597,0.00012213166034061375,3.5313458136089396e-06,0.5001098299448683
32.906899225531355,2008,0.12773111385321334,2.5609870127341061e-11,0.017320340843275245,0.00012506775133936987,3.616179920781029e-06,0.50010993241436175
32.972446353232478,2012,0.12925614236965122,1.3097611537005172e-11,0.017527134731652145,0.00012807541354101931,3.7030702810637395e-06,0.50011003738141258
33.037993403500188,2016,0.13079973641680004,2.3990393005490773e-12,0.017736446106255768,0.00013115620289075915,3.7920748230399392e-06,0.50011014489870675
33.103540374566343,2020,0.13236211192979147,-5.5404465737485253e-12,0.017948304247893024,0.00013431168748418877,3.8832770341378242e-06,0.50011025501401218
33.169087265412941,2024,0.13394346766902887,-1.0163656374850838e-11,0.018162736108477417,0.00013754347066843869,3.9767460432580526e-06,0.50011036777411921
33.234634074829813,2028,0.13554398418167984,-1.1208698899589642e-11,0.01837976617020742,0.00014085321498791603,4.0725157221150546e-06,0.50011048322958573
33.3001808009599,2032,0.13716382891023893,-8.90230077155163e-12,0.018599417138287663,0.00014424266087272633,4.1706215417039941e-06,0.50011060143868724
33.365727442642601,2036,0.13880316658317227,-3.4729372155872795e-12,0.018821711349900482,0.00014771363757570293,4.2711069942898456e-06,0.50011072246859589
33.431273998800783,2040,0.14046216852670163,4.5185209740505883e-12,0.019046672036883965,0.0001512680636249692,4.3740309003120933e-06,0.50011084639285119
33.49682046827597,2044,0.14214101848149877,1.423358826635468e-11,0.019274324114475806,0.00015490793810280629,4.479451536813285e-06,0.50011097328647036
33.562366849838689,2048,0.1438399146372191,2.454143485652871e-11,0.019504694457196072,0.00015863532371854322,4.5874164026731493e-06,0.50011110322182928
33.627913141511016,2052,0.14555906943906016,3.4831896048026501e-11,0.019737811872616553,0.00016245232558848678,4.697972275789522e-06,0.50011123626786358
33.693459341805251,2056,0.1472987098705178,4.5319610911254138e-11,0.019973707139702496,0.00016636107011646693,4.8111782334107406e-06,0.50011137249250992
33.759005449475204,2060,0.14905907891616307,5.6100152301397088e-11,0.020212413207165169,0.00017036368922596006,4.9271164434162306e-06,0.50011151196635861
33.824551462629792,2064,0.15084043607494918,6.6187727174038535e-11,0.020453965263066289,0.00017446231342985603,5.0458655317791634e-06,0.50011165476554487
33.890097380178162,2068,0.15264305532924641,7.4019824991555794e-11,0.02069840045941914,0.00017865907528470727,5.1674814766389333e-06,0.50011180097230301
33.955643201076981,2072,0.15446722176077732,7.8559367344688269e-11,0.02094575745330933,0.00018295612179193929,5.2920123985158674e-06,0.50011195067237757
34.021188924225967,2076,0.15631322842204157,8.0088210369089197e-11,0.021196075982659952,0.0001873556358179498,5.4195395407331013e-06,0.50011210395088779
34.086734548480884,2080,0.15818137288743978,7.9932473834309903e-11,0.021449396398563938,0.00019185986534765527,5.5501154530811124e-06,0.5001122608900721
34.152280072049926,2084,0.16007195336481006,7.9326423901848742e-11,0.021705759138008346,0.00019647115560325851,5.68379591182981e-06,0.50011242157089841
34.217825493060502,2088,0.16198526496781521,7.8643948991929946e-11,0.021965204218410021,0.00020119197895476031,5.8206270141177966e-06,0.50011258607759734
34.28337081025402,2092,0.16392159606474502,7.8018605464968971e-11,0.022227770742513135,0.00020602495910967855,5.9606527200713777e-06,0.50011275450252612
34.34891602158509,2096,0.165881225826009,7.7821606797590093e-11,0.022493496565829163,0.00021097288661742509,6.1039551207596117e-06,0.50011292694862275
34.414461125760532,2100,0.16786442321409673,7.7677388826691285e-11,0.022762418159675488,0.00021603872372228403,6.2506554044607204e-06,0.50011310352784288
34.480006121626381,2104,0.1698714461723746,7.6262073045452183e-11,0.02303457050117624,0.00022122559707930459,6.400901972181232e-06,0.50011328435615809
34.545551007922413,2108,0.171902541727496,7.2531314287971327e-11,0.023309987087149112,0.00022653677922511553,6.5548243702937362e-06,0.50011346954802838
34.611095783337646,2112,0.17395794977970758,6.6796273373581627e-11,0.023588700448070932,0.00023197566130607467,6.7125195320898293e-06,0.50011365921429041
34.676640446181992,2116,0.17603791201872537,6.2313484233689209e-11,0.023870743357070616,0.00023754572133441031,6.8740475968058214e-06,0.50011385346557979
34.742184994185436,2120,0.17814267287411778,6.3677837308651064e-11,0.024156148958801093,0.00024325049179559844,7.0394478485268247e-06,0.50011405241906004
34.807729426026604,2124,0.18027246152674598,7.1576283094954007e-11,0.024444948330190369,0.0002490935253403477,7.2087861564368281e-06,0.50011425620270733
34.873273739461268,2128,0.18242749055787605,7.9403324193538793e-11,0.024737170297261135,0.00025507835845680813,7.3821975165851e-06,0.50011446495200451
34.938817932674937,2132,0.18460798259189851,7.9267214320166701e-11,0.025032845047883889,0.00026120848712840009,7.5598006776959441e-06,0.50011467880079052
35.004362004303751,2136,0.18681418477285355,6.4399201249454308e-11,0.025332006094793975,0.00026748736164858901,7.7417062809083622e-06,0.50011489787319519
35.069905952858974,2140,0.18904640618802099,3.9011564811897159e-11,0.025634695350230899,0.0002739183908319735,7.9280537367618505e-06,0.5001151222808472
35.135449776833077,2144,0.19130497471143154,3.1823387675045112e-11,0.025940957273917865,0.00028050494580060547,8.1189686096306157e-06,0.500115352126553
35.200993474462564,2148,0.1935902571417164,5.7379243717514683e-11,0.026250841603754439,0.00028725036995016118,8.3145226584216153e-06,0.50011558751249752
35.266537043063373,2152,0.19590227303426816,1.0389868826399251e-10,0.026564350991452136,0.00029415802795891728,8.5147533373666431e-06,0.50011582854553405
35.332080480980032,2156,0.19824117427375054,1.4710477627688512e-10,0.026881506032573502,0.0003012313896833301,8.719715048941379e-06,0.50011607533664926
35.39762378585035,2160,0.2006076240194144,1.4690205302203552e-10,0.027202396651522322,0.00030847406416174426,8.9295874232853042e-06,0.50011632800106687
35.46316695498291,2164,0.20300245231410102,8.0382731720840539e-11,0.027527135402119606,0.00031588975979193642,9.1445088929578697e-06,0.50011658666134751
35.528709986505902,2168,0.20542594504388756,-1.3145106531053941e-11,0.027855761050521455,0.00032348227910461528,9.3645872288606006e-06,0.50011685144921791
35.594252878493187,2172,0.2078784654051653,-5.9498961313408927e-11,0.028188322846163655,0.00033125560089128413,9.589937301216599e-06,0.50011712250761331
35.659795629001209,2176,0.21036044811953403,3.9462634549014552e-12,0.028524879737301282,0.00033921395558862043,9.8206941825675833e-06,0.50011739999632465
35.725338235922287,2180,0.21287206559660271,1.745987937562532e-10,0.028865455102679748,0.00034736182519851962,1.0056973256665565e-05,0.50011768409586488
35.79088069584499,2184,0.215413331310499,3.5358975816746074e-10,0.029210050769390955,0.00035570391175994561,1.0298901244405948e-05,0.50011797500207944
35.856423006483432,2188,0.21798468838459323,4.1039251510999186e-10,0.029558726824970176,0.00036424512177806503,1.0546626620797062e-05,0.50011827291127375
35.921965165233601,2192,0.22058691229699803,2.8669658314051105e-10,0.029911588424260446,0.00037299055839949154,1.0800283677033242e-05,0.50011857800282966
35.987507168866593,2196,0.22322075396701091,3.7317988976770522e-11,0.030268737391929115,0.00038194550433758012,1.1060032432927023e-05,0.50011889043138757
36.053049015350254,2200,0.2258867988846105,-2.0641607867410983e-10,0.030630253120425558,0.00039111539254944974,1.1326074591854066e-05,0.50011921033760931
36.118590702592556,2204,0.22858548101646067,-3.4094060907818857e-10,0.030996194455635527,0.00040050577285966884,1.1598569752033948e-05,0.50011953787205921
36.184132228546027,2208,0.2313171522463266,-3.3644735261684211e-10,0.031366609113002555,0.00041012228829129325,1.1877663044062808e-05,0.50011987321455065
36.249673591271453,2212,0.2340820866352098,-2.1354355436709049e-10,0.031741534255202319,0.00041997066468909205,1.2163501744273108e-05,0.5001202165751385
36.315214787687339,2216,0.23688052545349572,-2.8699802950837849e-11,0.032121002598502486,0.00043005670448358296,1.2456243841228043e-05,0.50012056817864259
36.380755815126051,2220,0.23971273017267886,1.7041210456647526e-10,0.032505049598441423,0.00044038627611130024,1.275607448532543e-05,0.50012092824648169
36.446296671346261,2224,0.24257899037677189,3.5084042268596072e-10,0.032893714522615317,0.00045096530062738952,1.3063183394919966e-05,0.50012129698859153
36.51183735295691,2228,0.24547962254588823,4.7424096247250525e-10,0.033287040285732039,0.00046179974555466259,1.337776290461027e-05,0.50012167460824797
36.577377857968727,2232,0.24841496681849035,5.1992854119276011e-10,0.0336850730105719,0.00047289563389963177,1.3699984873139144e-05,0.50012206131299886
36.642918184473203,2236,0.25138537857295451,4.8599320401354618e-10,0.034087860886447732,0.0004842590649903497,1.4030018012897637e-05,0.50012245732258942
36.708458330600799,2240,0.25439120695662154,3.8039201996631355e-10,0.034495451257743899,0.00049589624173816823,1.4368033107355353e-05,0.50012286286947272
36.773998294451943,2244,0.25743277387942409,2.298085194363253e-10,0.034907887775451812,0.00050781349927040602,1.4714193642955554e-05,0.50012327819352587
36.839538073205212,2248,0.26051039218922301,6.5152185729777656e-11,0.035325212861745815,0.00052001733253518234,1.5068691467120319e-05,0.50012370353564461
36.905077663307758,2252,0.26362438054010184,-9.0779338907109874e-11,0.035747469726124151,0.00053251442212898367,1.5431743686468088e-05,0.50012413913426113
36.970617062430861,2256,0.2667750535827933,-2.1563672375490839e-10,0.036174701035230621,0.00054531165525572006,1.5803562363068027e-05,0.50012458522652392
37.036156266597487,2260,0.26996272125615833,-2.8982397384802461e-10,0.036606948816779138,0.00055841613746322825,1.6184366628889282e-05,0.50012504205343622
37.10169527320982,2264,0.27318769375052165,-3.1004947914636816e-10,0.037044255132582117,0.00057183519806572206,1.6574373854605843e-05,0.50012550986637283
37.167234079949338,2268,0.27645028261538174,-2.8065691784484592e-10,0.037486662228755969,0.00058557639067732803,1.6973797915909525e-05,0.50012598893145899
37.232772684429428,2272,0.27975081805227425,-2.0509600962004271e-10,0.037934214880633581,0.00059964749297262119,1.7382865647386621e-05,0.50012647952926759
37.298311084268214,2276,0.28308968012681757,-9.989142846222876e-11,0.038386964625118175,0.00061405650460090618,1.7801795512622618e-05,0.50012698194999361
37.363849276602309,2280,0.28646731132824371,1.36633343528203e-11,0.038844971463755873,0.00062881164050642314,1.8230803838598769e-05,0.50012749648749943
37.42938725695312,2284,0.28988422433309702,1.2299890619904552e-10,0.039308304915493329,0.00064392131682747657,1.8670133393543115e-05,0.5001280234360328
37.494925022433556,2288,0.29334101147071834,2.1924366488956792e-10,0.039777045300197524,0.00065939413569341559,1.9120022196718781e-05,0.50012856309052456
37.560462568375186,2292,0.29683833993390196,2.9321332861709237e-10,0.040251283089220803,0.00067523886963708282,1.9580734113938329e-05,0.50012911574881314
37.625999891178836,2296,0.30037693604573679,3.3723572892552234e-10,0.040731116771984273,0.00069146445145591771,2.005256802244037e-05,0.50012968171424066
37.691536988068208,2300,0.30395756444643662,3.481790966652909e-10,0.041216650033711735,0.00070807996703924569,2.0535786878746788e-05,0.50013026129707117
37.757073856238478,2304,0.30758100279937634,3.2780028691448138e-10,0.04170798832556781,0.00072509465517968006,2.1030633274424704e-05,0.50013085481389852
37.822610492876336,2308,0.31124801754090575,2.8262737983286712e-10,0.042205235576332364,0.00074251791238099545,2.1537347939572909e-05,0.50013146258583852
37.888146894964784,2312,0.31495934593183866,2.2060455545647173e-10,0.042708491758582164,0.0007603593019983089,2.205619907236309e-05,0.50013208493721306
37.953683057339596,2316,0.31871568144141399,1.4842216344845838e-10,0.043217850906755798,0.00077862856822258147,2.2587490985600977e-05,0.50013272219575799
38.019218976412354,2320,0.32251766333971948,7.2228695247034125e-11,0.04373339970588621,0.00079733565700673453,2.3131553210799001e-05,0.50013337469412034
38.084754647388962,2324,0.32636587395551564,8.7487656008633508e-13,0.04425521711976154,0.00081649073805076515,2.3688714581389934e-05,0.50013404277092532
38.150290065447571,2328,0.33026084760255037,-5.8839599859084046e-11,0.044783375601333567,0.00083610423062899708,2.4259290015315653e-05,0.50013472677019211
38.215825226813479,2332,0.33420308499539192,-1.0314903098329609e-10,0.045317943047504805,0.00085618683353449825,2.4843570983043804e-05,0.50013542703875313
38.281360127469426,2336,0.33819306599751708,-1.2909443652953101e-10,0.0458589845277695,0.00087674955441412899,2.5441864294437024e-05,0.50013614391995298
38.3468947636024,2340,0.34223126434748746,-1.3556942374259862e-10,0.046406564281083293,0.00089780374095396525,2.6054488756419334e-05,0.50013687773870152
38.412429132086643,2344,0.34631816494237594,-1.2407012917048377e-10,0.04696074805949612,0.0009193611106116334,2.6681805516927006e-05,0.50013762877181733
38.477963228280778,2348,0.35045427550950337,-9.6184449294156593e-11,0.047521604710839868,0.00094143377583648445,2.7324230825409271e-05,0.50013839719954534
38.543497048409343,2352,0.3546401313671077,-5.4965657025896064e-11,0.048089206824275151,0.00096403426363710705,2.7982171643298889e-05,0.50013918303325833
38.609030588972246,2356,0.35887629415956895,-4.8101800320665689e-12,0.048663630558787856,0.00098717552168226495,2.8656016254393479e-05,0.50013998600161325
38.674563845074474,2360,0.36316334584466387,5.0233116277720313e-11,0.049244954827860711,0.0010108709145005817,2.9346117720985713e-05,0.50014080535585481
38.740096813500848,2364,0.36750188664284517,1.0496130353754296e-10,0.049833261021395604,0.0010351342229009983,3.0052987347865054e-05,0.50014163956259083
38.80562949055173,2368,0.37189253391349786,1.543123753777742e-10,0.050428632853333849,0.0010599796465222075,3.0777645560079575e-05,0.50014248596850019
38.871161872293669,2372,0.37633590858824845,1.9547412299925071e-10,0.051031154522012789,0.0010854218036722922,3.1521546156953049e-05,0.50014334078856404
38.936693954801335,2376,0.3808326149191984,2.2705645003062713e-10,0.051640907964025907,0.0011114757115943308,3.2285971200174942e-05,0.50014420000977466
39.002225732874578,2380,0.38538322998543034,2.4850290575306744e-10,0.052257971431304978,0.0011381567222110329,3.307110229346221e-05,0.50014506157391925
39.067757200450018,2384,0.38998830462301504,2.5841297851547651e-10,0.052882419617228962,0.0011654804318845585,3.3875313175694481e-05,0.50014592826363569
39.13328835315869,2388,0.3946483687245938,2.5470795611548525e-10,0.053514324375247516,0.0011934626943477357,3.4695340244232385e-05,0.50014680965776293
39.198819184283693,2392,0.39936393258284841,2.3620844169514044e-10,0.054153754901055506,0.0012221198289193852,3.5528032387220756e-05,0.50014772143156572
39.264349689775905,2396,0.40413549213731736,2.0475295764432744e-10,0.054800778444061345,0.0012514688008187951,3.6373299977041998e-05,0.5001486814874998
39.329879865857507,2400,0.40896353949270176,1.6403156610778069e-10,0.05545546173366947,0.0012815269856427411,3.7235255292286915e-05,0.50014970416939619
39.395409708789721,2404,0.41384857361158001,1.180137931822145e-10,0.056117872429212554,0.0013123116158888235,3.8119217381579641e-05,0.50015079515690708
39.460939214767222,2408,0.41879111118533663,7.0714829825124781e-11,0.056788080594049641,0.0013438395130766804,3.9029528964353224e-05,0.50015194968199639
39.526468379291146,2412,0.42379169891125146,2.5423781135902601e-11,0.057466160360339608,0.0013761274024959036,3.9968667625515175e-05,0.5001531550100704
39.591997195173803,2416,0.42885093240036515,-1.59613641748102e-11,0.058152192492947972,0.0014091924427813535,4.0936360014138241e-05,0.50015439567634801
39.657525657595755,2420,0.43396947357282267,-5.3758240914358879e-11,0.05884626674825575,0.0014430525394578538,4.1930379696893291e-05,0.50015565868759992
39.723053758854135,2424,0.43914805183785199,-8.8943234721750031e-11,0.059548482034164553,0.0014777263737460499,4.2948477677928146e-05,0.50015693651553195
39.788581493616064,2428,0.44438744933188146,-1.1960522849907562e-10,0.060258944408385133,0.0015132332881920951,4.3989653671139747e-05,0.50015822729853654
39.854108857039414,2432,0.44968849093243835,-1.412333028305568e-10,0.060977765724321828,0.0015495931060199946,4.5054116762497456e-05,0.50015953308426597
39.919635843921654,2436,0.45505205034028051,-1.5021262012027137e-10,0.061705064455809748,0.001586825938224618,4.6142838151569524e-05,0.50016085757516426
39.985162448977611,2440,0.46047905615967261,-1.4711962204039253e-10,0.062440966521600312,0.0016249520536568214,4.7257006108218401e-05,0.50016220453219828
40.050688667097269,2444,0.46597047793120627,-1.364232615763683e-10,0.063185603391411438,0.0016639918770640009,4.8397748190989128e-05,0.50016357714630888
40.116214490564744,2448,0.47152729094499846,-1.2241736097040601e-10,0.063939107314596774,0.0017039661222417832,4.9565880387426146e-05,0.50016497802464022
40.181739914653583,2452,0.47715045149508362,-1.0539742689719134e-10,0.064701607964640889,0.0017448960209951118,5.0761929142997937e-05,0.50016640933742684
40.247264932538279,2456,0.48284089304442174,-8.2200288242795239e-11,0.065473231919134345,0.0017868035581643659,5.198642322094848e-05,0.50016787291572185
40.31278953807201,2460,0.4885995334410092,-4.983242984923919e-11,0.066254103638278439,0.0018297116547753287,5.3240089856118096e-05,0.50016937030409336
40.378313726128575,2464,0.49442727897342981,-9.4899019198457779e-12,0.067044346014817929,0.0018736442565641719,5.4523778862022023e-05,0.50017090281732168
40.443837491146908,2468,0.50032501630376203,3.3058278336994817e-11,0.067844079280143188,0.0019186263243208069,5.5838186419287216e-05,0.50017247161076595
40.509360827490404,2472,0.50629360291100789,7.1470100670989467e-11,0.068653419708418997,0.0019646837509175461,5.7184640720048388e-05,0.50017407774628986
40.57488372956653,2476,0.51233386417845861,1.0263221522643917e-10,0.069472479221631314,0.0020118432443326124,5.856362141312317e-05,0.50017572223966189
40.640406189097853,2480,0.51844659626329792,1.2645907931929656e-10,0.070301365778705507,0.0020601322148302292,5.9976055884054582e-05,0.5001774060893347
40.70592819784958,2484,0.52463257665904561,1.4364758688101276e-10,0.071140184807773843,0.0021095786933935903,6.1422840435469722e-05,0.50017913029310523
40.771449747787571,2488,0.53089257689114,1.5406494829894868e-10,0.071989040927696646,0.0021602112831506357,6.2904804294109618e-05,0.50018089585759384
40.836970829538735,2492,0.5372273734176326,1.5722721735667022e-10,0.072848039426196692,0.0022120591396452196,6.4422745605081542e-05,0.50018270380313901
40.902491437266029,2496,0.54363775803657743,1.5348092935463242e-10,0.073717287671101278,0.0022651519816199936,6.597736601086602e-05,0.50018455516590432
40.968011565211903,2500,0.55012454748097428,1.4425279026841764e-10,0.074596896411416716,0.0023195201224823579,6.7569463252667322e-05,0.50018645099891612
41.033531207659891,2504,0.55668859316314379,1.3144497990058568e-10,0.075486981098665723,0.0023751945322797161,6.9199948723384222e-05,0.50018839237511925
41.099050358995974,2508,0.56333078801283221,1.1677353528583012e-10,0.076387662814134505,0.0024322069232372351,7.086979754569839e-05,0.50019038039368402
41.164569011948736,2512,0.57005206744703985,1.0135341177441859e-10,0.077299068400381532,0.0024905898316377193,7.2580024866576354e-05,0.50019241618714971
41.230087156203517,2516,0.57685340569916299,8.569533971325427e-11,0.078221329963469075,0.0025503766746669218,7.433173255755512e-05,0.50019450092511308
41.295604784315763,2520,0.58373581193382906,6.9945625680301049e-11,0.079154584346134912,0.0026116017672749917,7.6125997593905412e-05,0.50019663581210771
41.361121885198934,2524,0.59070032695006369,5.4192893228499628e-11,0.080098972680741592,0.0026743002771884529,7.7963781915309531e-05,0.50019882208048816
41.42663845217168,2528,0.59774802074509847,3.8541218827514712e-11,0.081054640058928845,0.0027385081546292722,7.984601168067335e-05,0.50020106098290351
41.492154478928903,2532,0.60487998561210432,2.2945909061711234e-11,0.082021734595666085,0.0028042620256943651,8.1773724075909926e-05,0.50020335378665182
41.557669959117703,2536,0.61209732674510842,7.3973258074566672e-12,0.083000406155279025,0.0028715990838563978,8.3748162035600037e-05,0.50020570177212753
41.623184886291121,2540,0.61940115153147701,-7.615671981930916e-12,0.083990804899510149,0.0029405570061675074,8.5770721101461123e-05,0.50020810623561285
41.688699253319918,2544,0.62679255972102743,-2.1078416789777066e-11,0.084993079954450254,0.0030111739137058933,8.7842716230984355e-05,0.50021056849465551
41.754213048081077,2548,0.63427263680402446,-3.212674570818308e-11,0.086007378512594559,0.0030834883877286926,8.9965226485164834e-05,0.50021308989291469
41.819726262078206,2552,0.64184245077633173,-4.0774675302834851e-11,0.087033845394197271,0.0031575395610144615,9.213934287315426e-05,0.50021567180289339
41.885238882858872,2556,0.64950304855338525,-4.7620102305856449e-11,0.088072622561006314,0.0032333672475660324,9.4366074572082881e-05,0.50021831562577379
41.950750901764174,2560,0.65725545632378779,-5.2818346918392933e-11,0.089123849164210706,0.0033110121284116736,9.6646519951068836e-05,0.50022102279252634
42.016262311512918,2564,0.66510068214836204,-5.5718249458713842e-11,0.090187661896872259,0.0033905159426611117,9.898188814296597e-05,0.5002237947680731
42.081773104685126,2568,0.67303972062170669,-5.5403279186627685e-11,0.091264195626032607,0.0034719216831114266,0.0001013735320578548,0.50022663305956894
42.147283273818033,2572,0.68107355808410985,-5.1380955046198551e-11,0.092353584099448757,0.0035552737786737924,0.00010382289474541546,0.50022953922672486
42.212792811290221,2576,0.68920317881882109,-4.3551787176632217e-11,0.093455960785943246,0.0036406182330924386,0.00010633134988147597,0.50023251488919862
42.278301704702031,2580,0.69742957262100058,-3.2002206440395753e-11,0.094571459901753793,0.0037280026992172811,0.00010890032625877936,0.50023556172730743
42.343809942785967,2584,0.70575374301373539,-1.7228343751618524e-11,0.095700217524625181,0.0038174765041213421,0.00011153133840511579,0.50023868147688133
42.409317512996857,2588,0.7141767124990861,-9.3820784474729635e-13,0.096842372305851271,0.0039090906070657358,0.00011422587342997416,0.50024187592089198
42.474824403384282,2592,0.7226995295248686,1.3990197889057754e-11,0.097998066414970705,0.0040028975219470473,0.00011698546111441537,0.50024514688360278
42.540330605706956,2596,0.73132327991547819,2.5256324809319608e-11,0.099167447089786823,0.0040989512104548072,0.00011981170440931119,0.50024849623148282
42.605836111533129,2600,0.74004909719667511,3.3322247738887256e-11,0.10035066803640875,0.0041973069559144132,0.00012270620087850514,0.50025192587863543
42.671340912399472,2604,0.74887816519515149,4.1719031007581009e-11,0.10154788978175265,0.0042980212585336849,0.00012567083795071046,0.50025543778910031
42.736844999821194,2608,0.75781170715001656,5.3945611866446086e-11,0.10275927819705903,0.004401151740600461,0.00012870724246615375,0.50025903397107352
42.802348362649177,2612,0.76685097844194949,6.7775396406233313e-11,0.10398500351196571,0.0045067570859352616,0.00013181730934769487,0.50026271646917186
42.867850985850829,2616,0.77599724883064258,7.9338730030187321e-11,0.10522523790590492,0.0046148970460167422,0.00013500275727493789,0.50026648736219559
42.933352858024776,2620,0.78525181182751302,7.8588732743689604e-11,0.1064801567790431,0.0047256324942537443,0.00013826539405821034,0.50027034876465137
42.998853963385081,2624,0.79461608263754868,5.8928764645749254e-11,0.10774995203319659,0.00483902546864919,0.00014160729613381563,0.50027430282835472
43.06435429234098,2628,0.80409157223097327,3.3762867501785365e-11,0.10903482855594911,0.0049551392946623361,0.00014503017579426972,0.50027835174997415
43.129853835585962,2632,0.81367972672345212,2.1439974795534056e-11,0.11033498244060527,0.0050740387473290965,0.00014853603532580926,0.50028249778097589
43.195352583724365,2636,0.82338190314381954,3.2519889558990656e-11,0.1116505977002942,0.0051957902304481489,0.00015212677165330797,0.50028674323238931
43.260850527191046,2640,0.83319943960562848,7.1280981117638476e-11,0.1129818557832326,0.0053204618822679222,0.00015580447886463035,0.50029109047436016
43.326347655618406,2644,0.84313368479497786,1.074943606349521e-10,0.11432893957127449,0.0054481236052800691,0.00015957136048109236,0.500295541937953
43.391843951327836,2648,0.85318632327099397,8.6828544354489168e-11,0.11569207749066125,0.0055788471130947814,0.00016342943949027722,0.50030010012223047
43.457339401797384,2652,0.86335910230482393,3.8550829195571623e-12,0.11707150647138509,0.0057127060719755797,0.0001673808400293301,0.50030476760440434
43.522833988858274,2656,0.87365359772323781,-9.0829177512574688e-11,0.11846744019557831,0.0058497761562858724,0.00017142805293660378,0.50030954704333364
43.588327699753535,2660,0.88407118221450331,-1.2137947591472908e-10,0.1198800647997894,0.0059901350463150054,0.00017557338831087097,0.50031444117734625
43.653820523998796,2664,0.89461306545964292,-4.8338472113940156e-11,0.12130954431678209,0.0061338623300753866,0.00017981925909310456,0.5003194528135686
43.719312450945722,2668,0.90528047856735805,9.5914914899353221e-11,0.1227560456849137,0.0062810394047506136,0.00018416823389518514,0.50032458481000985
43.784803469883364,2672,0.9160747599950293,2.2799713506049812e-10,0.12421975039902396,0.0064317494233812065,0.00018862266528958747,0.50032984005854797
43.850293570012646,2676,0.92699742988035916,2.6549842879752816e-10,0.12570086458980678,0.006586077265288006,0.00019318515615143587,0.50033522148100007
43.915782734220286,2680,0.93805019616024243,1.7352795589342662e-10,0.12719961985352926,0.0067441094757503374,0.00019785848678731481,0.50034073204123408
43.981270945690206,2684,0.94923485554941922,-9.207468121275042e-12,0.1287162598247355,0.0069059342256092577,0.00020264541747849719,0.50034637476665211
44.046758187445427,2688,0.96055314036191264,-1.9406604101490643e-10,0.13025101940523157,0.0070716412972359338,0.00020754872960090633,0.50035215276539569
44.112244441175129,2692,0.9720066504450231,-2.9461952322229479e-10,0.13180411553433397,0.0072413221536687276,0.00021257119200749543,0.50035806923185355
44.177729695072671,2696,0.98359688699483661,-2.7066061891733995e-10,0.13337575177425318,0.0074150701069254834,0.00021771562484823056,0.50036412744185421
44.243213937235474,2700,0.99532531731706497,-1.3732491532802982e-10,0.13496612709166445,0.0075929804771025788,0.00022298493267667593,0.50037033074348591
44.308697155594714,2704,1.007193422393855,5.4539150973198502e-11,0.13657544230776783,0.0077751507521805511,0.00022838207897870133,0.50037668255426948
44.374179337867247,2708,1.0192027348450261,2.4555291133765422e-10,0.13820390524583245,0.0079616807282823256,0.00023391011829107037,0.50038318636734569
44.439660469134196,2712,1.0313548699243369,3.8804554014504333e-10,0.13985173493429084,0.0081526726464065807,0.0002395722349006561,0.50038984576316092
44.505140526695797,2716,1.0436515291744193,4.5461048814310345e-10,0.14151916210234794,0.0083482313399701746,0.0002453716926415797,0.5003966644202944
44.570619494561271,2720,1.0560944870488267,4.3459420784319747e-10,0.14320642736593062,0.0085484644561723156,0.00025131174593968344,0.50040364612269173
44.636097349029505,2724,1.0686855632560526,3.3435534896320007e-10,0.14491377747753634,0.0087534825907087267,0.00025739572272581539,0.50041079475754346
44.701574075228841,2728,1.0814265937273653,1.805823685030461e-10,0.14664146138947101,0.0089633994944873611,0.00026362695126652929,0.50041811431382455
44.767049659418369,2732,1.0943194095962347,1.1095929730586818e-11,0.14838972740345902,0.0091783321681190924,0.00027000893403706858,0.50042560888041898
44.832524087617827,2736,1.1073658320155051,-1.3825574018966336e-10,0.15015882246785178,0.009398400930362226,0.00027654533074843759,0.50043328264888132
44.897997345732236,2740,1.1205676743598356,-2.4087294658858838e-10,0.15194899247627872,0.009623729449845431,0.00028323992479496968,0.50044113991902239
44.963469419353153,2744,1.1339267452537403,-2.8229230064624744e-10,0.15376048267824946,0.0098544447366103894,0.00029009661933663427,0.50044918510431224
45.028940284282321,2748,1.147444844668869,-2.6055661794810447e-10,0.1555935371499452,0.010090677067377157,0.00029711940476064507,0.50045742273341631
45.094409920947754,2752,1.161123763421652,-1.8278673019622715e-10,0.15744839872609914,0.010332559974861499,0.00030431231659853477,0.50046585745088912
45.159878305309512,2756,1.1749652886792659,-6.3864941113322971e-11,0.15932530974660572,0.010580230149259651,0.00031167956946323398,0.50047449401209454
45.225345415783998,2760,1.1889712208877372,7.4700107211000955e-11,0.16122451435197155,0.010833827410722568,0.00031922536568219635,0.5004833372795211
45.290811236996234,2764,1.2031433898350388,2.0885763951650205e-10,0.16314626066147161,0.011093494700079471,0.00032695408527670227,0.50049239222039399
45.356275753433742,2768,1.2174836682045347,3.1762145691338617e-10,0.16509080261099654,0.011359378054250593,0.00033487026964965257,0.50050166390605366
45.421738949434307,2772,1.2319939792354415,3.8670139312912966e-10,0.16705840099181124,0.011631626633565218,0.00034297857690126083,0.50051115751591979
45.487200809201845,2776,1.2466763000363421,4.0993616834406055e-10,0.16904932389986754,0.011910392769837524,0.00035129130103028078,0.50052087834412773
45.552661312073326,2780,1.2615326556223594,3.8811845404218559e-10,0.17106384592724466,0.012195832026790213,0.00035981312713262204,0.50053083180582969
45.61812042977666,2784,1.2765651064107024,3.2728630916523116e-10,0.17310224646654532,0.012488103299618835,0.00036854263843508228,0.50054102344189844
45.683578142195316,2788,1.2917757383480213,2.3790905356868564e-10,0.17516480837216472,0.012787369028049708,0.00037748480228453967,0.5005514589244171
45.749034419091615,2792,1.3071666459808506,1.3420162203736652e-10,0.17725181566464254,0.013093795283694937,0.00038664467034280037,0.5005621440565361
45.814489241746735,2796,1.3227399285477119,3.1971147951281864e-11,0.17936355300075196,0.013407552056367469,0.00039602745693501442,0.50057308477984219
45.879942592687527,2800,1.3384976876198322,-5.424377613749698e-11,0.18150030535358105,0.013728813398576416,0.00040563856618983416,0.50058428717801773
45.94539445419116,2804,1.3544420320734758,-1.1367445873489146e-10,0.18366235868678107,0.014057757601232714,0.00041548369459345596,0.50059575748190743
46.010844808372738,2808,1.37057508720665,-1.4108547663482796e-10,0.18585000119079187,0.014394567362534116,0.00042556872268911794,0.5006075020732873
46.076293636430606,2812,1.3868990085801611,-1.3522188924142142e-10,0.18806352515968916,0.01473942993970076,0.00043589948195183072,0.50061952748514194
46.141740906419322,2816,1.403415995211261,-9.8509173040994824e-11,0.19030322878024342,0.015092537217475836,0.00044648187868017862,0.50063184039337894
46.207186593896111,2820,1.4201283100183479,-3.6827402238870377e-11,0.19256941890422141,0.015454085926647116,0.000457321961461097,0.50064444760406857
46.272630668944217,2824,1.4370382888273541,4.1764508518227217e-11,0.19486241226965256,0.015824277664896035,0.00046842594564824657,0.50065735602220907
46.338073101836095,2828,1.454148347777662,1.284046480254375e-10,0.19718253650507125,0.01620331900116866,0.00047980037416083703,0.50067057261466796
46.403513872425847,2832,1.4714609852431786,2.1432108865404587e-10,0.1995301303900146,0.016591421596885397,0.00049145185363180669,0.50068410436125732
46.468952960639136,2836,1.4889787712431803,2.9171587367926577e-10,0.20190554241913278,0.016988802194720921,0.00050338682052715358,0.50069795815459239
46.534390346770543,2840,1.5067043331175491,3.541616167002104e-10,0.20430912885975089,0.017395682615283094,0.00051561191041491871,0.50071214058578972
46.59982601139285,2844,1.524640337372366,3.9675021601404126e-10,0.20674125129013121,0.017812289692334844,0.0005281349464007273,0.50072665758055124
46.665259928879671,2848,1.5427894673885676,4.1656000870915477e-10,0.20920227357676666,0.018238855135118897,0.00054096588181027619,0.50074151402653644
46.730692063763726,2852,1.5611544010786695,4.1281331131237664e-10,0.2116925588446322,0.018675615469789394,0.0005541162011951866,0.50075671381015863
46.796122392303985,2856,1.5797378004945175,3.8698982907092727e-10,0.21421246806799574,0.019122812309499478,0.00056759676627617139,0.50077226081197224
46.861550875434865,2860,1.5985422948375188,3.4288633043999539e-10,0.21676235776660521,0.019580692405842096,0.00058141451645884101,0.50078816104755064
46.926977486484553,2864,1.617570481628396,2.8619454028877556e-10,0.21934258016430735,0.020049507994293052,0.00059556937352859803,0.50080442535285663
46.992402202288282,2868,1.6368249195244291,2.2365470586649394e-10,0.22195348221506542,0.020529516773910537,0.00061005559438100131,0.50082107116806618
47.057824999598061,2872,1.6563081297027253,1.6150258907998705e-10,0.22459540579053083,0.021020982019458321,0.00062486893910459367,0.50083812195999999
47.123245855237059,2876,1.676022608827533,1.0427839147730822e-10,0.22726868943841089,0.02152417293485176,0.00064001489657810207,0.50085560377539851
47.188664745638221,2880,1.695970848358622,5.5261822895502632e-11,0.22997367100068566,0.022039364988136266,0.00065551089425686484,0.50087353994311823
47.254081630930386,2884,1.7161553483351233,1.7448958944399351e-11,0.23271068948269655,0.022566839939603862,0.00067138319705946977,0.50089194620064226
47.319496478573683,2888,1.7365786414472961,-5.6783466817478256e-12,0.23548008831727854,0.023106886109646164,0.00068765950468275292,0.50091082865927583
47.384909257276782,2892,1.7572433075318528,-1.1086631612755582e-11,0.23828221733032626,0.023659798402563822,0.00070435959851087063,0.50093018562431324
47.450319923643775,2896,1.7781519802763657,1.9708679133145779e-12,0.24111743364991176,0.024225878033043914,0.00072149193434485235,0.50095001220829471
47.515728450698241,2900,1.7993073590636046,3.1687763524246293e-11,0.24398610331237675,0.024805432662261831,0.00073905633545670677,0.50097030534883602
47.581134811921338,2904,1.820712209152598,7.3854450333143973e-11,0.24688860128688453,0.025398776954483185,0.00075705018797916522,0.50099106707866625
47.64653898045718,2908,1.8423693742971357,1.2315987119038141e-10,0.24982531318648921,0.026006234106389196,0.00077547436994568602,0.50101230526097595
47.711940929523003,2912,1.864281782817546,1.7438153698812187e-10,0.25279663609146868,0.026628137423801899,0.00079434322810451724,0.50103403230519838
47.777340628037415,2916,1.8864524313314783,2.2411927869114834e-10,0.25580297634321858,0.027264830885920948,0.00081368726936525363,0.50105626306987849
47.842738028640809,2920,1.9088843562286018,2.7111951572678095e-10,0.2588447456762209,0.027916668270093776,0.0008335001952925414,0.50107901308450742
47.908133102439223,2924,1.9315806331355345,3.1449101656200185e-10,0.2619223611454885,0.028584011953017512,0.00085379629213685733,0.50110229764205816
47.973525809695658,2928,1.9545443695888201,3.5194747116662484e-10,0.26503624413302063,0.029267231355742086,0.00087458755887945305,0.50112613160802921
48.038916105771477,2932,1.9777787085218062,3.7952815890029967e-10,0.26818682082062362,0.02996670275872429,0.00089588457129322226,0.50115052957341299
48.104303961425344,2936,2.0012868261908281,3.9372313742624954e-10,0.27137452190870148,0.030682810351697811,0.00091769895905504241,0.50117550603800154
48.169689346788559,2940,2.0250719136148772,3.942585147242994e-10,0.27459978009947439,0.031415947420074981,0.00094004423748343517,0.50120107551711834
48.235072231620379,2944,2.0491371732036523,3.8484906927926943e-10,0.27786302963974291,0.032166517545430671,0.00096293433801732911,0.50122725262022449
48.30045258541422,2948,2.073485830120779,3.7057037993726283e-10,0.28116470786174019,0.032934935262160875,0.00098638331153795967,0.50125405212529051
48.365830364432469,2952,2.0981211435738039,3.5437450196518228e-10,0.28450525671405552,0.033721625965204963,0.0010104046063342806,0.50128148904076253
48.431205518617752,2956,2.1230464194537655,3.3600561222257852e-10,0.28788512447556058,0.034527025608894278,0.0010350114759317111,0.50130957865377912
48.496578016355038,2960,2.1482650212029579,3.1395303023984411e-10,0.29130476722907783,0.035351580423707035,0.001060218350960312,0.50133833656088
48.561947807257212,2964,2.1737803538619711,2.8822672026862506e-10,0.29476464669815944,0.036195745882866663,0.001086040360700735,0.50136777865610427
48.627314844061068,2968,2.1995958737030277,2.61336813300872e-10,0.29826523155336765,0.037059986633657581,0.0011124930128452934,0.50139792114197379
48.692679093617571,2972,2.2257150962495533,2.3705873375412523e-10,0.30180699849972864,0.037944776680226923,0.0011395917723271494,0.50142878054167295
48.758040522272111,2976,2.2521415927917756,2.1847629261273482e-10,0.30539043180424774,0.03885059955363751,0.0011673523689856088,0.50146037370490915
48.823399096023024,2980,2.2788789892275765,2.0712179193971281e-10,0.30901602313872895,0.039777948833652606,0.0011957905330849782,0.50149271782420668
48.888754780004064,2984,2.3059309622621105,2.0346185847230913e-10,0.31268427106444319,0.040727328668848067,0.0012249221225586701,0.5015258304541933
48.954107515785651,2988,2.3333012249197829,2.0772147890646409e-10,0.31639567906755228,0.041699253888770202,0.0012547640320186709,0.5015597295223414
49.019457255608692,2992,2.360993534418915,2.202219795410798e-10,0.32015075662691372,0.042694250900879506,0.0012853341459582448,0.50159443336960974
49.084803963325911,2996,2.3890116839060132,2.4097018824775773e-10,0.32395001809324725,0.043712858166526494,0.0013166507528561554,0.50162996077274491
49.150147581302207,3000,2.4173594774030374,2.6903934635669202e-10,0.32779397929198451,0.044755626146148191,0.001348732074114279,0.50166633094132163
49.215488055805075,3004,2.4460407295336766,3.0228392011721894e-10,0.33168315748615151,0.04582311811419916,0.0013815961770982839,0.50170356353854761
49.28082534884804,3008,2.4750592627324322,3.3765601425983505e-10,0.33561807099792079,0.046915910721405198,0.0014152610347829813,0.50174167869107378
49.34615942187488,3012,2.5044188969032026,3.7188796486731235e-10,0.33959923780631485,0.048034593990829703,0.0014497455944604773,0.50178069698172933
49.411490235924795,3016,2.5341234501473773,4.0205150320105076e-10,0.34362717564593603,0.04917977146465121,0.0014850700135938242,0.50182063945349586
49.47681774915533,3020,2.5641767401857072,4.2589576310092525e-10,0.34770240219977216,0.050352060269031232,0.00152125540519248,0.50186152761663527
49.542141891089287,3024,2.5945825761794827,4.4212988825620414e-10,0.35182543399014804,0.051552090784949538,0.0015583226789302506,0.50190338344590635
49.607462612945568,3028,2.6253447871598254,4.5049752817050148e-10,0.35599679023373787,0.052780507808430972,0.0015962925534683259,0.50194622943015454
49.672779873533372,3032,2.6564672239142579,4.5156361982989779e-10,0.36021699309738403,0.054037970730381371,0.0016351861729332344,0.50199008858420857
49.738093613197911,3036,2.6879537568311447,4.4631426332486512e-10,0.36448656740580354,0.055325153568895599,0.0016750256993906902,0.50203498445069117
49.803403765244312,3040,2.7198082925643527,4.356843219532891e-10,0.36880604290131591,0.056642745768595869,0.001715834226162015,0.50208094112569812
49.868710286433391,3044,2.7520348010687581,4.2034975500371274e-10,0.37317595790985841,0.057991453452149698,0.001757674660023385,0.50212798330000619
49.93401313293905,3048,2.7846373159891247,4.0102154930110601e-10,0.37759685939371807,0.059371999576738721,0.0018005896106701423,0.50217613626450364
49.999312260398575,3052,2.8176199449293557,3.7883812753491952e-10,0.38206930434404213,0.060785124500425732,0.001844551881766756,0.50222542593151809
50.064607619249315,3056,2.8509868745189695,3.5547575993888358e-10,0.38659386046785249,0.062231586362033214,0.0018895867323106988,0.50227587884807123
50.12989912920591,3060,2.8847423612287373,3.3299601964742465e-10,0.3911711049426459,0.063712160848879026,0.0019357201773912947,0.50232752218336651
50.195186737145043,3064,2.918890762238489,3.1354552287865545e-10,0.3958016286020688,0.065227642696037536,0.0019829786050783748,0.50238038377171135
50.260470396321971,3068,2.9534365232722655,2.9889657415793636e-10,0.40048603428636398,0.066778845328290662,0.0020313892717053303,0.50243449208850455
50.325750051037858,3072,2.9883841655503907,2.8971464116622769e-10,0.40522493507307117,0.068366600443022743,0.0020809803043967115,0.50248987622688346
50.391025617636849,3076,3.0237382676112601,2.8502833426813368e-10,0.41001895181206161,0.069991757360575182,0.0021317803881241199,0.50254656587473634
50.456297043581245,3080,3.0595034895710125,2.8278235308931698e-10,0.41486871641514955,0.07165518425873825,0.0021838186598742023,0.50260459136709557
50.521564279013489,3084,3.0956845540300799,2.817289179724014e-10,0.41977486926702018,0.07335776740587148,0.002237124947499081,0.50266398367162823
50.586827273486549,3088,3.1322862389388444,2.8348196012828453e-10,0.42473805825781297,0.075100411190909308,0.0022917301568243162,0.50272477439821883
50.652085971233006,3092,3.1693133608241872,2.9280650126750629e-10,0.42975893650864094,0.076884038294325191,0.0023476657761485591,0.50278699580622788
50.717340281190488,3096,3.2067707309394704,3.1324642879582143e-10,0.43483815642552809,0.078709589424988666,0.0024049636201599269,0.50285068079140394
50.782590142563194,3100,3.2446631633748719,3.4280184246782142e-10,0.43997637079917046,0.080578025957566163,0.0024636568921946244,0.50291586297577673
50.847835501990645,3104,3.2829954833082868,3.7304431765861068e-10,0.44517423392375888,0.082490330262631847,0.0025237776096318906,0.50298257672218027
50.913076305403216,3108,3.3217726093580731,3.9323200251573098e-10,0.45043241276401208,0.084447506426607644,0.0025853589499712777,0.50305085716041076
50.978312468029266,3112,3.3609995414253753,3.9937075868579086e-10,0.45575158530659604,0.086450580314949857,0.0026484370519198643,0.50312074018045361
51.043543910422635,3116,3.4006812992870623,4.0195702322165516e-10,0.46113243223332506,0.088500601690344599,0.0027130470081240627,0.5031922624948213
51.108770575749297,3120,3.4408228496378994,4.1687220342367937e-10,0.46657562702807948,0.090598645739128,0.0027792257535090518,0.50326546168933683
51.17399240630737,3124,3.4814290254473974,4.6721121416126721e-10,0.47208182504159324,0.092745812910899408,0.0028470118654106112,0.50334037622030814
51.239209341551856,3128,3.52250465875519,5.4989834907814839e-10,0.47765168149850895,0.094943229157856232,0.002916444022001453,0.50341704542345411
51.3044212804529,3132,3.5640547089612977,6.2573013437372538e-10,0.48328586889353947,0.097192044900457714,0.0029875610298427187,0.50349550947531885
51.369628147186894,3136,3.6060842917104834,6.4907024199811758e-10,0.48898508090818693,0.099493437401482365,0.0030604028524255826,0.50357580947642233
51.43482988067457,3140,3.6485986406993494,6.0495497500312467e-10,0.49475002723178457,0.10184861055973349,0.0031350102709935732,0.50365798744444767
51.500026419075297,3144,3.6916030638855704,5.2506377024030826e-10,0.50058142762346802,0.10425879444127298,0.0032115124064925719,0.50374208629177386
51.565217690244566,3148,3.7351028130120678,4.7179682383102772e-10,0.50647999421965173,0.10672524493791746,0.0032900065013780136,0.50382814980535517
51.630403583840831,3152,3.7791030128001029,4.9442955285528001e-10,0.51244642193261114,0.10924924261057833,0.0033704095145948264,0.50391622260290325
51.695584029238205,3156,3.8236088056336395,5.936435232278825e-10,0.51848140806968424,0.11183209564103912,0.0034527677203425072,0.50400635024237561
51.760758960813064,3160,3.8686254597192002,7.1366923481974709e-10,0.52458566699975007,0.11447513871784198,0.0035371277559677092,0.50409857920101919
51.825928312259158,3164,3.9141584498686375,7.7323375480276013e-10,0.53075994110737312,0.11717973321914972,0.0036235375666756032,0.50419295690741583
51.891092010465591,3168,3.9602134643515421,7.2143352403131189e-10,0.53700500172199028,0.11994726768638447,0.0037120459499700451,0.50428953178488345
51.956249938832499,3172,4.0067963015125088,5.6967236483629335e-10,0.5433216350992105,0.1227791571466703,0.0038027026228150806,0.504388353248301
52.02140201819396,3176,4.0539128093773096,3.8311159800130667e-10,0.5497106342314112,0.12567684752967478,0.0038955590145524428,0.50448947186448434
52.08654817868689,3180,4.1015687812327997,2.4322277525357094e-10,0.55617278468837172,0.12864181552770185,0.0039906674105762386,0.50459293933753224
52.151688349306234,3184,4.1497699222334026,2.051620540122201e-10,0.56270886008911258,0.13167556916005022,0.0040880811401098069,0.50469880851074322
52.216822413448476,3188,4.1985218431985265,2.7394375656797365e-10,0.56931962126082469,0.1347796466878845,0.0041878536792395258,0.50480713331426463
52.28195027292648,3192,4.2478301679187451,4.1151987373311272e-10,0.57600583078958933,0.13795562053091157,0.0042900401286904994,0.50491796889559615
52.34707185376422,3196,4.2977005951596734,5.6127147374240849e-10,0.58276826142810456,0.14120509846007143,0.0043949402332236903,0.50503137166004375
52.412187080916866,3200,4.3481389108454342,6.7390615310358726e-10,0.589607697747763,0.14452972292702471,0.004502604937972169,0.5051473992446549
52.477295878653806,3204,4.3991509947345504,7.1977623861130269e-10,0.59652493704390341,0.14793117132345826,0.0046128864882967434,0.50526611051899761
52.542398170552794,3208,4.4507428091226462,6.9018252224495313e-10,0.60352078780389684,0.15141115610835232,0.0047258473205581851,0.50538756557716813
52.607493837958032,3212,4.5029203401836666,5.9424531961838056e-10,0.61059606175301484,0.15497142263625074,0.0048415506737109724,0.50551182565054986
52.672582770967857,3216,4.5556896103660325,4.5565523576485134e-10,0.6177515755353481,0.15861375194606842,0.0049600608220065085,0.50563895319934526
52.737664889858976,3220,4.6090566771902894,3.0915725535152205e-10,0.62498815055076851,0.16233996225682734,0.0050814431157862926,0.5057690119656808
52.802740103926276,3224,4.6630275911079124,1.9313334265191884e-10,0.63230660724058141,0.16615190695913273,0.0052057644162968493,0.50590206690887785
52.867808271256628,3228,4.7176083658462842,1.3904960516342157e-10,0.63970776106630478,0.17005147237148988,0.0053330930265082397,0.5060381841342152
52.9328692984746,3232,4.7728050721247204,1.6216178400085823e-10,0.64719243521756376,0.17404058390898605,0.0054634996459786509,0.50617743111372904
52.997923101186714,3236,4.8286238164928772,2.5799495873002343e-10,0.65476145774257799,0.17812120435156362,0.0055970566123183449,0.50631987662825673
53.06296959389212,3240,4.8850707431852491,4.0527009526059032e-10,0.66241566179963174,0.18229533385278179,0.005733837912027558,0.50646559076756925
53.128008690152534,3244,4.9421520427334178,5.7349897053526888e-10,0.6701558868248948,0.18656501070636738,0.0058739188328596689,0.50661464495701725
53.193040302692424,3248,4.999873960182879,7.3168693326408629e-10,0.67798297964662479,0.19093231226170229,0.0060173757437702105,0.50676711199128988
53.258064343047124,3252,5.0582428042573131,8.5520912573855412e-10,0.68589779572784193,0.19539935593984109,0.0061642862815842435,0.5069230660740569
53.323080667601126,3256,5.1172649065841345,9.2936747186911361e-10,0.69390119363731295,0.19996829653021186,0.0063147295200731181,0.50708258272923667
53.388089152853539,3260,5.1769466926663767,9.4962859797931287e-10,0.70199404467334015,0.20464133240476956,0.0064687866047359148,0.50724573902253212
53.45308970169242,3264,5.2372946871988235,9.1960572490279446e-10,0.71017723358462814,0.20942070732462253,0.0066265413212932738,0.50741261362504353
53.5180821586655,3268,5.2983154265941668,8.4826734525478287e-10,0.71845164670883055,0.21430870528453388,0.0067880790858461625,0.50758328663030605
53.583066411549069,3272,5.3600155390281081,7.4794148652301828e-10,0.7268181828266661,0.21930765886102493,0.0069539978717538626,0.50775783983778944
53.648042364082642,3276,5.4224017026723912,6.3374050451869834e-10,0.73527774749831754,0.22441994824182582,0.0071240399602507032,0.50793635670433535
53.713009918957127,3280,5.4854806116907566,5.2291992957975708e-10,0.74383124845248261,0.22964800063069091,0.0072981710527193766,0.50811892232870459
53.777968977565379,3284,5.5492589617299304,4.3287229356536727e-10,0.75247959361895222,0.23499429044270856,0.0074764854881082159,0.50830562347675556
53.842919440446337,3288,5.6137434432272819,3.7816372255861097e-10,0.7612236902211279,0.24046133939139033,0.0076590798035739635,0.50849654856337223
53.907861207259181,3292,5.6789407414611155,3.6767078270827369e-10,0.77006444478284242,0.24605171658566902,0.00784605286761836,0.50869178764618839
53.97279413709132,3296,5.7448575018357717,4.0244962917768135e-10,0.77900275842101807,0.2517680349658411,0.0080375058911554605,0.50889143229663847
54.037718068814328,3300,5.8115003582583977,4.7538817327108518e-10,0.78803953069355781,0.25761295257930505,0.008233542229939262,0.50909557563100805
54.102632897998291,3304,5.8788760238361437,5.7297011579748869e-10,0.79717567189788607,0.26358917925124364,0.0084342680839004213,0.50930431252026664
54.167538519114466,3308,5.9469912429771412,6.7842209627855254e-10,0.80641209657584079,0.2696994713682167,0.0086397910100622071,0.50951773938953382
54.232434819877852,3312,6.0158527900289691,7.7521111752076877e-10,0.81574972332904938,0.27594663118045459,0.0088502200049901131,0.50973595418198958
54.297321623929598,3316,6.0854674055110776,8.5025264606741757e-10,0.82518946617204447,0.28233350113172395,0.0090656646890150527,0.50995905610341841
54.362198803222306,3320,6.155841909313704,8.9583329643261322e-10,0.83473224988203865,0.28886297483376588,0.0092862360741650368,0.5101871458099656
54.427066246874183,3324,6.226983159997725,9.0973995003906793e-10,0.84437900447998371,0.29553799454342411,0.009512050488329947,0.51042032496271328
54.491923843195224,3328,6.2988980217749981,8.940882478825074e-10,0.85413066075310451,0.30236154895256317,0.0097432340138040741,0.51065869582191137
54.556771479802222,3332,6.3715933479676732,8.5394391557969129e-10,0.86398814801198143,0.30933667255103398,0.0099799217470331394,0.51090236108963638
54.621609043441076,3336,6.4450759660164731,7.9617923365304932e-10,0.87395239205767294,0.31646644645875688,0.010222251840002685,0.51115142454297191
54.686436350846336,3340,6.5193525899025841,7.2866934708315512e-10,0.88402430330612281,0.32375399301656604,0.010471114644936164,0.51140599245767571
54.751253246888496,3344,6.5944299302783724,6.5961380801837777e-10,0.8942047917218866,0.33120248968378252,0.01072622192149548,0.5116661763978676
54.816059614023359,3348,6.6703147122643873,5.9678095798432196e-10,0.90449476923140582,0.3388151733726793,0.010987359527633312,0.51193209542214257
54.880855333245215,3352,6.7470136370062983,5.4680271421858606e-10,0.9148951445101281,0.34659533735222287,0.01125461276332285,0.5122038765280843
54.945640284027917,3356,6.8245333872455927,5.1466153561108285e-10,0.9254068237378934,0.35454633041505262,0.011528083781121955,0.51248165279159752
55,3360,6.8902269978234125,5.0371973259188962e-10,0.934314878260465,0.36135319472766897,0.011762484419557479,0.51271949055013333
