t,step,S,C,A,Ey,Ey_max,theta
0,0,0.00024130407465877246,-1.6940658945086007e-21,3.1415076854818377e-05,7.6799255397881871e-10,4.9925445546072623e-11,0.500106576817963
0.11327048846966137,4,0.00024117587105702089,4.3540881620660055e-17,3.1398386187626847e-05,1.3311763108533905e-09,1.3456501365969754e-10,0.5001066984054352
0.2265409769393314,8,0.00024080679076597984,1.9325903724554117e-17,3.1350336084349271e-05,2.2884699341282996e-09,1.9749388376799885e-10,0.5001070269507254
0.33981146540899121,12,0.0002402419742415753,-3.1125411492985422e-16,3.1276803324705113e-05,2.8353154429193487e-09,1.9944418021803402e-10,0.50010747323265925
0.45308195387866163,16,0.00023955217016989226,-6.2801733214865041e-16,3.1186998591994592e-05,3.0101216404132249e-09,1.7680459825883043e-10,0.50010793791247921
0.56635244234832116,20,0.00023882805339457179,-7.6731698252230363e-16,3.1092726731145483e-05,3.0450283283316929e-09,1.5378944177066158e-10,0.50010834796967796
0.67962293081799074,24,0.00023817390767120596,-8.7409734398496974e-16,3.1007564314377972e-05,3.0454478254977818e-09,1.3526415554289503e-10,0.50010866948266974
0.79289341928765111,28,0.00023770156055257896,-9.8635970268226569e-16,3.0946070031470387e-05,3.0393885124915519e-09,1.2133861844427417e-10,0.50010890029012278
0.9061639077573187,32,0.00023752511288268187,-7.9407305926017246e-16,3.0923098529151128e-05,3.0332881767411029e-09,1.1136633078350857e-10,0.50010905535650063
1.0194343962269803,36,0.00023775667621790848,-3.2743583235420037e-16,3.0953245471274627e-05,3.0293622905873409e-09,1.0440964957257285e-10,0.50010915451501126
1.1327048846966423,40,0.00023850308825617379,7.1625106019823637e-17,3.1050419924630315e-05,3.029086900690679e-09,9.9293982784217238e-11,0.50010921566374666
1.2459753731663052,44,0.00023986346838635289,2.9790318161523194e-16,3.122752611896946e-05,3.0336986765307556e-09,9.5701095400565386e-11,0.50010925239914594
1.3592458616359624,48,0.00024192744576269603,2.7285641736492228e-16,3.1496232762220791e-05,3.0442131863287662e-09,9.3527857704643779e-11,0.50010927406367478
1.4725163501056278,52,0.00024477390987434714,3.6321365701327477e-16,3.1866810378692674e-05,3.061394049718474e-09,9.1742129757657471e-11,0.50010928667754406
1.5857868385752854,56,0.00024847016719989026,5.9157712772482315e-16,3.2348021514979227e-05,3.0857339388598548e-09,9.0967246031299452e-11,0.50010929395828851
1.6990573270449549,60,0.00025307141934271951,1.0256620314348652e-15,3.2947052799054247e-05,3.1174523246291858e-09,9.0284014898816626e-11,0.5001092981367562
1.8123278155146139,64,0.00025862051008740953,8.0296012894276458e-16,3.3669482009855226e-05,3.1565071466512617e-09,8.9874987828713274e-11,0.50010930052617253
1.9255983039842819,68,0.00026514789929700587,6.6638792465927021e-16,3.4519274679004117e-05,3.2026110230525235e-09,8.9721225590265569e-11,0.50010930188973501
2.0388687924539357,72,0.00027267183872355208,5.805258888619963e-16,3.5498806979360794e-05,3.2552218354679897e-09,8.9307760751555857e-11,0.50010930266723463
2.1521392809235973,76,0.00028119873001729415,4.1015029371947731e-16,3.660891233379539e-05,3.3134642881256296e-09,8.9437208527439408e-11,0.50010930311069102
2.2654097693932549,80,0.00029072364656501632,3.8865598564995218e-16,3.7848949352671089e-05,3.3762238651380849e-09,8.9119709209799736e-11,0.5001093033639924
2.3786802578629183,84,0.0003012310057638087,5.930924696674611e-16,3.9216889356328401e-05,3.4431532705669797e-09,8.9149569834092366e-11,0.50010930350909155
2.4919507463325852,88,0.00031269537451066921,9.2044359872693604e-16,4.0709421240772928e-05,3.5145296919370294e-09,8.8385192315544531e-11,0.50010930359258909
2.6052212348022481,92,0.00032508241434957763,1.1757291646340151e-15,4.2322074525195442e-05,3.5884204885990623e-09,8.8559568560948085e-11,0.50010930364098072
2.718491712952483,96,0.00033834987573885052,1.0251063778214664e-15,4.4049348794400126e-05,3.6633909101339654e-09,8.8286268260914754e-11,0.5001093036693367
2.8317621652874334,100,0.0003524487496675502,6.6785498572391466e-16,4.5884863626310131e-05,3.7400787361922398e-09,8.7152026077690817e-11,0.50010930368622986
2.9450325990010153,104,0.00036732441209073971,3.06876648658444e-16,4.7821507584567647e-05,3.8179874242269439e-09,8.7955217783508317e-11,0.50010930369653395
3.0583030198571675,108,0.00038291781144070438,-6.3519339527778884e-16,4.9851592819140397e-05,3.8952739177066579e-09,8.8044453045077239e-11,0.50010930370302886
3.1715734326086555,112,0.00039916668942382966,-1.5253504839427001e-15,5.1967014000346258e-05,3.9702182298739027e-09,8.7188198379376699e-11,0.50010930370731643
3.2848438405825613,116,0.00041600695351311408,-2.2629942082567911e-15,5.4159427001943597e-05,4.0446170455100938e-09,8.7412640895855406e-11,0.50010930371033646
3.3981142457333089,120,0.00043337357155830451,-2.8090729612198495e-15,5.6420365369310279e-05,4.1228511170366694e-09,8.3938501534588933e-11,0.50010930371265527
3.5113846494043734,124,0.00045120161458946838,-3.0354204935169327e-15,5.8741376080741546e-05,4.2012568980952635e-09,8.4863390618267822e-11,0.50010930371462847
3.624655052282951,128,0.00046942811005594735,-2.8050749657088092e-15,6.1114260818320593e-05,4.2770010131828067e-09,8.4660927865277612e-11,0.50010930371648943
3.7379254551297572,132,0.00048799274402319979,-2.4211725289588482e-15,6.353116738605063e-05,4.3560575502483688e-09,8.3665808805730001e-11,0.5001093037183888
3.8511958578916463,136,0.00050683829757281146,-2.3192575247452107e-15,6.5984646524228641e-05,4.4410006959066373e-09,8.1940951399376787e-11,0.50010930372042461
3.9644662609669736,140,0.00052591220585877676,-1.874558451173125e-15,6.8467854881040246e-05,4.5313561990848946e-09,7.9650773484005107e-11,0.50010930372267759
4.0777366642255624,144,0.000545166932642842,-1.4136708839131151e-15,7.0974603772849522e-05,4.6275139230911462e-09,7.6924033156025353e-11,0.50010930372524465
4.1910070676686333,148,0.00056456023025036844,-1.4612470304944947e-15,7.3499393027528853e-05,4.7302860467200876e-09,7.8339753332600307e-11,0.50010930372823603
4.3042774714203498,152,0.00058405587612692968,-1.3111392397138766e-15,7.6037506875844795e-05,4.8403087156633066e-09,7.912276887088288e-11,0.50010930373173368
4.4175478754130806,156,0.00060362388220312974,-9.4727421436416326e-16,7.8585041208402868e-05,4.9580353369398142e-09,7.9286303045498343e-11,0.50010930373576712
4.5308182797954553,160,0.00062324075674184166,1.521000122725602e-16,8.1138937665213318e-05,5.0836185708773333e-09,7.8782297290942828e-11,0.50010930374032914
4.6440886844596463,164,0.0006428893009939122,4.781026648800063e-15,8.3696957162550709e-05,5.2174137014576354e-09,7.8957058793387014e-11,0.50010930374540941
4.7573590894113114,168,0.00066255853933809019,5.6213714239028434e-15,8.6257670797958139e-05,5.3600121448969105e-09,8.316417049086688e-11,0.50010930375100116
4.8706294946150352,172,0.00068224475927959583,2.8820993985476107e-14,8.8820595246365402e-05,5.5121525593124182e-09,8.7411010458006907e-11,0.50010930375709428
4.9838998999300506,176,0.00070194884619210703,2.9009726478651521e-14,9.1385845773468574e-05,5.6750480853152115e-09,9.1668749040064532e-11,0.50010930376366314
5.0971703055125763,180,0.00072167846685625386,4.6797601330108435e-14,9.3954420507886353e-05,5.8489978542515877e-09,9.5910469934887891e-11,0.50010930377065577
5.210440711270107,184,0.00074144495138800772,6.6475572605122907e-14,9.6527794503301615e-05,6.0340144589456863e-09,1.0011236785210596e-10,0.50010930377800544
5.3237111173850931,188,0.0007612647821948563,7.6752284540980431e-14,9.9108113583810801e-05,6.2297465627906595e-09,1.0425175172230057e-10,0.50010930378569995
5.436981523609254,192,0.0007811575470509758,9.7915138453849582e-14,0.0001016979278573308,6.4350097818368649e-09,1.0831254561127386e-10,0.50010930379385288
5.5502519302634656,196,0.0008011462250846898,1.0577721017883748e-13,0.00010430022894794985,6.648551918517304e-09,1.122773767605721e-10,0.50010930380263885
5.6635223370550198,200,0.0008212552179828051,1.2917760665396433e-13,0.00010691819368087288,6.8696334057600708e-09,1.1615824638380304e-10,0.50010930381202356
5.7767927441541573,204,0.00084151077435102618,1.3798211772925346e-13,0.00010955523932937509,7.0975437668573414e-09,1.1992593392667536e-10,0.50010930382167063
5.8900631513920683,208,0.0008619396657567319,1.232863603686709e-13,0.00011221485125046062,7.3322329157347972e-09,1.2361971176440696e-10,0.50010930383129348
6.0033335591623764,212,0.00088256868614360431,1.6262914002669951e-13,0.0001149005177142766,7.5740934033905229e-09,1.2795548542630977e-10,0.50010930384097807
6.1166039671256103,216,0.00090342382812076552,1.9142070469945621e-13,0.00011761562266622214,7.8227970707285429e-09,1.3264492135871645e-10,0.50010930385108565
6.2298743755700352,220,0.00092452916015489856,1.7922253579220199e-13,0.00012036329954998936,8.0787722808093181e-09,1.37559321493915e-10,0.50010930386194019
6.3431447840906445,224,0.0009459080262910508,1.7141183492139916e-13,0.00012314658749772015,8.3407394203853051e-09,1.4267548494130788e-10,0.50010930387355501
6.4564151931159737,228,0.00096757994727315942,1.677782533130584e-13,0.00012596802789074813,8.6086691373268295e-09,1.4793678198835446e-10,0.50010930388546426
6.5696856019601464,232,0.00098956254920594595,1.6886929951175772e-13,0.00012882991544968769,8.8823920087824336e-09,1.5332429045825036e-10,0.50010930389668862
6.6829560115144062,236,0.001011869446341314,1.5078997078754597e-13,0.00013173402259703313,9.1612661465779999e-09,1.588784604253146e-10,0.50010930390598785
6.7962264213203296,240,0.0010345109908027202,9.3949594469084491e-14,0.0001346816970628402,9.4454173716303654e-09,1.6458608876878149e-10,0.50010930391261776
6.9094968317845478,244,0.0010574938050355058,9.3458904894608286e-14,0.00013767380101501736,9.7338857511019424e-09,1.7040531082119266e-10,0.50010930391749198
7.0227672422688228,248,0.0010808208521320964,1.5581912387978292e-13,0.00014071072021487605,1.0026670672881635e-08,1.7646126847019175e-10,0.50010930392394759
7.1360376532358742,252,0.0011044914058148596,2.1555799950990356e-13,0.00014379236010923611,1.0323695396972622e-08,1.8282074659812678e-10,0.50010930393658859
7.2493080641568328,256,0.0011285009327163236,1.2849313626994707e-13,0.0001469181305046342,1.0623601514966387e-08,1.8926453546589634e-10,0.50010930395658526
7.3625784755541632,260,0.0011528410136310476,-2.1978955927395155e-13,0.00015008693531520293,1.0919046458993744e-08,1.9584586089809014e-10,0.50010930397611397
7.4758488871905744,264,0.0011774988627495633,-2.6180310496544054e-13,0.00015329710997233662,1.117778772786248e-08,2.0309340469938017e-10,0.50010930398265896
7.5891192985816724,268,0.0012023898680230823,-1.3282984331593542e-13,0.00015653763893881613,1.1288690025194836e-08,2.102539580004444e-10,0.50010930397548747
7.7023897064065334,272,0.0012274230786635751,-6.0635883521262951e-13,0.00015979668144485757,1.1087821956959201e-08,2.1782534289682007e-10,0.50010930396953501
7.8156600849221034,276,0.0012527810854877006,-1.3398988814089172e-12,0.0001630980087614038,1.0700859244286099e-08,2.2621061268510619e-10,0.50010930397515962
7.9289304314643472,280,0.0012792573856439721,2.0237337332177155e-12,0.00016654492529365335,1.0710141536413988e-08,2.3410346869652946e-10,0.50010930398820608
8.0422007702535119,284,0.0013073220910566263,7.2696867921056771e-12,0.00017019863432734091,1.1400496941232172e-08,2.4302061753945694e-10,0.50010930400383735
8.1554711256628778,288,0.0013356666287567139,8.8112168386209055e-12,0.0001738887743779046,1.2362096493237978e-08,2.5247173084064283e-10,0.50010930402254761
8.2687415107418794,292,0.0013628720164556426,9.0081240806515889e-12,0.00017743060990901011,1.3199797329657749e-08,2.6217471790473312e-10,0.50010930404455689
8.3820119052275182,296,0.0013885401138267132,9.0795649807223072e-12,0.00018077230752754151,1.3864256412341129e-08,2.7219155476313664e-10,0.50010930407158072
8.4952823044292369,300,0.0014132201695911614,6.7983102193481734e-12,0.00018398537324024333,1.4411384125224973e-08,2.8326029586140421e-10,0.50010930410542354
8.6085527082182978,304,0.0014377908760000446,1.1412215031487982e-12,0.0001871842028965754,1.4893081096716347e-08,2.9477145681988878e-10,0.50010930414082688
8.7218231168779177,308,0.0014626509105727542,-4.2611030941783548e-12,0.00019042069982610092,1.5353121775130187e-08,3.0663251411168846e-10,0.50010930417209809
8.8350935278253662,312,0.0014875394747822998,-4.8452969067525054e-12,0.0001936609109935029,1.5815473686374678e-08,3.1886020704323031e-10,0.50010930420134281
8.9483639355206908,316,0.001512256610104578,-1.7704624116592071e-12,0.00019687880404764359,1.6289149638433778e-08,3.3199416310303311e-10,0.50010930422927724
9.0616343390576759,320,0.0015369168278586511,-1.1055393661077093e-12,0.00020008928707448959,1.6777344829824503e-08,3.4628248001385579e-10,0.50010930424985711
9.1749047378068198,324,0.0015612443561310333,-2.118894916838289e-12,0.00020325645767219034,1.7282215880648324e-08,3.602393032012486e-10,0.50010930426039435
9.2881751318837384,328,0.0015849698922340643,-1.3606284678048704e-12,0.00020634525565934605,1.7805730221887041e-08,3.7478875097285479e-10,0.50010930426389621
9.4014455253611544,332,0.0016084001795501003,-5.8300210497999952e-13,0.00020939561557475409,1.8349608423781532e-08,3.9052418282671156e-10,0.50010930426266087
9.5147159191506265,336,0.0016319108826640689,-1.3535675333939227e-12,0.00021245644472271016,1.8915550479693728e-08,4.0690347882908981e-10,0.50010930426155042
9.6279863153625502,340,0.0016556040202574005,-1.695149297081984e-12,0.00021554102478825131,1.9505098562156437e-08,4.2321217181814028e-10,0.50010930426961098
9.7412567151572063,344,0.0016796896773108728,-1.0369402005886569e-12,0.00021867670647329377,2.011949395813825e-08,4.4020739753584066e-10,0.50010930429004508
9.8545271180191971,348,0.0017045317736489899,-7.9035557395620848e-13,0.00022191086804640577,2.0759212558564223e-08,4.5780924550679308e-10,0.50010930431860179
9.9677975200738018,352,0.001730418893342195,-8.4150648417807145e-13,0.00022528107990819023,2.1424289907605587e-08,4.7608176975999499e-10,0.50010930435218026
10.081067921615825,356,0.0017574973881630451,-7.8222087281868552e-13,0.00022880639541358625,2.2113787500654686e-08,4.9510700320578689e-10,0.50010930438815837
10.194338322752055,360,0.0017860156831085107,-1.0503720153853466e-12,0.00023251915670345288,2.2826626305143106e-08,5.1394291828965081e-10,0.50010930442118517
10.307608723340943,364,0.0018161967241661389,-1.4171503055250556e-12,0.00023644838883815506,2.3561396110519134e-08,5.3354415651307475e-10,0.50010930444975377
10.420879122526996,368,0.0018481066149420582,-1.13795103440055e-12,0.00024060269776382044,2.4316717450423012e-08,5.5402947802922023e-10,0.50010930447718571
10.534149517457719,372,0.0018817829077171079,-5.9400357218684571e-13,0.00024498697236510758,2.5091723615885734e-08,5.7511020628955097e-10,0.50010930450138136
10.647419909319447,376,0.0019173062703431696,-7.7342432046496878e-13,0.00024961171468915411,2.5886043260443601e-08,5.9631708717065676e-10,0.50010930451558133
10.760690299842528,380,0.0019546771325192843,-1.2218729988303784e-12,0.00025447698067794289,2.6699968641319294e-08,6.1808602495624407e-10,0.50010930452326585
10.873960689835592,384,0.0019937719324043205,-1.1841341912544566e-12,0.00025956668396931454,2.7534185686581134e-08,6.4088014217176577e-10,0.50010930453987879
10.987231081432538,388,0.0020344585192331789,-8.9379624036191319e-13,0.00026486362001979896,2.8389975892816488e-08,6.6441142577204253e-10,0.50010930457419822
11.100501474834029,392,0.0020765981584277256,-9.9358683850999177e-13,0.00027034972714750911,2.9269417812438447e-08,6.8810861413553768e-10,0.50010930461724079
11.213771867808362,396,0.0021199850495068392,-1.3816919342598405e-12,0.00027599821244420129,3.0174864427855513e-08,7.1242419399556221e-10,0.50010930465504577
11.327042258918288,400,0.0021643549653506556,-1.5917793003291346e-12,0.00028177467651032372,3.1109101962532864e-08,7.3773920392214132e-10,0.50010930468579351
11.440312647677333,404,0.0022094728075120014,-1.5227774079131125e-12,0.00028764851217193263,3.2074790495774684e-08,7.6390692189364031e-10,0.50010930471936454
11.553583034060058,408,0.002255102965527383,-1.6774480228790543e-12,0.0002935890455963176,3.307482917929765e-08,7.9109430857524889e-10,0.50010930476468751
11.666853418025722,412,0.002300983443395006,-1.994630141935981e-12,0.00029956216785040866,3.4111226809793097e-08,8.190696497777058e-10,0.50010930482174321
11.780123796233401,416,0.0023468511331746788,-2.2193657298768578e-12,0.00030553362523926138,3.5185899119348635e-08,8.478136198944018e-10,0.5001093048831331
11.893394168053275,420,0.0023924716509460386,-2.3436620753911758e-12,0.00031147290361228729,3.6300672498905599e-08,8.7793847072113345e-10,0.50010930494073713
12.006664532471218,424,0.0024376424313666172,-2.5381810910864167e-12,0.0003173536312399134,3.7456491380326776e-08,9.0912609391561949e-10,0.50010930499219819
12.119934889295669,428,0.0024821888284150139,-2.6753429048400994e-12,0.00032315307117419367,3.8654932529011518e-08,9.4173024554608724e-10,0.50010930504113471
12.23320523763074,432,0.0025259689521279706,-2.6689096489481215e-12,0.00032885275093758303,3.9897320337435016e-08,9.7552152895542738e-10,0.50010930509013629
12.346475576236358,436,0.002568883864521739,-2.4855128670292145e-12,0.00033443978991723754,4.1185186144270762e-08,1.0105812177283651e-09,0.5001093051361416
12.459745905417693,440,0.0026108725942979062,-2.2617138874638301e-12,0.00033990625033577713,4.2519192657153194e-08,1.0470720811613497e-09,0.50010930517512064
12.573016223909532,444,0.0026519102929014717,-2.2725206455130251e-12,0.00034524889719078335,4.3901439227514586e-08,1.0851504280935081e-09,0.50010930520848496
12.686286532309921,448,0.0026920185421451374,-2.5382897281440997e-12,0.00035047054019156457,4.5334613894215827e-08,1.124768426313686e-09,0.50010930524161834
12.799556831245111,452,0.002731274158239524,-2.6803028383998867e-12,0.0003555811799448812,4.6822013037077287e-08,1.1662021183974868e-09,0.50010930527763675
12.912827123013043,456,0.0027697900660728003,-2.4552118964207142e-12,0.00036059551800123811,4.8367108116044368e-08,1.2090810477044907e-09,0.50010930531479258
13.026097411124775,460,0.0028077025154735909,-2.1619110988175747e-12,0.00036553129255607924,4.9972930678676749e-08,1.2534626482194519e-09,0.5001093053486152
13.13936769986427,464,0.0028451826455511511,-2.0145113198031736e-12,0.00037041078399682742,5.1643252168297197e-08,1.3000905243878896e-09,0.50010930537483134
13.252637993185953,468,0.0028824446466256658,-1.9028522789572844e-12,0.00037526187749442185,5.338172943803723e-08,1.348745071890079e-09,0.50010930539025733
13.365908293700638,472,0.0029197282890856095,-1.5483947674380105e-12,0.00038011578845702362,5.5191967287603997e-08,1.3990717985926752e-09,0.50010930538925646
13.479178603105403,476,0.0029572789154719017,-1.0338011642487682e-12,0.0003850044577243789,5.7077321047115654e-08,1.4513157347393918e-09,0.50010930535479992
13.592448926014587,480,0.002995349297406873,-6.0227820994351866e-13,0.00038996079331908714,5.9040580550145534e-08,1.5054432209454339e-09,0.50010930524854869
13.705719250447352,484,0.0030342037116780412,-2.6233752854504938e-13,0.00039501920110687012,6.108444387816772e-08,1.5618963884053722e-09,0.50010930500415651
13.818989575085542,488,0.0030741061840450596,1.2105220255007043e-13,0.00040021405427244464,6.3211172090040871e-08,1.6203927135923111e-09,0.5001093045166114
13.932259898586144,492,0.0031153113035001156,5.5309066788328254e-13,0.00040557849743952769,6.5422432615760018e-08,1.6807406922967765e-09,0.50010930361159456
14.045530219689443,496,0.0031580593726993544,7.6749590298581805e-13,0.00041114381531154548,6.7719843812861322e-08,1.7432986505893506e-09,0.50010930198403591
14.15880053953941,500,0.0032025697023673884,7.0996195576135401e-13,0.00041693855967851035,7.0104922397949115e-08,1.8083706512541281e-09,0.50010929910075375
14.272070856956599,504,0.003249038686490683,5.1400995005473904e-13,0.00042298829882884579,7.257925388081627e-08,1.8758060422303168e-09,0.50010929405028393
14.385341171789973,508,0.0032976378228847664,3.3401599086428646e-13,0.00042931535984949741,7.5144669744513075e-08,1.9456196688484948e-09,0.50010928530076393
14.498611484249556,512,0.0033485089574237896,2.0222574157770234e-13,0.00043593820947810443,7.7803232112666572e-08,2.0182149274480118e-09,0.50010927031704056
14.611881793726203,516,0.0034017625941322864,1.4125347755616219e-13,0.00044287123409595124,8.0557484632361877e-08,2.0945376799371265e-09,0.50010924500383114
14.725152100329616,520,0.0034574834002034449,1.4493182316169945e-13,0.00045012545641943757,8.341042787858661e-08,2.176719086134749e-09,0.50010920299108919
14.83842240455972,524,0.0035157257223354726,2.2903189490341286e-13,0.00045770795177749602,8.6365414462807962e-08,2.2694786965669419e-09,0.5001091348945732
14.95169270645853,528,0.0035765051885426813,3.8324734824481815e-13,0.00046562075476183997,8.942613385678754e-08,2.3889967510446089e-09,0.50010902794410028
15.064963005375988,532,0.0036398071124031433,5.5113186692330729e-13,0.00047386195336549555,9.2596351075858597e-08,2.5898608195647697e-09,0.50010886683770606
15.178233300757405,536,0.0037056018258691072,6.5156853436970641e-13,0.00048242768514228748,9.5878599611931497e-08,2.8640943981704038e-09,0.50010863718708787
15.291503592013044,540,0.0037738415581475152,7.3497588223836452e-13,0.00049131173087218203,9.9268485753911784e-08,3.1412660035609664e-09,0.50010833269936183
15.404773878975051,544,0.003844447124945726,8.6664627297478036e-13,0.00050050378165077071,1.0273434515039619e-07,3.3703984556286776e-09,0.50010796508663957
15.5180441618367,548,0.003917315836438306,9.2449425935850482e-13,0.00050999046841761501,1.0617990084328445e-07,3.5061047295343621e-09,0.50010757173200282
15.631314440834387,552,0.0039923440812917859,7.6003163181417865e-13,0.00051975830214229311,1.0950545531250265e-07,3.5121895603756775e-09,0.50010721381318568
15.744584715462185,556,0.0040694288723121365,5.4209531286618373e-13,0.0005297938750503194,1.1286753408257545e-07,3.3591860423267209e-09,0.50010696104276586
15.857854984589009,560,0.0041484512751943647,6.3424755085503964e-13,0.00054008170323269927,1.1670439349009121e-07,3.1368662410886122e-09,0.50010686753092304
15.971125247523561,564,0.0042292712167889242,1.0493795502691805e-12,0.00055060355074060133,1.2120966549865948e-07,3.6144927460004817e-09,0.5001069505737088
16.08439550434893,568,0.004311744259033203,1.4462301934367941e-12,0.00056134061336260009,1.2608141953380338e-07,3.9786015415018235e-09,0.50010718437982571
16.197665755648718,572,0.0043957350534105152,1.5363000720755929e-12,0.00057227527024393012,1.3097704688237381e-07,4.1992000573044913e-09,0.50010751246424712
16.310936001163544,576,0.0044811165316912894,1.3588844134139466e-12,0.00058339097853008946,1.3582018585622489e-07,4.2940619809467153e-09,0.50010787094312581
16.424206239659235,580,0.0045677709192158914,1.1626793007101649e-12,0.00059467240528486814,1.4065799412492322e-07,4.2818431976815422e-09,0.50010820918532095
16.537476470739467,584,0.004655602527860527,1.1239638234884775e-12,0.00060610709299064095,1.4554664006945497e-07,4.206251693932577e-09,0.50010849865916007
16.650746695270186,588,0.0047445494388784863,1.2918871837097959e-12,0.00061768698052291438,1.5054436226877538e-07,4.1591792931925959e-09,0.50010873038324066
16.764016914164955,592,0.0048345820073089629,1.4968507119558772e-12,0.00062940820844117353,1.557031686793708e-07,4.2121334919954099e-09,0.50010890738471159
16.877287127777006,596,0.0049256893577201422,1.4575158571381031e-12,0.0006412693608864997,1.6106216967343357e-07,4.3067743038622437e-09,0.50010903787301386
16.990557335970529,600,0.005017876365637104,1.2371816895603849e-12,0.00065327107259742891,1.666498149038077e-07,4.4183552063194202e-09,0.50010913116895306
17.103827538487241,604,0.0051111760470487974,1.3166280674221931e-12,0.00066541764188442979,1.7248985107552217e-07,4.538682836844929e-09,0.5001091959005477
17.217097735609599,608,0.0052056580571296527,2.050620469869896e-12,0.00067771813706788266,1.7860503852124002e-07,4.6783155810385854e-09,0.50010923942519692
17.330367928069808,612,0.0053014160168591605,3.1179445147706125e-12,0.00069018474654647128,1.8501819244065566e-07,4.8316860797983799e-09,0.50010926775700792
17.443638116319054,616,0.0053985508177103302,3.7783054679732531e-12,0.0007028306052553724,1.9175145549083266e-07,4.9933523115148432e-09,0.50010928563947088
17.556908300062052,620,0.005497174793695824,3.5686599075129832e-12,0.00071567033781974501,1.9882519921475402e-07,5.1643285059269712e-09,0.50010929664416026
17.670178478314462,624,0.0055974153784370019,2.6923016225276208e-12,0.00072872053466399285,2.0625649932447715e-07,5.3528525977728123e-09,0.50010930330469872
17.783448650114636,628,0.0056994031266486287,1.7321821060845011e-12,0.00074199819254378127,2.1405787852762104e-07,5.5480386148980226e-09,0.50010930730707148
17.896718814680135,632,0.0058032537780685275,1.1906981477183276e-12,0.00075551837947138514,2.2223681440284579e-07,5.7512943467939398e-09,0.50010930971264356
18.009988970565772,636,0.0059090692470174563,1.0445777272674595e-12,0.00076929436354525533,2.3079619215093365e-07,5.9631990613040542e-09,0.50010931116495239
18.123259113114738,640,0.0060169583012942875,1.1149815337500868e-12,0.0007833403051096205,2.3973518900898773e-07,6.1940486006007322e-09,0.50010931204767584
18.236529234193092,644,0.0061270349498078885,1.1512658773353557e-12,0.00079767104684228972,2.4904984592074667e-07,6.4416827142049109e-09,0.50010931259284663
18.34979933056859,648,0.0062393989664284825,9.7476562412046608e-13,0.00081229957817912572,2.5873335232331557e-07,6.6934917697097498e-09,0.50010931295107419
18.46306940500709,652,0.0063541219939847069,7.2802386948817022e-13,0.00082723522621073347,2.6877680606489009e-07,6.9571045137027002e-09,0.50010931322924423
18.576339463042466,656,0.0064712545500321362,6.4242673138668882e-13,0.00084248456775473689,2.7917053379775353e-07,7.2397625731971531e-09,0.50010931350091992
18.68960951192906,660,0.0065908410599715729,8.3968720648516793e-13,0.00085805338649871964,2.899050328302977e-07,7.5326360458078215e-09,0.50010931380574852
18.802879557739484,664,0.0067129222836408058,1.1247920997381478e-12,0.00087394698891518337,3.00970732954406e-07,7.83200152390222e-09,0.50010931415427728
18.916149604253334,668,0.0068375252062721301,1.3311608759725146e-12,0.00089016888817790155,3.1235899806283247e-07,8.1394804054609259e-09,0.50010931453985352
19.029419654107567,672,0.0069646562390553394,1.4096600948164395e-12,0.00090671991895168618,3.2406390815899517e-07,8.4556504266782332e-09,0.50010931494977195
19.142689705987483,676,0.0070943080291068616,1.4146376398852661e-12,0.00092359912397378533,3.360831874204257e-07,8.778949119406141e-09,0.50010931537236591
19.255959751439871,680,0.0072264689865823867,1.4020588075952523e-12,0.0009408049943768074,3.4841707489334449e-07,9.1098405281667892e-09,0.50010931580164897
19.369229787086336,684,0.0073611248311910701,1.3891992211526732e-12,0.0009583356710274782,3.6106774402605284e-07,9.4514288792365217e-09,0.50010931623889332
19.482499812114721,688,0.0074982585551906606,1.3900816533008592e-12,0.00097618893970902296,3.7404255095580153e-07,9.7983964690553273e-09,0.50010931668955549
19.59576982547463,692,0.007637847966426867,1.4162084590978175e-12,0.00099436191125252204,3.8735543592567472e-07,1.0152362577539052e-08,0.50010931715779294
19.709039824966936,696,0.0077798660910946551,1.4872184972251901e-12,0.0010128510739719032,4.0102492006597104e-07,1.0518674501408262e-08,0.50010931764350808
19.822309809754547,700,0.0079242868396849214,1.6150948308792101e-12,0.0010316530313064793,4.1507287200100226e-07,1.0883173909260376e-08,0.50010931814393522
19.935579779213008,704,0.0080710867881090189,1.7870121615110035e-12,0.0010507647337033323,4.2952566903164581e-07,1.1254393397598259e-08,0.50010931865749464
20.048849733050094,708,0.0082202441348097743,1.958066955104476e-12,0.0010701833428448943,4.4441379192682703e-07,1.1636317963338936e-08,0.50010931918628709
20.162119671625238,712,0.0083717402023248313,2.0198317302565216e-12,0.0010899064271356106,4.5977114744926048e-07,1.2028238957472617e-08,0.50010931973540373
20.275389594935497,716,0.0085255647799274449,1.9387534112846883e-12,0.0011099326572536871,4.7563535486735716e-07,1.242786902986819e-08,0.50010932030972122
20.388659502853287,720,0.0086817194868157831,1.7460300783325722e-12,0.0011302622440005159,4.9204695901043396e-07,1.2838530809401243e-08,0.50010932091106541
20.501929395076399,724,0.0088402156793847813,1.5588729309137794e-12,0.0011508966658510056,5.0904842326809029e-07,1.326571642543636e-08,0.50010932153885512
20.615199271281142,728,0.0090010732421590169,1.4334757339473647e-12,0.0011718385115466381,5.2668300290714723e-07,1.3704904417083707e-08,0.50010932219308479
20.728469131143477,732,0.0091643237144611086,1.3490846894476105e-12,0.0011930918871525321,5.4499563426937619e-07,1.416001742147385e-08,0.50010932287487786
20.841738975150754,736,0.0093300113643443698,1.2608611528984459e-12,0.0012146625558713982,5.6403239476969016e-07,1.4633578914414734e-08,0.5001093235855274
20.955008803521999,740,0.0094981925413475735,1.1299516010365718e-12,0.0012365578537794867,5.8383927059377048e-07,1.5127238842809453e-08,0.50010932432731703
21.068278616530783,744,0.0096689359533701329,9.3954764758194531e-13,0.0012587867258726235,6.0446239584503634e-07,1.5646218392027825e-08,0.50010932510278472
21.181548415075852,748,0.0098423247839778908,7.0305404293452556e-13,0.0012813600017156132,6.2594779595361919e-07,1.6186395392853742e-08,0.50010932591028423
21.294818200069887,752,0.010018458671132305,4.7296015845063599e-13,0.0013042906530505249,6.4834137529610954e-07,1.6744320642211739e-08,0.50010932674340303
21.408087971804289,756,0.010197451240475526,3.3648046371750895e-13,0.0013275934726581517,6.7168837069939523e-07,1.7328049318979278e-08,0.50010932759814497
21.521357730094405,760,0.010379423719315477,3.4779254129424508e-13,0.001351284242970683,6.9603315638208087e-07,1.794454961972586e-08,0.50010932847888467
21.63462747522356,764,0.01056450223982873,4.5889832732404212e-13,0.0013753793849790466,7.2141922650774263e-07,1.8593493234038725e-08,0.50010932939577546
21.747897207832384,768,0.010752821130083953,4.7213616479954701e-13,0.0013998963866871522,7.4788881580654461e-07,1.9272458624742633e-08,0.50010933035826011
21.861166927980424,772,0.010944524311983655,2.0285238332834465e-13,0.0014248539851081841,7.7548283924290547e-07,1.997535366876881e-08,0.50010933137092073
21.974436635240775,776,0.011139761704855816,-2.9582271961897666e-13,0.0014502716980526777,8.042404034885129e-07,2.0706831552171332e-08,0.50010933243112887
22.087706329877719,780,0.011338683869127666,-7.7324507474080262e-13,0.0014761691267950803,8.341987068968016e-07,2.1472576547914012e-08,0.50010933352963771
22.200976012068256,784,0.011541440700108662,-1.0415281918169095e-12,0.0015025657860189856,8.6539295779113849e-07,2.2274420067360986e-08,0.50010933466066532
22.314245680280479,788,0.011748180244955707,-1.1215186765389795e-12,0.0015294809497993084,8.9785626928250114e-07,2.3108004928840265e-08,0.50010933583271577
22.42751533359867,792,0.011959042492515167,-1.1769885196674656e-12,0.001556932843109554,9.3161949085947552e-07,2.3977470392118168e-08,0.50010933706030369
22.540784971219114,796,0.012174156402400398,-1.3307883441060486e-12,0.0015849382550411229,9.6671137456058055e-07,2.4885434412631899e-08,0.50010933834466231
22.654054591920914,800,0.012393643577296798,-1.5291272480004447e-12,0.0016135130168961306,1.0031591169056429e-06,2.5827508825205266e-08,0.5001093396709746
22.767324195296354,804,0.012617634450150492,-1.6035869463901231e-12,0.0016426741095773346,1.0409891313908256e-06,2.6804600060431962e-08,0.50010934102397775
22.880593780791234,808,0.012846262755641741,-1.3788555800614555e-12,0.0016724389438361471,1.0802278329173092e-06,2.7821871778421804e-08,0.50010934239963267
22.993863347638495,812,0.013079632009564036,-8.696410020055112e-13,0.0017028209962647591,1.1209007244513392e-06,2.8873977194537478e-08,0.50010934380527727
23.107132895031249,816,0.013317830633105201,-3.6007611822763685e-13,0.0017338317783074551,1.1630296587026371e-06,2.9960699789291147e-08,0.5001093452560369
23.220402421426925,820,0.013560906290009511,-1.4791726871132838e-13,0.0017654774952477212,1.2066273464211227e-06,3.1087866603999545e-08,0.50010934676545848
23.333671925633656,824,0.013808774328580468,9.0020005338864451e-14,0.0017977471263866524,1.2516788524880927e-06,3.2261490096795217e-08,0.50010934832992571
23.446941407182575,828,0.014061202923303557,3.1412557017357345e-13,0.0018306104906493303,1.2981163284864106e-06,3.3463716787093465e-08,0.5001093499319792
23.56021086530583,832,0.014318185765398176,-2.7272194919047976e-13,0.0018640667667034678,1.3459036078133788e-06,3.4714614391070671e-08,0.5001093515697449
23.673480298627688,836,0.014580048455463991,-1.6193871872800802e-12,0.0018981583440854911,1.3952380429848041e-06,3.6016136397339298e-08,0.50010935326746231
23.786749706245054,840,0.014847489508346336,-2.1315408747953069e-12,0.00193297616157288,1.4465208026385958e-06,3.7349358889610588e-08,0.5001093550484359
23.90001908773036,844,0.015120777630700969,-1.3888379378837468e-12,0.0019685552017503836,1.4999678578283671e-06,3.8724769186561389e-08,0.50010935691847291
24.013288442597602,848,0.015399310007333021,-3.6619492160827605e-13,0.00200481698485879,1.5554232757209951e-06,4.0157837649898336e-08,0.50010935887849839
24.126557770207381,852,0.015682220612294771,1.9712981247366201e-12,0.0020416487640588909,1.6126494139595418e-06,4.1637009969923522e-08,0.50010936092604852
24.239827069813973,856,0.015969052955224241,5.110581879561038e-12,0.0020789911094391718,1.6715954780218413e-06,4.3153621978999759e-08,0.50010936304452069
24.353096340627822,860,0.016260020903083289,5.9036261664847933e-12,0.0021168718640729536,1.7323496883687644e-06,4.4731129421555748e-08,0.50010936521405835
24.466365581951315,864,0.016555645413622228,2.5247769912077611e-12,0.0021553588508007229,1.795023884139468e-06,4.6367490734240761e-08,0.50010936742805501
24.579634793348692,868,0.016856283481993351,-2.7393424984964443e-12,0.0021944985463765998,1.8597277045171442e-06,4.805264457726049e-08,0.50010936969171793
24.692903974457632,872,0.017162066579851171,-6.4022043959680031e-12,0.0022343080669314929,1.9265674004738576e-06,4.9793727399962113e-08,0.50010937202400696
24.806173124821843,876,0.017472986894066164,-6.6851089551220322e-12,0.0022747863952838035,1.9956443089070158e-06,5.1601868344724945e-08,0.50010937446208314
24.919442243738629,880,0.017789058515034432,-4.9498439201600686e-12,0.0023159353658446457,2.0670597800680704e-06,5.3470801823456965e-08,0.50010937703768932
25.032711330964244,884,0.018110408766078362,-3.0150425342143072e-12,0.0023577715546787381,2.1409173814366035e-06,5.5396038480744131e-08,0.50010937974603054
25.145980386494806,888,0.018437079405767665,-1.2378156225706372e-12,0.0024003003982822459,2.2173234870968651e-06,5.7392084236184988e-08,0.50010938255269777
25.259249410200336,892,0.018768940026247797,8.0537573138306229e-14,0.0024435049190190531,2.2963889198681354e-06,5.9462733766241686e-08,0.50010938542522276
25.372518402028984,896,0.019105904219278127,9.6670262940412588e-13,0.0024873738675079628,2.3782303710256411e-06,6.160415405040876e-08,0.50010938835018315
25.48578736168934,900,0.019448077651776793,2.3497112458872871e-12,0.0025319210003934035,2.4629696983303038e-06,6.3817917313375455e-08,0.50010939133625909
25.599056288855547,904,0.019795635777725022,3.7853850913191489e-12,0.0025771691598106042,2.5507338934584134e-06,6.6108787422056329e-08,0.50010939441332791
25.712325183013039,908,0.020148778606243995,4.3496151775831993e-12,0.0026231443846978734,2.6416557025940505e-06,6.8479576770968805e-08,0.50010939761768403
25.825594043584282,912,0.020507773061766457,4.3484289519862829e-12,0.0026698814256145664,2.7358729485726456e-06,7.0930777702928847e-08,0.50010940096969214
25.938862870028025,916,0.020872894484859145,3.8424586863011756e-12,0.0027174161288060382,2.8335269231500625e-06,7.3469986209556452e-08,0.50010940446952157
26.05213166193046,920,0.021244366330890763,2.440197349740103e-12,0.0027657775856483515,2.9347622532222949e-06,7.6101387516729341e-08,0.50010940811086502
26.165400418999564,924,0.02162235151408087,6.0107149292554229e-13,0.002814987005740786,3.0397275275520566e-06,7.8826067660480636e-08,0.50010941189055069
26.27866914057411,928,0.022006998352175306,-7.4859530466847568e-13,0.0028650636983858944,3.1485750337209705e-06,8.164610319805223e-08,0.50010941580925539
26.391937825796916,932,0.022398477682625414,-1.7121407373463238e-12,0.0029160299046986312,3.2614604706648611e-06,8.4566522393992087e-08,0.5001094198716366
26.505206473017985,936,0.022796930903866874,-2.8159251189499579e-12,0.002967904033165178,3.3785434827968114e-06,8.7593036273571982e-08,0.5001094240853301
26.618475081269008,940,0.023202469804100841,-4.002303696792886e-12,0.0030207006373521744,3.4999875577061443e-06,9.0723235884820109e-08,0.50010942845765172
26.731743649957899,944,0.023615236562351333,-4.8970919550375691e-12,0.0030744382273696249,3.6259600215986713e-06,9.3961780544774561e-08,0.50010943299523514
26.845012177861342,948,0.024035405163978521,-5.3437361957273111e-12,0.003129139454154814,3.7566318418650023e-06,9.7321455920349324e-08,0.50010943770576599
26.958280663471733,952,0.024463127456217218,-5.4559282439137213e-12,0.0031848240865100649,3.8921783075407941e-06,1.0080710562427594e-07,0.500109442596121
27.071549105586222,956,0.024898550325756011,-5.3242762846142377e-12,0.0032415112474303682,4.0327790198076061e-06,1.0441881048720128e-07,0.50010944766967769
27.184817502648251,960,0.025341875460570908,-4.9697946495966261e-12,0.0032992271944220506,4.178617702945405e-06,1.0816563646743685e-07,0.50010945292834297
27.298085853422801,964,0.025793341052258674,-4.4820880947676889e-12,0.0033580029373523478,4.3298824843162569e-06,1.1205333010527298e-07,0.50010945837561271
27.411354156946945,968,0.026253173378456687,-3.7273866718839921e-12,0.0034178679350249652,4.4867666024381572e-06,1.1608257693039633e-07,0.5001094640155066
27.52462241160767,972,0.026721595035662377,-2.7172062343205905e-12,0.0034788511670005846,4.6494686436700403e-06,1.2026688716408345e-07,0.50010946985063931
27.637890615863551,976,0.027198852415024566,-1.7993790051712422e-12,0.0035409847106359087,4.8181927580576364e-06,1.2461576038019927e-07,0.50010947588356069
27.751158768001712,980,0.027685198933145416,-1.0796696653034288e-12,0.003604301557922658,4.9931494461782773e-06,1.2912977371904419e-07,0.50010948211898665
27.864426866284411,984,0.028180874352806563,-4.3927708692770295e-13,0.0036688329232786687,5.1745553994159051e-06,1.3381362436490714e-07,0.5001094885641576
27.977694909455209,988,0.02868610940164338,2.6842644860330944e-13,0.0037346088448473409,5.3626345916096553e-06,1.3867507566629316e-07,0.50010949522850212
28.090962895906049,992,0.029201126361325602,9.5138025062169174e-13,0.0038016582612023322,5.557618124969508e-06,1.4372254180760216e-07,0.5001095021230364
28.204230824092274,996,0.029726129734280141,1.5794585691425445e-12,0.0038700077962598254,5.7597459044488467e-06,1.4896373975274816e-07,0.50010950925846742
28.317498692684328,1000,0.030261293208892589,2.0754476696277502e-12,0.0039396800622943538,5.9692688857798686e-06,1.5440342650229919e-07,0.50010951664383274
28.430766499842793,1004,0.030806766441560621,2.3414365064866605e-12,0.0040106945428858834,6.1864451650722324e-06,1.6005139212490994e-07,0.50010952428830724
28.544034244268168,1008,0.031362685300106871,2.3757499873627852e-12,0.0040830689264969751,6.4115435201522286e-06,1.6591655025491215e-07,0.50010953220343068
28.65730192454452,1012,0.03192915097419094,2.3109478740346301e-12,0.0041568163868833446,6.6448450838053645e-06,1.7200238245234015e-07,0.50010954040216937
28.770569538136787,1016,0.032506224127494959,2.289487176232452e-12,0.0042319448217741935,6.8866417773447285e-06,1.7831252353604513e-07,0.50010954889654402
28.88383708135018,1020,0.033093957338002432,2.1369893701828069e-12,0.0043084610762316906,7.1372383750758256e-06,1.8485734604691153e-07,0.5001095576971567
28.997104549570423,1024,0.033692408977245486,1.7309393935543982e-12,0.0043863727495728816,7.3969511982964809e-06,1.9164973529929138e-07,0.50010956681396246
29.110371937837503,1028,0.034301621716671331,1.2507950404583301e-12,0.0044656853971403168,7.6661094676736537e-06,1.9869834869013874e-07,0.50010957625545882
29.223639242544504,1032,0.034921617023833451,9.0085447781995676e-13,0.0045464018137680402,7.9450556026251578e-06,2.0600927529215574e-07,0.5001095860252216
29.336906463676637,1036,0.035552423687563312,6.6373859533563895e-13,0.0046285257474381536,8.2341452927841069e-06,2.1358800547272518e-07,0.50010959611615069
29.450173605841055,1040,0.036194101149155417,4.424672434000243e-13,0.0047120649367387345,8.5337482117135192e-06,2.214397144902245e-07,0.50010960650211389
29.563440674084195,1044,0.036846731929749375,1.8657232876695407e-13,0.0047970301249941416,8.8442485169579792e-06,2.2957281341779873e-07,0.50010961712563207
29.676707672681552,1048,0.037510411216004638,1.1688133100262732e-14,0.0048834337044369805,9.1660450907358564e-06,2.3800077348207688e-07,0.50010962787851609
29.789974605517145,1052,0.038185258402666011,-1.4001191699086757e-13,0.0049712912189203325,9.4995518054910047e-06,2.4673624969257024e-07,0.50010963856848967
29.903241473468778,1056,0.038871429489409248,-3.7422755866378665e-13,0.0050606229778476343,9.8451977103603936e-06,2.5578988402435028e-07,0.50010964886000742
30.016508274471967,1060,0.039569118470677692,-6.6241348344042716e-13,0.0051514542371137789,1.0203427333167035e-05,2.6516754452923367e-07,0.50010965817227593
30.129775004739926,1064,0.040278555893935267,-9.0456938814376109e-13,0.0052438150114058708,1.0574701168254115e-05,2.7487306661147952e-07,0.50010966551082903
30.243041659773535,1068,0.041000009400207885,-1.1182539269571912e-12,0.0053377401445756376,1.0959496101928064e-05,2.8492564065513299e-07,0.50010966920205735
30.356308235982869,1072,0.041733775293079881,-1.3952059993438404e-12,0.0054332682120175778,1.1358305918396525e-05,2.953481420537536e-07,0.50010966649902644
30.469574731042762,1076,0.042480172551362466,-1.6678932540648006e-12,0.0055304407411857284,1.1771641792718204e-05,3.0615765157946571e-07,0.50010965304210397
30.582841143178499,1080,0.04323954803894256,-1.8504388559631435e-12,0.0056293028898573919,1.2200032079635818e-05,3.1738233684030883e-07,0.50010962221095079
30.696107470029197,1084,0.044012285043632214,-1.9159164272447571e-12,0.0057299045577953074,1.2644021814531341e-05,3.2910087350542646e-07,0.50010956454531874
30.809373708496157,1088,0.044798797863725551,-1.7482545359298607e-12,0.0058322996819782378,1.3104172215880532e-05,3.4153550656624404e-07,0.50010946770918974
30.92263985602602,1092,0.04559951017558634,-1.3584649898035206e-12,0.0059365434203041516,1.3581058524311961e-05,3.5497366003092432e-07,0.50010931790759461
31.035905910039155,1096,0.046414838575975226,-8.9755720217299384e-13,0.0060426900089863081,1.4075266018396981e-05,3.6941728371930231e-07,0.50010910387824792
31.149171868852569,1100,0.047245196024004399,-2.954119154158219e-13,0.0061507932106570429,1.4587388013024581e-05,3.8454970175881199e-07,0.50010882375946364
31.262437730958919,1104,0.048090999966294512,4.3735479647588615e-13,0.0062609073721718294,1.5118013482777203e-05,3.9990034144812309e-07,0.50010849281049996
31.375703493562749,1108,0.04895266280954428,1.1713009034908239e-12,0.0063730861842449839,1.5667711605654577e-05,4.1468930772672832e-07,0.50010814748907662
31.488969153790933,1112,0.049830573782229673,1.7221935683098266e-12,0.0064873803200468771,1.6237116650961687e-05,4.28351748552874e-07,0.50010784146136222
31.602234708424994,1116,0.05072509544580299,2.1156789428017353e-12,0.0066038369810012933,1.6827090528591568e-05,4.4101681772740723e-07,0.50010763262513735
31.715500154798647,1120,0.051636572994595051,2.5080163640334163e-12,0.0067225011075281059,1.7438656081989516e-05,4.5328273513998714e-07,0.50010756518143706
31.828765490774739,1124,0.052565339309098395,2.9761735610700502e-12,0.0068434160369239255,1.8072681517177842e-05,4.7260762762904549e-07,0.50010765445904393
31.942030713566474,1128,0.053511705736404604,3.4408279177278178e-12,0.0069666223030787171,1.8729804200187827e-05,4.9226784147236736e-07,0.50010788204757406
32.055295819726204,1132,0.054475950304453416,3.7891760042152445e-12,0.0070921561021035787,1.941072645067471e-05,5.1071796931532718e-07,0.50010820368182551
32.168560806242773,1136,0.055458318474450249,3.9560800382115735e-12,0.0072200493902870398,2.0116410680858185e-05,5.283262070924353e-07,0.50010856533905612
32.281825669375202,1140,0.05645903952470635,3.9046532934045031e-12,0.0073503320170867983,2.0847935824544158e-05,5.458974789752443e-07,0.5001089194587135
32.39509040639895,1144,0.057478350593507928,3.7681004150247333e-12,0.0074830348552409011,2.1606285751880247e-05,5.6393158551498971e-07,0.50010923477010671
32.508355014478433,1148,0.058516495085262021,3.7010052141017713e-12,0.0076181895932658592,2.2392305252925792e-05,5.8287906026623179e-07,0.50010949775538227
32.621619489576496,1152,0.059573688416614229,3.6988721547476233e-12,0.007755824275986388,2.3206780442517196e-05,6.0299476379220085e-07,0.50010970815749312
32.734883828192125,1156,0.060650098799311554,3.6149477508629069e-12,0.0078959608026802682,2.4050527791821812e-05,6.2425112790238417e-07,0.50010987276656427
32.848148026132222,1160,0.061745877890933221,3.1844665793201443e-12,0.0080386189174587955,2.4924446016312554e-05,6.4643937089981067e-07,0.50011000060590594
32.961412079290746,1164,0.062861211510359852,2.2253292958351878e-12,0.008183822811850542,2.5829535326487928e-05,6.6992339424753615e-07,0.5001101003787185
33.074675984544626,1168,0.063996322680819825,1.2581032136221859e-12,0.008331601520971758,2.6766900789508198e-05,6.9443232855974947e-07,0.50011017955306036
33.187939737557251,1172,0.065151441892884979,9.575983669213306e-13,0.0084819850521028386,2.7737747422728678e-05,7.1973959847763217e-07,0.50011024421201145
33.30120333201598,1176,0.066326789116212453,1.2597397083813355e-12,0.0086350020428194001,2.8743366793023369e-05,7.4594412250385489e-07,0.50011029914572558
33.414466759824784,1180,0.067522611564297258,1.7725439172000534e-12,0.0087906846775383726,2.978511992791723e-05,7.7311025697399852e-07,0.50011034799805643
33.527730012347043,1184,0.068739225005380655,1.9795710209935535e-12,0.0089490740657336889,3.0864426111932856e-05,8.0125071613092949e-07,0.50011039342847541
33.640993085037145,1188,0.069977019986674133,1.5441684389494448e-12,0.0091102210522602568,3.1982762351734088e-05,8.3039059318661088e-07,0.50011043728612414
33.754255976502392,1192,0.071236423548900071,5.6222648064929714e-13,0.0092741812330177,3.3141670959697375e-05,8.6053481815040356e-07,0.50011048079404685
33.867518690173661,1196,0.07251787660784749,-6.1104376766762947e-13,0.0094410120102832815,3.4342768814975967e-05,8.9174342928878028e-07,0.50011052473212736
33.980781231873713,1200,0.073821847706778326,-1.5842787151609805e-12,0.0096107743831205499,3.5587750461415196e-05,9.2410194721629457e-07,0.5001105695974295
34.094043603479946,1204,0.075148851602891711,-2.1207783792998036e-12,0.0097835353671279525,3.6878381345732182e-05,9.5765142589689591e-07,0.50011061572218873
34.207305803178514,1208,0.076499452877975604,-2.2002005252430568e-12,0.0099593684645050903,3.8216482513800225e-05,9.9244391646189816e-07,0.5001106633444653
34.320567825719756,1212,0.077874249805533161,-2.0017902266356025e-12,0.01013835156373399,3.9603910810641643e-05,1.0285213390181292e-06,0.50011071264298079
34.433829664862834,1216,0.079273860602378871,-1.7029372703647461e-12,0.010320565149691534,4.1042541467387194e-05,1.0659452705681649e-06,0.50011076375325425
34.547091312389426,1220,0.080698915470190563,-1.3631895091903434e-12,0.010506091267549028,4.2534257102852283e-05,1.10479719305138e-06,0.50011081677663949
34.660352763530199,1224,0.082150055902949881,-9.5329863794568759e-13,0.010695013432608752,4.4080944769233073e-05,1.1451152534507566e-06,0.50011087178706948
34.773614014390212,1228,0.083627931127043822,-4.2831146615518456e-13,0.010887416166845196,4.5684502023669209e-05,1.186908682990605e-06,0.50011092883853181
34.886875060005799,1232,0.085133191915613735,1.7204380281521381e-13,0.01108338419360288,4.7346848450755241e-05,1.2301997790065175e-06,0.50011098797611464
35.000135896916525,1236,0.086666479891348847,7.2170264556192798e-13,0.011283001044940356,4.9069940597009054e-05,1.2750389952434942e-06,0.50011104924997762
35.113396520296369,1240,0.088228417491791417,1.0942262720914364e-12,0.011486347755225798,5.0855789285075984e-05,1.3214780761538566e-06,0.50011111272656283
35.226656924903295,1244,0.089819603992530014,1.2512282876464553e-12,0.011693502343401482,5.2706478183545454e-05,1.3695635838229077e-06,0.50011117849071141
35.339917107199803,1248,0.091440616684141274,1.2384030433076898e-12,0.011904539966208372,5.4624185392860688e-05,1.4193660257840643e-06,0.50011124663855189
35.453177061566322,1252,0.093092012467555982,1.0975083689079845e-12,0.012119533125884841,5.6611203881876568e-05,1.4709549641529327e-06,0.50011131726808689
35.566436783405244,1256,0.094774326527081912,8.6199580459633829e-13,0.012338551497409167,5.8669959668773292e-05,1.5243879897735699e-06,0.50011139047467401
35.679696268825261,1260,0.096488069942084337,5.9642785502078688e-13,0.012561661617567194,6.0803023891086294e-05,1.5797394115822274e-06,0.50011146635256554
35.792955511858004,1264,0.098233731035718225,3.8627131007662463e-13,0.012788927060542096,6.3013119017164669e-05,1.6370750052494813e-06,0.50011154499879173
35.906214507344401,1268,0.10001177748326201,3.0462785072238319e-13,0.013020408712395728,6.5303121861017813e-05,1.6964806905054771e-06,0.5001116265157769
36.019473249538201,1272,0.10182265870326279,3.4430141029884176e-13,0.013256165082368834,6.7676064110734564e-05,1.7580644449378685e-06,0.50011171101155849
36.132731731287357,1276,0.10366680813411454,4.3061127580346081e-13,0.013496252599265936,7.0135130508437138e-05,1.8219021417997218e-06,0.50011179859863197
36.245989947374127,1280,0.10554464829150852,4.6659811431259968e-13,0.013740726269878489,7.2683652108581444e-05,1.8880631383381653e-06,0.50011188939309714
36.359247891999651,1284,0.10745659733513335,3.7238614969403727e-13,0.013989640533895403,7.532509527826778e-05,1.9566463457875796e-06,0.50011198351476438
36.472505557427944,1288,0.10940307394924498,1.4821737587267236e-13,0.014243049899298345,7.8063050180049895e-05,2.0277497957425641e-06,0.50011208108747129
36.585762937639117,1292,0.11138450088553964,-7.6222448491813921e-14,0.014501009403603967,8.0901220174555349e-05,2.1014604057248094e-06,0.50011218223894138
36.699020024331531,1296,0.1134013084173516,-1.6152877646558039e-13,0.014763575063561612,8.3843411468326307e-05,2.1778681251101848e-06,0.50011228709981814
36.812276810957627,1300,0.11545393840907849,-1.1129725613345798e-13,0.015030804404946715,8.6893524629187447e-05,2.2570858064761629e-06,0.50011239580198219
36.925533291734737,1304,0.1175428483885753,-4.8217940057382336e-14,0.015302756992740713,9.0055547738053052e-05,2.3392266676807136e-06,0.50011250847753319
37.038789459850456,1308,0.11966851545727972,-1.0987131343620504e-13,0.015579494940185391,9.3333552779038549e-05,2.4243849007707922e-06,0.500112625259444
37.152045306475415,1312,0.12183144173471241,-3.3002853921937358e-13,0.015861083617595584,9.6731696766657845e-05,2.5126929632891627e-06,0.50011274628352553
37.265300824283813,1316,0.124032159688171,-6.1543001597663682e-13,0.016147592346225405,0.00010025422655123513,2.6042422733060816e-06,0.50011287169138119
37.378556005164242,1320,0.126271235125645,-8.3507376361091623e-13,0.016439094787912105,0.00010390548618514266,2.6991650652136892e-06,0.50011300163360295
37.491810843499934,1324,0.12854926911419823,-9.0893265136671175e-13,0.016735669194827892,0.00010768992715573433,2.7975670412341973e-06,0.5001131362704605
37.605065333837175,1328,0.13086689856207187,-8.5055964008096119e-13,0.0170373984852632,0.00011161212235297476,2.8995794177441163e-06,0.5001132757680854
37.718319468500006,1332,0.13322479718253996,-7.7494694689095311e-13,0.017344370369109848,0.00011567678451761853,3.0053095420702609e-06,0.5001134202934624
37.831573238897718,1336,0.13562367783286938,-8.5060777865741954e-13,0.017656677652367305,0.00011988878568185059,3.1148897342565157e-06,0.50011357001391199
37.944826635652944,1340,0.13806429514211893,-1.1699981261603654e-12,0.017974418579252589,0.00012425317901537146,3.2284195570276594e-06,0.50011372510275909
38.058079650805951,1344,0.14054744801273572,-1.6616352391252143e-12,0.018297697157879995,0.00012877521985955789,3.3460364795542925e-06,0.50011388574695959
38.171332277612855,1348,0.1430739830903639,-2.1395142602020911e-12,0.018626623611991151,0.00013346038860417511,3.4678793874711766e-06,0.50011405215224769
38.284584508998087,1352,0.14564479607530478,-2.4577839763395559e-12,0.018961314551692393,0.00013831440807774047,3.5941017826708462e-06,0.50011422454365795
38.39783633424512,1356,0.14826081370390598,-2.6200517450059024e-12,0.019301890627634252,0.00014334325967413575,3.7248467275997469e-06,0.50011440315890754
38.511087743232146,1360,0.1509229612136736,-2.7645741598747442e-12,0.019648472295334958,0.00014855320752812825,3.860295408431634e-06,0.5001145882366228
38.624338724589947,1364,0.15363217387708877,-2.9946184421092426e-12,0.020001181316753634,0.00015395081854645043,4.0007430350360404e-06,0.5001147800100425
38.73758927054137,1368,0.15638944214314113,-3.2656655157836667e-12,0.020360146637210304,0.00015954296873904139,4.1463445738535299e-06,0.50011497871443478
38.850839373371848,1372,0.15919595683491247,-3.482178087543808e-12,0.020725523288478421,0.00016533683782228193,4.2971587123402543e-06,0.50011518459998039
38.964089024361641,1376,0.16205311730207644,-3.5616145449557379e-12,0.021097493450148636,0.00017133990605197694,4.4534231244443696e-06,0.5001153979347629
39.07733821121446,1380,0.16496201026566634,-3.1475985012852092e-12,0.021476198601078397,0.00017755995991576183,4.6153435366972987e-06,0.50011561899850299
39.190586921475102,1384,0.16792346438872841,-1.2865750131929587e-12,0.021861746623877319,0.00018400508370072327,4.7832577970715825e-06,0.50011584807911214
39.303835144432703,1388,0.17093782684827116,9.7956365241458343e-13,0.022254182717087619,0.00019068365331377979,4.9572198300875568e-06,0.50011608547984543
39.417082870982433,1392,0.17400583907922781,1.6895842364084146e-12,0.022653603407199543,0.00019760442410529262,5.137438889039399e-06,0.50011633153285473
39.530330091827096,1396,0.17712950350531653,3.5364593198305982e-13,0.023060269387262269,0.00020477665896160636,5.3242714567036326e-06,0.50011658660226888
39.643576794643373,1400,0.18031188394057979,-1.4804667908263625e-12,0.023474579531408985,0.00021221006203132111,5.5178732472963042e-06,0.50011685106660886
39.756822966805174,1404,0.18355456728780753,-1.5727289262579269e-12,0.02389674043653689,0.00021991450745707146,5.7185128693291159e-06,0.50011712529376617
39.870068594575315,1408,0.1868570655840176,-9.8906993706293633e-14,0.024326688575353264,0.00022789990325790916,5.9264796801739297e-06,0.50011740962784801
39.983313667986387,1412,0.19021940959201616,5.2712001430421651e-13,0.024764427952829508,0.00023617636471385839,6.1420653603383843e-06,0.50011770439125891
40.096558177550811,1416,0.19364288910637256,-1.5552004128949193e-12,0.025210126485713743,0.00024475443224664226,6.3655289668383726e-06,0.50011800989912503
40.209802112525018,1420,0.19712908973489807,-5.4815960798260122e-12,0.025663990602311507,0.00025364509594803428,6.5971059514613983e-06,0.50011832648653887
40.323045457198724,1424,0.20067903048436003,-9.0024723786719107e-12,0.026126152965844331,0.00026285972202807031,6.8370971145071403e-06,0.50011865453854443
40.436288197668624,1428,0.2042934990584469,-1.072713532584979e-11,0.026596716126474063,0.00027241003262953878,7.0858589422927716e-06,0.50011899450054409
40.549530318148591,1432,0.20797361774180401,-1.0210004716681986e-11,0.027075826193040498,0.00028230812850041245,7.3436510952551456e-06,0.50011934685838144
40.662771807544793,1436,0.21172073825924431,-7.5080887687595244e-12,0.027563659144913013,0.0002925665021559181,7.6108150164362892e-06,0.50011971210175998
40.776012654713909,1440,0.21553618227757715,-3.7569825722671979e-12,0.02806038704824693,0.0003031980385872544,7.8877364858397137e-06,0.50012009069459695
40.889252845377037,1444,0.21942124689201958,-2.3420501649162873e-13,0.028566178770252595,0.00031421602582921222,8.174780525919337e-06,0.50012048306836021
41.002492362578124,1448,0.22337703870376177,2.0456778632160777e-12,0.029081178377960315,0.00032563418931366348,8.4723162093435481e-06,0.50012088964004719
41.115731189375843,1452,0.22740458583265874,2.9879597060467056e-12,0.029605519721013145,0.00033746674931657767,8.780645022490119e-06,0.50012131084369948
41.228969309128139,1456,0.23150497301011214,3.6747133114189978e-12,0.030139344019240871,0.00034972847941029054,9.1001100002834513e-06,0.50012174715959357
41.342206708991903,1460,0.23567921712078785,4.0568087084080773e-12,0.030682783659591276,0.00036243474187528692,9.4311353420800064e-06,0.50012219912944555
41.455443375113333,1464,0.23992829720166742,3.9016498365462837e-12,0.031235966101669267,0.00037560149645459904,9.774165180875737e-06,0.50012266735369881
41.568679287349298,1468,0.24425332417993453,3.6375720144365964e-12,0.031799035975700857,0.00038924530659584147,1.0129672288262763e-05,0.50012315247403349
41.68191442923154,1472,0.24865549929969649,3.2852158493579253e-12,0.032372149670159826,0.00040338336753520355,1.0498116448772486e-05,0.50012365515001544
41.795148779835969,1476,0.25313609585142766,2.269146676114886e-12,0.032955472953146714,0.00041803355125701849,1.0879918513653032e-05,0.50012417604184156
41.908382322419719,1480,0.25769652835919077,6.9406806690874845e-13,0.033549189979786995,0.00043321445447311053,1.1275623642466e-05,0.50012471580888662
42.021615042361113,1484,0.26233828993213848,-1.3094299949889532e-12,0.034153495136101074,0.00044894543222875096,1.168578287120383e-05,0.50012527512438321
42.134846921983971,1488,0.26706283007439724,-3.8054594198033698e-12,0.034768577131225345,0.00046524661610095942,1.2110894355293375e-05,0.50012585469586768
42.248077939411885,1492,0.27187159050690962,-6.3106499192944199e-12,0.035394623661013168,0.0004821389273082622,1.2551518135658409e-05,0.50012645527646715
42.361308077121826,1496,0.27676608117717472,-8.2642885590455961e-12,0.036031831303648308,0.00049964409514135317,1.300819441557663e-05,0.50012707766019016
42.474537311177329,1500,0.28174783386090368,-9.612560747385146e-12,0.036680399479102253,0.0005177846747275377,1.3481496115149306e-05,0.50012772266956729
42.587765624183625,1504,0.28681836427841062,-1.0434977534834466e-11,0.037340525517114365,0.00053658406480063957,1.3972093999819965e-05,0.50012839114971241
42.700992999303374,1508,0.29197923504441825,-1.0605086253612228e-11,0.038012412852548638,0.00055606651892392773,1.4480715748873546e-05,0.50012908397109035
42.814219412084093,1512,0.29723209035967346,-1.0200840172558401e-11,0.038696275541851899,0.00057625716081810888,1.5008000386911971e-05,0.50012980203240942
42.927444842332193,1516,0.30257862849186268,-9.4701364805604982e-12,0.039392334680378491,0.00059718200848631639,1.5554575748079252e-05,0.5001305462594654
43.040669268757988,1520,0.30802059118545677,-8.2570478232568689e-12,0.040100817023671145,0.00061886799539794608,1.6121102356746038e-05,0.50013131760380791
43.153892665503292,1524,0.31355978860736089,-6.4766352003697847e-12,0.040821958235104081,0.00064134298909119874,1.6708311526837916e-05,0.50013211704420113
43.267115013986377,1528,0.31919811151273453,-4.5482211746827872e-12,0.041556004469735931,0.00066463581119853934,1.731693679764811e-05,0.50013294558976717
43.38033629268056,1532,0.32493751060882714,-2.8762825454720087e-12,0.042303209687713256,0.00068877625401698398,1.7947743066163287e-05,0.50013380428455545
43.493556473533282,1536,0.33077999000652936,-1.1835879498711677e-12,0.04306383480173611,0.00071379510582517407,1.8601589103344052e-05,0.50013469421335532
43.60677553666256,1540,0.3367276035540086,5.6210765209119273e-13,0.043838147199738657,0.00073972418845447228,1.927932624337107e-05,0.50013561650468341
43.719993455216773,1544,0.34278243754207033,1.8820119074280939e-12,0.044626418493321683,0.00076659639026989,1.9981799852184279e-05,0.500136572328714
43.833210202497455,1548,0.34894659316705368,2.5431549227628025e-12,0.045428922234618835,0.00079444570540618893,2.0709934265379443e-05,0.50013756289495415
43.946425757327312,1552,0.35522218700223573,2.9628643288814871e-12,0.046245933977668165,0.00082330727856639186,2.1464691140367213e-05,0.50013858945305556
44.059640089673721,1556,0.36161134986521754,3.3523461784312758e-12,0.047077731130958499,0.00085321745528966879,2.2247012932308482e-05,0.50013965329482979
44.172853171552802,1560,0.36811621356110891,3.3688867667747147e-12,0.047924591231541205,0.00088421383878550721,2.3057831981345094e-05,0.50014075575594652
44.286064979853201,1564,0.37473889962136853,2.9451580063621918e-12,0.048786790478953818,0.00091633534544012887,2.3898141994200978e-05,0.50014189821843102
44.399275480879481,1568,0.38148151841455308,2.4194760778195601e-12,0.049664603619449556,0.00094962226182836998,2.4769009304498028e-05,0.50014308211389669
44.512484646757962,1572,0.38834616827598856,1.8946788582496765e-12,0.050558303832690339,0.00098411632265465294,2.5671515421849297e-05,0.50014430892642836
44.625692451242514,1576,0.39533494182823758,1.1429988899802623e-12,0.051468163554600523,0.0010198607831677442,2.660680033515476e-05,0.50014558019460609
44.738898857315583,1580,0.40244994072554241,1.2924904202460397e-13,0.052394456396927594,0.0010569004893112549,2.7576073293117118e-05,0.50014689751397046
44.852103837426931,1584,0.40969328368391988,-9.220558344624763e-13,0.053337458192670224,0.0010952819643317612,2.8580548235798668e-05,0.50014826253953082
44.965307361871716,1588,0.41706710832477328,-1.8052295769344084e-12,0.05429744723609578,0.0011350534872149466,2.9621477386486434e-05,0.50014967698621426
45.078509391387115,1592,0.42457358069268991,-2.4835966616620908e-12,0.055274705521850542,0.0011762651709783091,3.0700292733188371e-05,0.50015114262839266
45.191709897135823,1596,0.43221491350995112,-2.9656936628708053e-12,0.056269521121491639,0.0012189690523773773,3.181846153296152e-05,0.50015266129905189
45.304908844625665,1600,0.43999337311080627,-3.2436900387899925e-12,0.057282189086251517,0.0012632191717410028,3.2977300452578249e-05,0.5001542348849306
45.418106189454861,1604,0.44791128239500128,-3.3019073586437742e-12,0.058313011831554143,0.0013090716536912086,3.4178268660692845e-05,0.50015586531545198
45.531301898296398,1608,0.45597103201675576,-3.1566416147654763e-12,0.05936230059369401,0.0013565847975381018,3.5422883819162327e-05,0.50015755454433519
45.644495929109787,1612,0.46417509373301047,-2.8429324866463546e-12,0.060430377167627843,0.0014058191507924154,3.6712792261545434e-05,0.50015930451737145
45.757688241941423,1616,0.47252602129952653,-2.4169867496315334e-12,0.061517574023636619,0.0014568375957658764,3.8049656323181154e-05,0.50016111711333289
45.870878808305733,1620,0.48102644207123552,-1.9386610372595925e-12,0.062624233213785616,0.0015097054325837313,3.9435254730818854e-05,0.50016299404172404
45.984067592432069,1624,0.48967905813707968,-1.4463708009060383e-12,0.063750706519667896,0.0015644904415347311,4.0871480649637071e-05,0.50016493668405471
46.09725455682792,1628,0.49848665724328722,-9.4627777835754046e-13,0.064897356874491816,0.0016212629521577091,4.236014499691774e-05,0.50016694585643073
46.210439670809926,1632,0.50745211477880003,-4.4225734185943111e-13,0.066064558621561478,0.0016800959222174803,4.3903054105122749e-05,0.50016902144268094
46.323622887479615,1636,0.51657837719774369,1.8542459234716091e-14,0.067252695356068676,0.0017410650139884,4.5502137380968552e-05,0.50017116183274979
46.436804171249563,1640,0.52586844653056763,3.488910549354074e-13,0.068462157908617594,0.0018042486963582298,4.7159933211918562e-05,0.50017336317066241
46.549983485267482,1644,0.53532537481604359,4.9863932427562929e-13,0.069693343620333609,0.001869728291398223,4.8880272468924701e-05,0.5001756186573405
46.663160774747389,1648,0.54495227091492882,5.0201856560683211e-13,0.070946657229925547,0.001937587960508678,5.0668096761506485e-05,0.50017791860811456
46.776335993061579,1652,0.55475230810777654,4.6194992275871982e-13,0.072222511862835279,0.0020079147047620777,5.2527778277989649e-05,0.50018025237454578
46.889509091468923,1656,0.56472871601906405,4.9444823235766933e-13,0.073521327979849907,0.002080798448515284,5.446095995485455e-05,0.50018261299010158
47.002680016686952,1660,0.57488476820633305,6.5979166574692272e-13,0.074843531761347476,0.0021563323068378619,5.6465855153266615e-05,0.50018500400846777
47.11584872970635,1664,0.58522377735323616,9.3239652110277405e-13,0.076189554481485677,0.00223461294472502,5.8538203550629207e-05,0.50018744593707942
47.229015188367804,1668,0.59574909401388032,1.2398450321970955e-12,0.077559832344729449,0.0023157407481690434,6.0673196322990674e-05,0.50018997844205515
47.342179331727813,1672,0.60646410540746698,1.4994810948465442e-12,0.078954806328926694,0.0023998196915148307,6.2869019764856849e-05,0.50019265545296121
47.455341112510858,1676,0.61737223588364443,1.6458986951128907e-12,0.080374922245891975,0.0024869570857584235,6.5129668284956093e-05,0.50019553330480027
47.56850046875946,1680,0.62847694599376824,1.6411871861521377e-12,0.081820630620494994,0.0025772634838556211,6.7464237755944113e-05,0.50019865564044408
47.681657349173207,1684,0.63978174525985909,1.4937912018453403e-12,0.083292388353035332,0.0026708531078532072,6.9884550364914582e-05,0.50020204107871247
47.794811709126407,1688,0.65129020182123032,1.2716841468751738e-12,0.084790659975124874,0.0027678445247150806,7.2402234413877905e-05,0.50020567906606084
47.907963498184685,1692,0.66300594151966186,1.0412434803264148e-12,0.08631591753058776,0.0028683608753112154,7.5028436318652392e-05,0.50020953567494453
48.021112646645413,1696,0.67493263769581657,7.8972592354453752e-13,0.087868639247068517,0.0029725293385816742,7.7770513738195169e-05,0.5002135663749282
48.134259097489455,1700,0.68707400957663056,4.199834924278889e-13,0.089449309326088397,0.0030804805069795838,8.0628300973244633e-05,0.50021772998214131
48.247402777954058,1704,0.69943382813341315,-1.3461801118275218e-13,0.091058418705704164,0.0031923484444562828,8.3596119600368987e-05,0.50022199849311644
48.360543635588783,1708,0.7120159362021925,-8.2698084491461543e-13,0.092696467679950795,0.0033082716811967281,8.6668965425950193e-05,0.50022636038066615
48.47368161785122,1712,0.72482425419438867,-1.5034258560309155e-12,0.094363966642306868,0.0034283944031180697,8.9846917347481106e-05,0.50023081815127879
48.586816658651962,1716,0.73786277485948837,-1.9895370073630403e-12,0.096061435403853757,0.0035528672100511487,9.313451354461858e-05,0.50023538299259207
48.699948677428758,1720,0.75113555738967874,-2.2307607150384712e-12,0.097789402425765226,0.0036818472439077822,9.6538639764947876e-05,0.50024006953637035
48.813077596660172,1724,0.76464673572957687,-2.3603063947774672e-12,0.099548405901140752,0.003815497915999601,0.00010006552346960968,0.5002448925147871
48.926203344090624,1728,0.77840053073264093,-2.5627833188934801e-12,0.10133899533763359,0.0039539885213065997,0.00010372071797419429,0.50024986545621863
49.03932586638151,1732,0.79240125340731893,-2.873715154727563e-12,0.10316173198006275,0.0040974940009543773,0.00010750928983763359,0.5002550005889046
49.152445111921196,1736,0.80665329183791001,-3.1040725545494752e-12,0.10501718710765633,0.0042461949036418254,0.0001114359271118974,0.5002603090857477
49.265561011953572,1740,0.82116110037853884,-2.9650587540785978e-12,0.10690594062722843,0.0044002775806726768,0.00011550538246322143,0.5002658012541028
49.378673487033481,1744,0.83592920143838989,-2.3289148387561909e-12,0.1088285813055966,0.0045599345947460387,0.00011972280924089825,0.50027148666356247
49.491782447348037,1748,0.85096219156090092,-1.4123494040951812e-12,0.11078570756102446,0.0047253652188459141,0.00012409398415254655,0.50027737430027974
49.604887817737819,1752,0.8662647507745117,-7.0058542300799331e-13,0.11277792868058406,0.0048967759862024052,0.00012862493970586443,0.50028347277090524
49.717989530028426,1756,0.88184164182149738,-5.9888899395232897e-13,0.11480586471975859,0.0050743811488037169,0.0001333215124355015,0.50028979051164113
49.831087514871449,1760,0.89769770543858485,-1.1498892116268422e-12,0.11687014588803178,0.0052584030659659758,0.00013818919334843133,0.50029633596084755
49.944181675512581,1764,0.91383785191945899,-2.0609347561872937e-12,0.11897141145042106,0.0054490725150965948,0.00014323373039744946,0.50030311768037594
50.057271916325753,1768,0.93026706197288833,-2.9680494173511818e-12,0.12111030983919584,0.0056466290849697615,0.00014846155848899614,0.50031014443856769
50.170358132399166,1772,0.94699039051719436,-3.6984408591234086e-12,0.1232874991478748,0.0058513215237851138,0.00015387966272798826,0.50031742526235501
50.283440248541467,1776,0.96401298367303556,-4.287577237693796e-12,0.12550364934349528,0.0060634081930141769,0.00015949558341600331,0.50032496947344851
50.396518190275131,1780,0.98134008252894278,-4.7752218845786842e-12,0.12775944275684356,0.0062831573992964788,0.00016531660917651383,0.50033278670821713
50.509591878879654,1784,0.99897702440894154,-5.0864382150628273e-12,0.13005557424748512,0.0065108477440887647,0.00017135028999841067,0.50034088693255163
50.622661200482391,1788,1.0169292381101744,-5.1311593862735094e-12,0.13239275058375652,0.0067467683731342529,0.00017760438926356752,0.50034928045255789
50.735726045617632,1792,1.0352022544667061,-4.9500126220181073e-12,0.13477169181805418,0.0069912193036510382,0.00018408651216719743,0.50035797793014825
50.848786299440427,1796,1.0538017138653117,-4.7009895975946847e-12,0.13719313226530538,0.0072445116052146921,0.00019080481958012299,0.50036699039574717
50.961841878215651,1800,1.0727333793651384,-4.5294670791840019e-12,0.13965782221100059,0.0075069676494667571,0.00019776825895874469,0.50037632926493958
51.074892697194151,1804,1.092003133557208,-4.5052434005654618e-12,0.1421665275023363,0.0077789212133573295,0.00020498601380159032,0.5003860063492227
51.187938660784418,1808,1.1116169757771603,-4.6700213141015467e-12,0.14472002918534521,0.008060717648834273,0.00021246765151807645,0.50039603386640652
51.30097963968683,1812,1.131581018486048,-5.0908721682674241e-12,0.14731912303371666,0.0083527140422979453,0.00022022304168769409,0.50040642444770156
51.414015510943756,1816,1.1519014972671746,-5.815570247591495e-12,0.14996462085027246,0.0086552795861185947,0.00022826260015879654,0.50041719115091399
51.527046152562654,1820,1.1725847742206981,-6.7657199287474157e-12,0.15265735090890603,0.008968795907415136,0.00023659682279789741,0.50042834747442022
51.640071470380164,1824,1.1936373460849572,-7.7315931434895901e-12,0.1553981590118878,0.009293657574225957,0.00024523620420546517,0.50043990738050259
51.753091368676678,1828,1.215065838899952,-8.4901460861708244e-12,0.15818790779511049,0.0096302725287715652,0.00025419148666088766,0.50045188531706997
51.866105726841283,1832,1.236877001490774,-8.921224869951061e-12,0.16102747587970478,0.0099790625919629165,0.00026347397518680963,0.50046429623981703
51.979114404049007,1836,1.259077704494481,-9.0143795206110156e-12,0.16391775774534961,0.010340464095300768,0.00027309575918248868,0.50047715563644812
52.092117256076975,1840,1.2816749420099969,-8.799086459454486e-12,0.16685966394507035,0.010714928598143233,0.00028308095719293939,0.50049047955290982
52.205114151123311,1844,1.3046758335979241,-8.3360679470345644e-12,0.16985412136559203,0.011102923647431083,0.00029343544014943864,0.50050428462173602
52.318104981619115,1848,1.3280876271095035,-7.7425496569638597e-12,0.17290207359563808,0.01150493356244843,0.0003041703493450887,0.50051858809120686
52.431089637626137,1852,1.3519176946004574,-7.1961187009250693e-12,0.17600448039395863,0.011921460107122896,0.00031529924358011886,0.50053340784824085
52.544067965178925,1856,1.3761735234120049,-6.8149375032078296e-12,0.17916231652817902,0.012353023094286455,0.00032683604226349712,0.50054876243576329
52.657039816837369,1860,1.4008627253277504,-6.5614666477920025e-12,0.18237657296692364,0.012800161310761636,0.00033879545962252453,0.50056467107868752
52.770005024803325,1864,1.4259930281608528,-6.3174743214489126e-12,0.1856482557845601,0.013263433123903663,0.0003511929438153186,0.50058115369668399
52.882963444429691,1868,1.45157228270378,-6.0084090480749808e-12,0.188978387065979,0.013743417351034019,0.00036404457956768985,0.50059823092815858
52.995914953579181,1872,1.4776084621158809,-5.6751686683398361e-12,0.19236800482686273,0.014240713961031643,0.00037736747896488488,0.50061592415487688
53.108859425324574,1876,1.5041096555042697,-5.4698953699805486e-12,0.19581816217798881,0.014755944619091847,0.00039117878292318727,0.50063425552516205
53.221796675986475,1880,1.5310840548366258,-5.5141377575118611e-12,0.19932992562142357,0.015289753070001307,0.00040549620122116384,0.50065324797052402
53.334726549466573,1884,1.5585399754028888,-5.7742213788181118e-12,0.20290437771440475,0.015842806145856682,0.00042033803861622076,0.50067292524305718
53.44764885286758,1888,1.5864858427532398,-6.0721219719006569e-12,0.20654261536881363,0.016415794102366245,0.0004357235778809369,0.50069331192849564
53.560563425580462,1892,1.6149302104817718,-6.2260682720527427e-12,0.21024575216640878,0.017009431621403399,0.00045167305007470148,0.50071443348350997
53.673470129294252,1896,1.6438817564072847,-6.1957730612682838e-12,0.21401491786160864,0.017624458485048036,0.00046820748070252119,0.50073631626221138
53.786368816499227,1900,1.6733492727786625,-6.1043739507660177e-12,0.21785125710634173,0.018261640151723733,0.00048534864930241622,0.50075898753994585
53.899259273496789,1904,1.7033416551815836,-6.132851171347653e-12,0.22175592800582511,0.018921768182726111,0.00050311878467186166,0.50078247553337663
54.012141332149881,1908,1.7338679458330735,-6.3960642338045659e-12,0.22573010775502816,0.019605661698280614,0.00052154044827824311,0.50080680946072953
54.125014772818488,1912,1.7649373235274068,-6.8996752755623447e-12,0.2297749913297423,0.020314167711054508,0.00054063719521444851,0.50083201956267243
54.237879415792001,1916,1.7965591278600346,-7.5546929823033793e-12,0.23389179464026366,0.021048162667836982,0.0005604337066674272,0.50085813715564564
54.350735104089871,1920,1.8287428353948534,-8.216649582948321e-12,0.23808175142863974,0.021808553472906063,0.00058095555966007596,0.50088519465180104
54.463581665959431,1924,1.8614980289291683,-8.7598678311096023e-12,0.24234610926731306,0.022596278421172022,0.00060222948434609906,0.50091322557418938
54.576418858863114,1928,1.8948344082027213,-9.1780333333346675e-12,0.24668613095331643,0.023412307983128922,0.00062428277811658677,0.50094226458823643
54.689246495953903,1932,1.9287619093135788,-9.6029989515855618e-12,0.25110311005487829,0.024257646837045052,0.0006471441966461012,0.50097234759716069
54.802064327890328,1936,1.9632907303386791,-1.0270534422929245e-11,0.25559837424693016,0.025133334183592666,0.00067084299171139665,0.50100351176115832
54.914872149037265,1940,1.9984313732053756,-1.1272177635746061e-11,0.26017329076231055,0.026040445914880285,0.00069540908122840499,0.5010357955583995
55.027669779754916,1944,2.0341944879151166,-1.2175815911064092e-11,0.26482924611143982,0.026980096049517052,0.00072087323352187005,0.50106923882433907
55.14045702273841,1948,2.0705905860865754,-1.2377043834277401e-11,0.26956760878885733,0.027953437861694814,0.00074726818124614303,0.50110388279576434
55.253233601777815,1952,2.1076299807571983,-1.1697739998872692e-11,0.27438972143605983,0.028961664750276835,0.00077462905077345303,0.50113977014051325
55.365999306268421,1956,2.1453231890526521,-1.0533074412677479e-11,0.27929695326453535,0.030006012990261326,0.00080299058616535536,0.50117694504072985
55.478753855324427,1960,2.1836810893514351,-9.7505059581948217e-12,0.28429072051682786,0.031087761941556706,0.00083242249506683679,0.50121545318939609
55.591497010105883,1964,2.2227153534876836,-9.7366281703870072e-12,0.28937254273448243,0.03220823631215998,0.00086293545097854835,0.50125534187068399
55.704228565654631,1968,2.2624389148367898,-9.9687896826239353e-12,0.29454410369752854,0.033368807453373062,0.00089456527563898261,0.50129666000377904
55.816948301168132,1972,2.3028650659529157,-9.9487917903928746e-12,0.29980713394703212,0.034570894501808135,0.00092735234065661619,0.50133945817746062
55.929655903184411,1976,2.3440063842933356,-9.7129804199624914e-12,0.30516327092648637,0.035815965276824485,0.00096133854704363527,0.50138378868568845
56.042351132450179,1980,2.3858745583359946,-9.7261088072286839e-12,0.31061403634427304,0.037105539727106382,0.00099656784063881449,0.50142970567059109
56.155033677743837,1984,2.4284809840016468,-1.0629830349273561e-11,0.31616091382111761,0.038441189851650043,0.0010330854736565348,0.50147726514774504
56.267703256634242,1988,2.4718375783139237,-1.2634518431475783e-11,0.32180545481948009,0.039824542288828979,0.0010709387083528081,0.50152652511585749
56.380359636231283,1992,2.5159570072540229,-1.5149992371732424e-11,0.32754930830767287,0.041257280112498698,0.0011101762243037573,0.50157754561731649
56.493002573673365,1996,2.560852457277806,-1.7093271242885066e-11,0.33339419101395634,0.042741143645404683,0.0011508482700007664,0.50163038874704713
56.605631720669372,2000,2.6065373547341473,-1.746833233617906e-11,0.33934185089796354,0.044277930738804011,0.0011930074305233919,0.50168511863996135
56.718246791212557,2004,2.6530253543026272,-1.5831558286549807e-11,0.34539406564541753,0.045869500747652392,0.0012367085986613963,0.50174180160410198
56.830847458278512,2008,2.7003303096631064,-1.2670392512958983e-11,0.35155263884963994,0.047517775130530029,0.0012820078030154633,0.50180050615595895
56.943433376111479,2012,2.7484662876526871,-9.038728099319826e-12,0.35781940185462824,0.049224739739335388,0.0013289631705671499,0.50186130313292177
57.056004281266972,2016,2.7974475475860245,-6.026346088816581e-12,0.36419621106279254,0.050992448400917996,0.0013776344492344866,0.5019242658541555
57.168559906030339,2020,2.8472884225358772,-4.3241799030369066e-12,0.37068493247901874,0.052823023684931705,0.001428083314776107,0.50198947017069662
57.281099885965652,2024,2.8980032564693983,-4.0766695574845357e-12,0.37728743352652017,0.054718657307943203,0.0014803741535816825,0.50205699448584684
57.393623861853762,2028,2.9496064825922126,-4.9901471843583067e-12,0.38400559324635586,0.056681613793490113,0.0015345737715097704,0.50212691987472868
57.506131499859102,2032,3.0021126911793052,-6.5849270480811128e-12,0.39084131112824894,0.058714233213540065,0.0015907518733091278,0.50219933016084428
57.618622379456717,2036,3.0555366281288401,-8.4476453610093927e-12,0.3977965069223105,0.060818931690888992,0.001648980304455221,0.50227431191288097
57.731096194925847,2040,3.1098933289203026,-1.0363238045485446e-11,0.40487313807888298,0.062998207732095135,0.0017093329011157842,0.50235195465970461
57.843552642520514,2044,3.1651980988475121,-1.2272363680843057e-11,0.41207319717510088,0.065254642953306047,0.0017718860156184831,0.50243235093041294
57.955991373255991,2048,3.2214665001685789,-1.4189469044190162e-11,0.41939871024195957,0.06759090370881457,0.0018367184540712951,0.50251559632903975
58.068411929872084,2052,3.2787142989942981,-1.6115275780492766e-11,0.42685172984978142,0.070009742202181952,0.0019039115015529061,0.50260178957497659
58.180813962990868,2056,3.3369575385317649,-1.7982615396761048e-11,0.43443434464371111,0.072514003719048217,0.0019735491014983928,0.50269103276036997
58.293196987055886,2060,3.396212389872594,-1.9628076941557993e-11,0.44214865991801933,0.075106624170952568,0.0020457810867687215,0.50278343125847791
58.405560627429679,2064,3.4564952713064647,-2.0807244816012371e-11,0.449996813149385,0.077790638503687684,0.0021207129771430261,0.50287909401729014
58.517904539865626,2068,3.5178228124098769,-2.1318391496549793e-11,0.457980969321655,0.080569182144571164,0.002198373661329237,0.50297813360730392
58.630228374751219,2072,3.5802118475711682,-2.1097179558893231e-11,0.46610332008287397,0.083445493274814223,0.0022788611403977295,0.50308066630273252
58.742531645072582,2076,3.6436793557734863,-2.0244472764829879e-11,0.47436607590570506,0.086422912348933595,0.0023622760402758161,0.50318681206794602
58.854813900985398,2080,3.708242570590552,-1.8942958313061808e-11,0.48277148040764073,0.089504889431352042,0.002448722719409927,0.50329669482399397
58.967074661854006,2084,3.7739189524281329,-1.7401885488155244e-11,0.49132180673715514,0.092694985488593257,0.0025383089031709842,0.5034104424995689
59.079313420700537,2088,3.8407261965991752,-1.5847018142167713e-11,0.50001935862499525,0.095996875471552265,0.0026311456321190525,0.50352818714512904
59.191529789054321,2092,3.9086823271456108,-1.4446749352359234e-11,0.50886648259872513,0.099414355794380738,0.002727348677350127,0.50365006520478517
59.303723372223864,2096,3.9778056281783005,-1.3362866368993309e-11,0.51786555904395892,0.10295134412726858,0.0028270376108744414,0.50377621752090029
59.415893755425031,2100,4.0481146309906739,-1.2702450202795035e-11,0.52701900052670125,0.10661188209710745,0.0029303358585559438,0.50390678945144662
59.528040350864792,2104,4.11962800754028,-1.2499945523103406e-11,0.53632923792584319,0.11040013309074709,0.00303737147191457,0.50404193080334248
59.640162671803417,2108,4.192364730451736,-1.2748219146985207e-11,0.54579874126374694,0.11432039414816278,0.0031482770074546152,0.50418179626073834
59.752260093215739,2112,4.2663439077509366,-1.343594679958926e-11,0.55542999819049821,0.11837709094666918,0.0032631893285248168,0.50432654521287845
59.864332130853683,2116,4.3415849534648538,-1.4522383295911823e-11,0.565225536194082,0.1225747907956245,0.0033823206830457548,0.50447634222619053
59.976378340887081,2120,4.4181075193075596,-1.5917211992899638e-11,0.57518791370667033,0.12691820284637503,0.0035061205017655824,0.50463135706120954
60.088398272505486,2124,4.4959314580851997,-1.7494006243623517e-11,0.5853197153403622,0.13141217975491232,0.0036344012995314064,0.50479176474229426
60.200391451839231,2128,4.575076806025872,-1.9108770121789576e-11,0.59562354958673169,0.13606172031212843,0.0037673211642558295,0.50495774566191753
60.312357202421943,2132,4.6555636421709439,-2.0641655051889529e-11,0.6061020305111593,0.14087196481329439,0.0039050430909408477,0.50512948542348368
60.424294947555154,2136,4.7374122883516554,-2.2008561639808022e-11,0.61675780378753653,0.14584821058853278,0.004047735206051309,0.50530717540371539
60.536203987456354,2140,4.8206431401421215,-2.3166191187584673e-11,0.62759352469024787,0.15099590568916363,0.0041955711000906115,0.50549101253972972
60.648083793825784,2144,4.9052768787198824,-2.4098750772694189e-11,0.63861188567603211,0.15632066557155233,0.0043487304674669413,0.50568119993771832
60.759933861944468,2148,4.9913343645990231,-2.4782842444892594e-11,0.64981560254922899,0.1618282705019799,0.0045073987599989537,0.50587794678601161
60.871753679334333,2152,5.0788366134995107,-2.5178220619537228e-11,0.66120741132023897,0.16752466763954335,0.0046717675080849399,0.50608146843163604
60.983542693090961,2156,5.1678047674503675,-2.523700692869113e-11,0.67279006444348111,0.17341597272407394,0.0048420349167042813,0.50629198644557705
61.095300132130092,2160,5.2582599412029802,-2.493227846400714e-11,0.68456631082213282,0.17950846336129661,0.0050184052338459522,0.50650972839037689
61.207025406618214,2164,5.3502235310379138,-2.4279245280922623e-11,0.69653893601130479,0.18580860334327309,0.0052010887986543141,0.50673492871037895
61.318717802168678,2168,5.4437169623571879,-2.3351820477301999e-11,0.70871072935739321,0.19232302957316527,0.0053903024142539545,0.50696782825981623
61.430376606624115,2172,5.5387617832633333,-2.2265328469828205e-11,0.72108449618102133,0.19905856189478877,0.005586269585026925,0.50720867459286967
61.542001248898224,2176,5.635379777221611,-2.1156798535315602e-11,0.73366307244439288,0.20602221531226911,0.0057897162129359895,0.50745772235934794
61.653591149127159,2180,5.7335928302890533,-2.014782785053626e-11,0.74644930746600646,0.21322119494447017,0.0060004619386229132,0.50771523309954936
61.765145704774703,2184,5.8334229070919035,-1.9340473667028846e-11,0.75944606079318844,0.22066289818087798,0.0062187227154542387,0.50798147526866377
61.876664064980737,2188,5.9348918308164018,-1.8807122525998921e-11,0.77265617355936722,0.22835490169039768,0.0064447539837578964,0.50825672366523922
61.988145523044267,2192,6.0380216196618468,-1.8583523608839414e-11,0.78608251228647863,0.23630498986001888,0.0066788178009517842,0.50854126017843759
62.099589458092304,2196,6.1428344321524069,-1.867339616268282e-11,0.79972796176517813,0.24452115456715759,0.0069211834523810155,0.508835373312435
62.210995097543872,2200,6.2493523344442838,-1.9057366795749431e-11,0.81359539476085085,0.25301157938440888,0.0071721332978119954,0.50913935689404344
62.322361607337356,2204,6.3575973684399507,-1.971006691192656e-11,0.82768768088131928,0.26178464575486871,0.0074319664656248433,0.50945350928795952
62.433688344275623,2208,6.4675917904246045,-2.060462911401828e-11,0.84200771764462556,0.27084895349403643,0.0077010015044282603,0.5097781337479268
62.544974658308377,2212,6.5793578774803212,-2.17194040530444e-11,0.85655840527633165,0.28021330716363824,0.0079795716240052706,0.51011353905612
62.656219791657001,2216,6.6929178112700516,-2.3010482408380994e-11,0.8713426315795022,0.2898867086159409,0.008268010164466948,0.51046004254714139
62.767422789085131,2220,6.8082935632994506,-2.4400981235572772e-11,0.88636325699708574,0.2998783497567401,0.0085666321402661574,0.51081797512710669
62.878582948175158,2224,6.9255073504873943,-2.5782764812021242e-11,0.90162317392207214,0.31019765669444427,0.0088757230765914939,0.51118768867925524
62.989699573373578,2228,7.044581388359755,-2.7049973372328395e-11,0.91712527456609771,0.32085427484565887,0.0091955417088731388,0.51156955982309904
63.100771846216581,2232,7.165537740386033,-2.8125501927434016e-11,0.93287243134476949,0.3318580592524164,0.009526356383703841,0.51196398919467545
63.211798765235358,2236,7.2883982196418104,-2.9005076118693296e-11,0.94886748407522181,0.3432190663912667,0.0098684663013535647,0.51237139512089502
63.322779592804444,2240,7.4131848522809571,-2.9731717088310461e-11,0.9651133003149861,0.35494759486696326,0.010223141484827242,0.51279220449457563
63.433713599056119,2244,7.5399195840184667,-3.0388691563132397e-11,0.9816127371493566,0.36705415520650048,0.010590134507747029,0.51322683963619609
63.544600046420946,2248,7.6686242482451945,-3.1066649253119749e-11,0.99836863704028811,0.37954946412325374,0.010969867430361513,0.51367570893268855
63.655438189614991,2252,7.7993205514140662,-3.1811997480701848e-11,1.0153838259238444,0.3924444446475801,0.011362865261532835,0.51413920399501623
63.766227080964647,2256,7.9320298158341487,-3.2616243039740311e-11,1.0326610797248783,0.40575020516370142,0.011769622414786815,0.51461770353659808
63.876965776650181,2260,8.0667731829607821,-3.3400615606637984e-11,1.0502031508231224,0.41947806424761391,0.012190580913329278,0.51511158400115509
63.987653497926431,2264,8.2035717800349239,-3.4063085685431815e-11,1.0680127897477558,0.4336395711852663,0.012626138514213778,0.51562123186512765
64.098289172533626,2268,8.342446119567315,-3.4532321446789638e-11,1.0860926669969966,0.44824644091011412,0.01307668322993517,0.51614705024586405
64.208871875166381,2272,8.4834166011693775,-3.4782843272296304e-11,1.1044454383708411,0.46331059549415593,0.013542618394585983,0.51668946471851029
64.319400822483075,2276,8.6265034829333285,-3.4838576468132487e-11,1.1230737412450769,0.4788441506779183,0.01402436681700618,0.51724892220082563
64.429875230024138,2280,8.7717266686462345,-3.473454857072511e-11,1.1419801668689453,0.49485938531133145,0.01452448936704789,0.51782588599281698
64.540294309598821,2284,8.9191056656993126,-3.4500402534831665e-11,1.1611672548854062,0.51136873347993306,0.015041728642595632,0.51842083074185197
64.650657265959495,2288,9.0686595392242122,-3.4177438656968206e-11,1.1806374873601968,0.52838477942693474,0.015576457857372612,0.51903423862985498
64.76096329764043,2292,9.2204068673691992,-3.3860081405379105e-11,1.2003932829592943,0.54592025355482676,0.016129222728146524,0.51966659691120054
64.87121131585512,2296,9.3743653002407594,-3.3683222877556318e-11,1.2204369395280734,0.56398798465376787,0.016700575783315783,0.52031839536505975
64.981400330340847,2300,9.530552036349075,-3.3813396527193618e-11,1.240770696119148,0.58260095709617477,0.017291089397578844,0.52099012896759223
65.091529521048571,2304,9.6889838963781205,-3.4321767650169477e-11,1.261396742596409,0.60177231917098384,0.017901333241052256,0.52168229888657547
65.201598068426634,2308,9.8496770567431202,-3.5146996424373356e-11,1.2823171849472013,0.62151534873239478,0.018531878830935017,0.52239541164094783
65.311605151632207,2312,10.012647015894744,-3.6082026255712663e-11,1.3035340408955092,0.64184343934542287,0.019183321416872689,0.52312997928130656
65.421549788164597,2316,10.17790831864175,-3.6925462687520394e-11,1.325049204011864,0.66277005291224111,0.019856270617121325,0.52388651665863373
65.531430877315131,2320,10.345474568556076,-3.7602476687936814e-11,1.3468644453283491,0.68430870852293879,0.020551377757283013,0.52466554052312631
65.641247603650285,2324,10.51535900505986,-3.8236525057300241e-11,1.3689814884688383,0.70647304781819464,0.021269233867478993,0.52546757232741581
65.750999154913416,2328,10.687574049956428,-3.9065972678997696e-11,1.3914019506124311,0.72927676549944742,0.022010524043845996,0.52629313663695199
65.860684719263077,2332,10.862131262799329,-4.0279557467215454e-11,1.4141273366830025,0.75273358865160234,0.022775906880416058,0.52714276144225525
65.970303491258363,2336,11.039041314255471,-4.1898706726328783e-11,1.4371590358813837,0.776857254665136,0.023566027017137232,0.52801697729726849
66.079854665871423,2340,11.218313933792631,-4.3764103452303971e-11,1.4604983148748634,0.80166149124958208,0.024381548633653896,0.52891631482340473
66.189337446811123,2344,11.399957885342603,-4.5650927482654424e-11,1.484146314628803,0.82716000238584841,0.025223154145257699,0.52984130388303541
66.298751046627061,2348,11.583980931859493,-4.7354786758546652e-11,1.5081040457925263,0.85336645461238547,0.026091559600935236,0.53079247386677442
66.408094689038137,2352,11.7703898030693,-4.8782533568214603e-11,1.5323723845006771,0.88029446021456093,0.026987453538974897,0.53177035485416713
66.517367402379975,2356,11.959189801815334,-4.9929504974954853e-11,1.5569520211238197,0.90795749504915113,0.027911594405528008,0.53277547629886168
66.626568252177947,2360,12.150385146409715,-5.0850768040788807e-11,1.5818435048387534,0.93636892377589109,0.028864662547689549,0.53380836399444365
66.735696487945347,2364,12.343979191087822,-5.1626258823489479e-11,1.6070472723292033,0.96554202363795394,0.029847357321077333,0.53486954045059754
66.844751383341446,2368,12.539974115376094,-5.2331250444126454e-11,1.6325636073450012,0.995489927463027,0.03086037867315241,0.53595952321215745
66.953732225232741,2372,12.738370868396636,-5.3036908198578203e-11,1.6583926334511718,1.0262256052775691,0.031904549237157596,0.53707882604809443
67.062638318024796,2376,12.939169143802633,-5.3787307940922346e-11,1.6845343107648045,1.0577618328436194,0.032980753171200194,0.53822796229620118
67.171468975908965,2380,13.14236732562655,-5.4608206845330187e-11,1.7109884289050994,1.0901111443712119,0.034092139880068144,0.539407436785449
67.280223518134733,2384,13.347962424913472,-5.5493276640561362e-11,1.7377545987437399,1.1232858161499202,0.035239111069353353,0.54061774370202875
67.388901302378997,2388,13.55595009363698,-5.6431526118672082e-11,1.7648322542165833,1.1572978605161104,0.036420356021689741,0.54185936733683882
67.497501706996175,2392,13.766324556927085,-5.7411853049416095e-11,1.7922206435005001,1.1921590014414039,0.037636556844159688,0.54313278298626877
67.606024118984863,2396,13.979078558931187,-5.8432259031349076e-11,1.8199188219650804,1.2278806332725747,0.038888568094308358,0.54443846278481622
67.714467824406483,2400,14.194203103142314,-5.9488192150070063e-11,1.8479256183662891,1.2644737142002225,0.040177172101243171,0.54577686120280133
67.822832210507272,2404,14.41168779898023,-6.0507265864373494e-11,1.8762396799674306,1.3019488230932543,0.04150264949966552,0.54714841691103222
67.931116663592974,2408,14.631520620305562,-6.140121744380167e-11,1.9048594411004023,1.3403161128830816,0.042865901207083439,0.54855355230115121
68.039320671414586,2412,14.853688075803655,-6.2074123619026977e-11,1.9337831453477574,1.379585328753421,0.04426753374777874,0.5499926773531616
68.147443754864753,2416,15.078175044843693,-6.2499339037458412e-11,1.9630088241734078,1.4197657301071003,0.045708190769765733,0.55146619389702078
68.255485470248757,2420,15.304964740774718,-6.2746252638135047e-11,1.9925342921441784,1.4608660168580774,0.047188859629319194,0.55297447930725829
68.363445364947154,2424,15.53403856900724,-6.2939986555932137e-11,2.0223571284536295,1.502894321733383,0.048709282445797766,0.55451788843740724
68.471323066820062,2428,15.765376278979675,-6.3217875378995814e-11,2.0524746967063772,1.5458582326474808,0.050270371555354326,0.55609675433546968
68.579118237481424,2432,15.998955854538792,-6.3681837580986667e-11,2.0828841306468613,1.5897647555868075,0.051872622049102549,0.55771139685872828
68.686830572711884,2436,16.234753498223164,-6.4380278885778353e-11,2.1135823321132254,1.6346202147032929,0.053516360452708432,0.55936211508654621
68.794459810263447,2440,16.472743614806955,-6.5316085873234897e-11,2.1445659688949061,1.6804302351007523,0.055202634550393197,0.56104917842580948
68.902005682627518,2444,16.712898666045341,-6.649147898940555e-11,2.1758314558221179,1.727199734499945,0.056930321482982195,0.56277282728817379
69.009467968847233,2448,16.955189265053967,-6.7901906319889349e-11,2.2073749670529974,1.7749329473235349,0.058700608604629112,0.56453327773489925
69.116846224368373,2452,17.19958355374245,-6.954237186107548e-11,2.2391923550224475,1.8236332236406549,0.060513408087053626,0.56633072629780723
69.224140310978569,2456,17.44604837354024,-7.1381900390576902e-11,2.2712793028574789,1.8733031979201376,0.062368654448185269,0.56816533874913089
69.331350159687602,2460,17.694548719367194,-7.3349992746329917e-11,2.3036312532903183,1.9239447037558901,0.064277738241881738,0.5700372461218608
69.438475764612591,2464,17.945047725539446,-7.5325967685557771e-11,2.3362434068235109,1.9755587832830845,0.066236212903089398,0.57194654713689375
69.545517184941346,2468,18.197506680958703,-7.7173822887743881e-11,2.3691107237073985,2.0281456428887821,0.068238507745585195,0.57389332193227804
69.652474241120586,2472,18.451884333318738,-7.8768103151105606e-11,2.4022278333556266,2.0817044157452473,0.070284922261973373,0.57587761566673201
69.759346815602768,2476,18.708137541581465,-8.0058404350324963e-11,2.4355891192901931,2.1362333070374504,0.072375349790984977,0.57789942635074065
69.866134622651856,2480,18.966220664573733,-8.1057827117092529e-11,2.4691886395436273,2.191729474055387,0.074507662708528044,0.57995870950227724
69.972837876436728,2484,19.226087166781678,-8.1860962453106367e-11,2.5030203357153549,2.2481893695524935,0.076683722264203891,0.58205540175554038
70.079456850596728,2488,19.487688620859764,-8.2579054705433919e-11,2.5370779031095925,2.3056084181041578,0.078906867508993117,0.58418941483888298
70.185991920152333,2492,19.750974860361698,-8.3292484021058044e-11,2.571354810619197,2.3639810753330726,0.081187852311001216,0.58636060720216432
70.292443451829385,2496,20.015893775436801,-8.4002582667608294e-11,2.605844274127628,2.4233007279454899,0.083511453591838689,0.58856879367315618
70.398811966187765,2500,20.282391834106903,-8.4682705292493665e-11,2.6405393243733402,2.4835597936144431,0.085877735918052589,0.59081375908912592
70.505097864263377,2504,20.55041348910283,-8.5344620259775184e-11,2.6754327297265617,2.5447494675359827,0.08828472468604491,0.59309525468201008
70.611300591673313,2508,20.819898928322289,-8.6048057568177683e-11,2.7105167033242119,2.6068593289814572,0.090729499319426754,0.59541295776388592
70.717420495020477,2512,21.090788406311496,-8.6882279148881025e-11,2.7457834669800953,2.6698783259113812,0.093214144728526002,0.59776651389390101
70.823458290372471,2516,21.363020574155193,-8.7880369648019041e-11,2.7812250337553652,2.7337944491946664,0.095733518258182632,0.600155543714186
70.929414785958812,2520,21.636531592353947,-8.8971052747410795e-11,2.8168330924651235,2.7985945409892414,0.098291209560388088,0.60257962854519198
71.035289757704049,2524,21.911252281899344,-8.9936724734229756e-11,2.8525986367804506,2.8642637251006997,0.10091987522953028,0.60503827857921522
71.141083155760853,2528,22.187111691050809,-9.0521590223602288e-11,2.8885124295826357,2.9307861028309814,0.10358731387865183,0.60753095128475143
71.246795916963251,2532,22.464040019997544,-9.0610408065572301e-11,2.9245653837212688,2.9981450929529068,0.10628423687934747,0.61005709798841501
71.352429087527241,2536,22.741967237400093,-9.0363272420290741e-11,2.9607483819035147,3.0663229772694383,0.1090150864374496,0.61261612069525773
71.457983795646129,2540,23.020823518627729,-9.0210283687497395e-11,2.9970523337476886,3.1353009994752346,0.11176888570944131,0.61520737928185532
71.563460839843131,2544,23.300537972481941,-9.0609519887152601e-11,3.0334680100169753,3.2050591667961523,0.11454880928996834,0.6178301708158267
71.668859640872867,2548,23.581035145632573,-9.1825436143722072e-11,3.069985587536324,3.2755752384235111,0.11741228837404871,0.62048373241615096
71.774181292678506,2552,23.862241971824275,-9.3776764131803247e-11,3.1065955539009789,3.3468268451835006,0.12030105210861397,0.62316728148502054
71.879426982908072,2556,24.144082533151863,-9.6062269250296595e-11,3.1432880254534457,3.4187906262036218,0.12321299595963413,0.62587999387580784
71.984596655589868,2560,24.426474040474069,-9.8210994892156123e-11,3.180052223978564,3.4914413700304139,0.12613774429250166,0.62862096842267878
72.089690813642306,2564,24.70933200928733,-9.9888541882364734e-11,3.216877150544069,3.5647530163007772,0.12907669265094901,0.63138928618456802
72.194710982357662,2568,24.992572299993999,-1.0119949322984212e-10,3.2537518511205668,3.6386989892586175,0.13202635003644375,0.63418399567298445
72.299658876424061,2572,25.276109859976415,-1.0255840621198331e-10,3.2906652528137257,3.7132518816346867,0.13505236295265549,0.63700410704407273
72.404535464843477,2576,25.55985710027829,-1.044628827884253e-10,3.3276059525264481,3.7883827791828733,0.13810234242027536,0.6398485779147709
72.50934035297611,2580,25.843722666046148,-1.0703615771490149e-10,3.3645620568841728,3.8640607259243507,0.14114997785200975,0.6427162844123413
72.614075127657216,2584,26.127620365889793,-1.0986789256151042e-10,3.4015223447371903,3.9402550497581927,0.1442002574429527,0.64560610786615358
72.718740104574394,2588,26.411459795178978,-1.1216116924117614e-10,3.4384750464193181,4.0169332392540875,0.14724281580014004,0.64851685225001876
72.82333650887476,2592,26.695151706668476,-1.1321277249010109e-10,3.4754085429428874,4.0940625089653517,0.15038888061343089,0.65144731895579477
72.927865592328175,2596,26.978605529157619,-1.1284972956104866e-10,3.5123110429561204,4.1716091631706611,0.15353760556830573,0.6543962632103385
73.032329576448504,2600,27.261732274913644,-1.1160872226412266e-10,3.549170961256952,4.2495393523425005,0.15667124780885325,0.65736242918061027
73.136729032211036,2604,27.544437870351466,-1.104460967127352e-10,3.5859760505225404,4.3278171447692184,0.15979259829125245,0.66034447870912394
73.241064561038854,2608,27.826627826218996,-1.1019740675521916e-10,3.6227140093148744,4.4064057960190173,0.16288766204628494,0.6633410447189737
73.345336659580852,2612,28.108206586176205,-1.1112133435631222e-10,3.6593723972730929,4.4852676819135695,0.1659553432734385,0.66635071878779895
73.449546804199372,2616,28.3890801230554,-1.1282264011924781e-10,3.695938973117376,4.5643652493178939,0.16914394037395131,0.66937208984370444
73.5536969558419,2620,28.669154674591319,-1.1456946502619303e-10,3.7324015300552218,4.6436606610388704,0.17231340825538152,0.67240373051677038
73.657788839979915,2624,28.948335332509842,-1.1578937808565115e-10,3.7687477120966628,4.7231151699021776,0.17544935649671964,0.67544417815070057
73.76182319809395,2628,29.226524510145509,-1.1643463970756329e-10,3.8049648145552992,4.8026886800877175,0.17854208289867446,0.67849191488692084
73.865801483867443,2632,29.50362633612216,-1.1697953716804932e-10,3.8410403560561086,4.882341148687293,0.18163402363025927,0.68154541792591317
73.969723337446993,2636,29.779539502738032,-1.1806378097389825e-10,3.8769611474756114,4.9620306814591446,0.1848012899600785,0.68460309094027039
74.07359101478481,2640,30.054168986868515,-1.2006862171176635e-10,3.9127148178715978,5.0417168856766139,0.18791470341521835,0.6876633902067032
74.177407124802457,2644,30.327420438265186,-1.2286371919856265e-10,3.9482890839027704,5.1213592389083322,0.19096803008939889,0.69072476225788826
74.281170131732438,2648,30.599188949796726,-1.2583578623548419e-10,3.9836702878403996,5.2009137670225867,0.19395014056847859,0.69378551323107396
74.384879382359998,2652,30.869372435244998,-1.282114414635771e-10,4.0188451392069284,5.2803368601565994,0.19699242578192999,0.69684396671009285
74.488536427003851,2656,31.137874527031066,-1.29440902441047e-10,4.0538010920273138,5.3595863615674508,0.20008909390828192,0.69989849627662026
74.592142599715743,2660,31.404597949982595,-1.2944845195761445e-10,4.0885254821680581,5.438619829764372,0.20310969081201291,0.70294745274534132
74.695699373226333,2664,31.669445958257128,-1.2860956744020768e-10,4.1230057144084613,5.5173948266137902,0.20604788625862494,0.70598918061121418
74.799208806465728,2668,31.932324166827094,-1.2760725809357609e-10,4.1572295008793718,5.5958692785495217,0.20888815402694602,0.70902204412157332
74.902674144792712,2672,32.193142070701626,-1.2708567531660719e-10,4.1911850588487827,5.6740019635429384,0.21175770744323261,0.7120444345655339
75.00610064012767,2676,32.451814291401973,-1.2734058252306113e-10,4.2248612729989139,5.7517532461728873,0.21472504932700065,0.71505479241789183
75.1094960783132,2680,32.708261353639635,-1.2829204365516489e-10,4.2582477965409673,5.8290854765021294,0.21758990639747314,0.71805163107388914
75.212864771670581,2684,32.96239531566993,-1.2954037842405342e-10,4.2913331804487642,5.9059583858804281,0.22034706735737841,0.72103336427396802
75.316199324711462,2688,33.214101045826084,-1.3062995130042054e-10,4.3241024358740425,5.9823232258504024,0.22297405102060255,0.72399806664803901
75.419498507356238,2692,33.463280581362476,-1.3129763942743011e-10,4.3565428091689951,6.0581361969633534,0.22571325857626703,0.72694399819385469
75.522764511111859,2696,33.709845085455427,-1.3163892198519989e-10,4.3886427347782231,6.1333563764461374,0.228457225318801,0.72986953326627846
75.625997582911438,2700,33.953701415998793,-1.3203549364959599e-10,4.4203900866469681,6.2079417838335464,0.23110089455992902,0.73277299468854229
75.729199800660368,2704,34.19476180294388,-1.3295498035859055e-10,4.4517734381019363,6.2818522294674555,0.23359845245263205,0.73565276126064449
75.832375022520594,2708,34.432944447965795,-1.3474221738363212e-10,4.4827821399211176,6.3550492134428707,0.23599788517372911,0.73850728221014428
75.935522708156952,2712,34.668159379746683,-1.3736722870305584e-10,4.5134044788507302,6.427491668922884,0.23859335781819543,0.74133490412683933
76.038641908505895,2716,34.900317217055722,-1.4046652729859943e-10,4.5436288184596876,6.4991388507776247,0.24103809331233786,0.74413397587148744
76.141730850608837,2720,35.129327887996354,-1.4353562782787321e-10,4.5734434323999906,6.5699501467251427,0.24337784106702459,0.74690284570706811
76.244791244306825,2724,35.35511071642847,-1.4617329568977766e-10,4.6028378175454696,6.6398881515868666,0.24552602311981039,0.74963998378072183
76.347825185857232,2728,35.577588086550577,-1.4813084092679674e-10,4.6318018691916221,6.7089164765093692,0.24784091676884709,0.75234389482793917
76.450836035869997,2732,35.796687323360878,-1.4940160220078269e-10,4.6603261258705073,6.7770002709000456,0.25011937395051254,0.75501313476599929
76.553824461563323,2736,36.012331714902018,-1.500904955875626e-10,4.6884006005479666,6.8441036923213421,0.25221598349188151,0.7576462186793832
76.656790786415542,2740,36.22444556575568,-1.5026668798157061e-10,4.7160154385317936,6.9101915669190959,0.25415105105476998,0.76024169035908418
76.75973922407897,2744,36.432963003202609,-1.4997969532970501e-10,4.7431620639347347,6.9752321536402651,0.25609935489898772,0.76279822104263972
76.862674130036751,2748,36.637820509041397,-1.4926926361624737e-10,4.769832207401282,7.0391945901880497,0.25818284120753804,0.76531450860572769
76.965602737488538,2752,36.838962185386634,-1.4826329053363452e-10,4.7960185916553737,7.1020506753631381,0.26005387337440117,0.76778935486721767
77.068533400604522,2756,37.036335693040812,-1.4720713537030861e-10,4.8217144027220922,7.1637736569629649,0.26172028288315918,0.77022161222929431
77.171470354954806,2760,37.229881964918668,-1.463914545141165e-10,4.8469119507311946,7.2243350914279505,0.26331069038397886,0.77261006777259267
77.274402155951478,2764,37.419515059954207,-1.4604917275562457e-10,4.8716000471223673,7.2836985533337737,0.26517197507866946,0.77495318597753138
77.377328960440323,2768,37.605174287538986,-1.4625045618998911e-10,4.895770790660908,7.3418358318514132,0.26679159357704879,0.77724975210466818
77.48025133851533,2772,37.786802606684319,-1.4690104688241945e-10,4.9194167552515626,7.3987201270407121,0.26815677911452368,0.77949860625114697
77.583168161553687,2776,37.96434293320393,-1.4781587065471058e-10,4.9425305091752385,7.4543248974940042,0.26942329389120906,0.78169858668015002
77.686083450404439,2780,38.137749613528008,-1.487789891285729e-10,4.9651061088505575,7.5086276909374368,0.27103842205922485,0.78384868838635924
77.788999757756386,2784,38.306976545099211,-1.496447410431756e-10,4.9871375522430164,7.5616063573222272,0.27236901414600284,0.78594791798415242
77.891917378181546,2788,38.471976435258533,-1.50354395600516e-10,5.0086186823802583,7.6132387951061808,0.27337571381125297,0.78799527910386757
77.99483713038066,2792,38.632705855243643,-1.5098666761304003e-10,5.0295438453258186,7.6635044091240818,0.27438715441035672,0.78998982946179308
78.097758233163688,2796,38.789122271063704,-1.5163137412343985e-10,5.049907503632423,7.7123831873166244,0.27571720230300129,0.79193064998319307
78.200683903211797,2800,38.941192184038321,-1.5244761009114427e-10,5.0697052961486024,7.7598583210677852,0.27672668452906135,0.79381695683156117
78.303612818360833,2804,39.08887773028092,-1.5351386828399427e-10,5.088932293422137,7.8059122425456726,0.27734969884746291,0.79564794267478545
78.406539859637974,2808,39.232138564784947,-1.5484924453801341e-10,5.1075832429868875,7.8505272050109793,0.27819091624005982,0.79742279106039016
78.509465814743919,2812,39.370946246701791,-1.5635998051877209e-10,5.1256544421642047,7.893689579677627,0.27917062078474131,0.79914085126194634
78.612395985297226,2816,39.505281812398394,-1.5787354756824357e-10,5.1431434221023258,7.9353890068623958,0.27979828782227023,0.80080160042135118
78.715337361151569,2820,39.635130918708839,-1.5919937590425093e-10,5.1600483154823511,7.9756168582730353,0.27999821365843536,0.80240459167707723
78.818283668985799,2824,39.760464736026677,-1.6018114612492695e-10,5.1763653690137321,8.0143605919943575,0.28080338961094764,0.80394921774586348
78.921239217145242,2828,39.881270058064999,-1.6077505993195018e-10,5.1920928633864305,8.0516132529308191,0.28138781209480945,0.80543509244721256
79.024213249529865,2832,39.997541491382428,-1.6108364642164474e-10,5.2072300964350315,8.0873707569248996,0.28155707787114065,0.80686193708156162
79.127216813987658,2836,40.109277885609735,-1.6128537394521913e-10,5.2217769183943998,8.1216303856322227,0.28160810250975887,0.80822953114309493
79.230246910411381,2840,40.216465405357113,-1.6151796566887811e-10,5.2357315280523711,8.154385732514875,0.28217096927042079,0.80953750768872035
79.333292670927179,2844,40.319085578886742,-1.6188306251052609e-10,5.249091520596413,8.1856296362105301,0.28231134176400785,0.81078545820772929
79.436358009506165,2848,40.417137910750846,-1.6233853150637856e-10,5.2618568315247956,8.215361086807361,0.28193800436170247,0.81197321640916031
79.539443662814904,2852,40.510621539796276,-1.6273637992725298e-10,5.2740273487250642,8.2435793115430744,0.28216022920761175,0.81310062518313553
79.642552342435806,2856,40.599541227274869,-1.628706614020814e-10,5.2856036920586638,8.2702853148498079,0.28224590645238357,0.81416759468916855
79.74568792177466,2860,40.683905724195824,-1.6263079771761113e-10,5.2965870008085796,8.2954815058283558,0.28183224565772846,0.8151740898119374
79.84884749284852,2864,40.7637202462479,-1.6205203845487404e-10,5.3069779539988318,8.3191698669651011,0.28147909478703209,0.81612005696338519
79.952030005038694,2868,40.838993963216012,-1.6130086155641266e-10,5.3167777454322964,8.341354328259122,0.28146099622154064,0.81700552267042414
80.055230142927186,2872,40.909736471042294,-1.6056300733424678e-10,5.3259876243927238,8.3620393029610067,0.28098001364309694,0.81783053203148171
80.158449464291806,2876,40.975966558806945,-1.5998882774148626e-10,5.3346100370070575,8.3812319036342924,0.28012946506979608,0.81859524084488688
80.261688546631603,2880,41.037705389090995,-1.5954870757894923e-10,5.3426477384053559,8.3989402387785574,0.27996906181140124,0.8192998547276894
80.364949598649602,2884,41.094976812202688,-1.5918172335815939e-10,5.3501038336295368,8.4151737312237174,0.27940170247877166,0.81994463107991455
80.468236590686558,2888,41.147807106324244,-1.5888529381058447e-10,5.3569817438034049,8.4299429047377874,0.27831454818832857,0.82052987988069137
80.571551480703391,2892,41.196223906482871,-1.5883450110720787e-10,5.3632850666967231,8.4432588117095495,0.27786401785438769,0.82105593252593423
80.674881599525591,2896,41.240252314589725,-1.5929246810486575e-10,5.3690170702960325,8.4551319037178718,0.27717766776368441,0.82152310515611204
80.778228278975021,2900,41.279927442762173,-1.6050472062545396e-10,5.3741823258041492,8.4655755253059368,0.27598318433818453,0.82193184155223964
80.881599636168133,2904,41.315287761137768,-1.6257706292321927e-10,5.3787858416003536,8.4746045321219778,0.27514051701857872,0.82228264885870506
80.985006732012081,2908,41.346372754983236,-1.6528323154574309e-10,5.382832758222329,8.4822343337541888,0.27430364335301111,0.82257606031508113
81.088444522943192,2912,41.373218973058854,-1.6820900228253777e-10,5.3863278339076421,8.4884796724875784,0.27299226076385019,0.82281259217297886
81.191912252557287,2916,41.395868106155952,-1.7077395053632927e-10,5.3892764963284749,8.4933566690365669,0.27185261060024474,0.82299282313201017
81.295422000178206,2920,41.414366612458778,-1.7245693761935854e-10,5.3916847938179577,8.4968827422502837,0.270855558839878,0.82311739032706377
81.398973955970604,2924,41.428758834078664,-1.7289591980329533e-10,5.3935584992203207,8.4990751446118011,0.2694228244226527,0.82318693008767974
81.502555170622287,2928,41.439089070398872,-1.7205104008155558e-10,5.3949033798170811,8.499951929808951,0.26801456707802174,0.82320211849230807
81.606166987033703,2932,41.445406885513314,-1.702131768865911e-10,5.3957258882958765,8.4995324972042745,0.26685082874851046,0.82316368993539968
81.709809684280543,2936,41.447764857246767,-1.6797130353296552e-10,5.3960328696982112,8.4978367672413881,0.26529361014590624,0.82307240675611748
81.813485378579202,2940,41.446217752401083,-1.6608903141701603e-10,5.3958314540457888,8.494885190435177,0.26365225105025403,0.8229290588014877
81.917195426491531,2944,41.44082094018686,-1.6511270128916067e-10,5.3951288497871559,8.4906988396545131,0.26232254271675842,0.82273446935182892
82.020940088718007,2948,41.431630520221802,-1.6522705426069706e-10,5.3939323604616494,8.4852993460284694,0.26064187324721,0.82248948574482028
82.124719095552905,2952,41.418704825806046,-1.6614876141574086e-10,5.3922495804089419,8.478708832910959,0.25882036214267495,0.82219498356606147
82.228531646188728,2956,41.402105030776788,-1.6731194207864064e-10,5.3900884737746848,8.4709499620104012,0.25730009730309888,0.82185186510518327
82.332377486004987,2960,41.3818942247675,-1.6812706782332043e-10,5.3874572541196599,8.4620456631460925,0.25550066815428457,0.82146105512881806
82.436257030896925,2964,41.358136094749973,-1.6827295112875618e-10,5.3843642127713824,8.4520192668763467,0.25357954738818389,0.82102350191997531
82.540168488592499,2968,41.330895060886064,-1.6776746658564434e-10,5.3808177365104681,8.4408946447992008,0.25191575783213782,0.82054018161443143
82.644112085178293,2972,41.300236483259951,-1.6689594151131359e-10,5.3768263344848464,8.4286958494112802,0.24998917815751942,0.82001208299448947
82.748088124830517,2976,41.266227931293557,-1.6595058660584527e-10,5.3723988034733781,8.4154471940876672,0.24791337144993694,0.8194402063001428
82.852097002526833,2980,41.228938637142818,-1.6514634104680681e-10,5.3675441567241924,8.4011732020944887,0.24612617095513978,0.81882556634825321
82.956139559307061,2984,41.188438335938358,-1.6452594842064627e-10,5.362271472967068,8.3858984555350506,0.2441245462835748,0.81816919745499528
83.06021606092564,2988,41.144796931250426,-1.6401990876602213e-10,5.3565898528607248,8.3696478861877583,0.24196297542523604,0.81747214801738166
83.164324486339282,2992,41.098085648126684,-1.6355494736330911e-10,5.3505085691053864,8.3524468521616608,0.23994072249973455,0.81673549092642705
83.268464377444744,2996,41.04837647376111,-1.6301582306255114e-10,5.3440369936241501,8.3343206029654322,0.23788064748492005,0.81596030078211323
83.37263646551753,3000,40.99574267292909,-1.623936540795512e-10,5.3371846646668484,8.3152943396636694,0.23569698990184079,0.81514765730355088
83.476840549929548,3004,40.940259171611771,-1.6170820238414763e-10,5.3299613367536223,8.2953933396850363,0.23340007183704922,0.81429865267323298
83.581074895374556,3008,40.882001949643715,-1.6105450306724833e-10,5.322376901604474,8.2746431354628136,0.23128060406519316,0.81341439507647462
83.685339590047008,3012,40.821045623074561,-1.6054713114499464e-10,5.314441073389947,8.2530690660184725,0.22910030541149462,0.81249598623986341
83.789634605349349,3016,40.757464722044524,-1.6031109772995933e-10,5.3061635550961439,8.2306963207220551,0.22683173535105536,0.8115445305128568
83.893959511484525,3020,40.691334869237835,-1.6043522066411242e-10,5.2975541919461113,8.2075503087329658,0.2244689300436955,0.81056114401811541
83.998314222877923,3024,40.622732651295031,-1.6098167243683292e-10,5.2886229546591661,8.1836561091565638,0.22219602214200332,0.8095469401927563
84.102698885575293,3028,40.55173522180624,-1.6198464791727929e-10,5.2793798877650868,8.1590387536454063,0.21998519791852586,0.80850303202280094
84.207113260145988,3032,40.478419785436358,-1.6345835796016672e-10,5.2698350424430123,8.1337232242910904,0.21767338933212146,0.80743053723315528
84.311557005052506,3036,40.40286289555111,-1.6532841762284534e-10,5.2599983850802525,8.1077341283837967,0.21689882546631692,0.80633056270993875
84.41603002164365,3040,40.325140861079731,-1.673932104040432e-10,5.2498798502412374,8.0810961572219995,0.21751002579162412,0.80520422119031365
84.520532037695972,3044,40.245330247812007,-1.6927725887683209e-10,5.2394894059307493,8.0538336832770696,0.21828764796833988,0.80405261772065573
84.625062583910804,3048,40.1635082382505,-1.7051249301403004e-10,5.2288371004426413,8.0259712634711526,0.2188815522384199,0.8028768650096616
84.729621121504394,3052,40.079752272475559,-1.7073364944053537e-10,5.2179330156044967,7.9975329874289791,0.21926080104517687,0.80167805892908295
84.83420712974997,3056,39.994139333746006,-1.6983814354887272e-10,5.2067871737708717,7.9685429471855578,0.21985174961303236,0.80045729339293414
84.938820282313145,3060,39.906745735931779,-1.6809997838151958e-10,5.1954095101494211,7.9390248278087654,0.2204401928863973,0.79921565557327967
85.04346041400143,3064,39.817647554352561,-1.6606871433566539e-10,5.183809928891236,7.9090021655368021,0.22081798806735228,0.79795422149058659
85.148127129892984,3068,39.72692077052622,-1.6434453797842252e-10,5.1719983219354662,7.8784982469880518,0.22099175426314138,0.79667406015493125
85.252818899427794,3072,39.634642097136108,-1.6325496510205539e-10,5.1599846764107884,7.8475365897512734,0.22158138484046735,0.79537625153716318
85.357535020704447,3076,39.540887291523553,-1.6270229608039699e-10,5.1477788550710866,7.8161401082075956,0.22196730170435661,0.79406185206024138
85.462274996574038,3080,39.445731244020443,-1.6229995125627283e-10,5.1353906077953697,7.7843313363701601,0.22211490568667289,0.79273190039747399
85.567038407113827,3084,39.349247709329553,-1.6163892446741102e-10,5.1228295366165053,7.7521327688274706,0.22230976298643473,0.79138743101920894
85.671824946729799,3088,39.25150932723831,-1.6047607687141863e-10,5.1101050984179208,7.7195664967553821,0.22270842868076474,0.7900294667444806
85.77663435378274,3092,39.152588043909304,-1.5888468318792093e-10,5.0972266597808931,7.6866541897953962,0.22286718827463001,0.78865901070360245
85.881466458811545,3096,39.052555441592375,-1.5720691415310739e-10,5.0842035399093461,7.6534172895099832,0.22268015299714702,0.78727705686633553
85.986321210989473,3100,38.951482968553336,-1.5584777912636127e-10,5.0710450405639955,7.6198771302461576,0.2230447733988728,0.78588458858548327
86.091198304367808,3104,38.849441445682565,-1.5507395367819754e-10,5.0577603818283272,7.5860546639301765,0.22322460807396874,0.78448257667819887
86.19609707565678,3108,38.746500419024912,-1.5491430360725644e-10,5.0443586178152779,7.5519708625757023,0.22305714943291943,0.78307198770666864
86.301015802249808,3112,38.642728721745463,-1.551694328583153e-10,5.030848709828855,7.5176464998900627,0.22297650770898056,0.78165378132441088
86.405953723116028,3116,38.538192041464903,-1.5550161158728315e-10,5.0172392096585607,7.4831017486646676,0.22318948132694258,0.78022888699993798
86.510910608722043,3120,38.432953495066485,-1.5562218180775744e-10,5.0035383344127915,7.4483568180299358,0.22305845729830512,0.77879823643682278
86.615886082929535,3124,38.327075067194329,-1.553166484313806e-10,4.9897541537951424,7.4134313051345799,0.2226588150287179,0.77736272400200701
86.720879658087668,3128,38.220617992643312,-1.5454282298321687e-10,4.9758946398872705,7.3783444683807229,0.22276118193593542,0.77592322578856943
86.825890915051104,3132,38.113643123754699,-1.5336309999725017e-10,4.9619677149796741,7.3431155846158527,0.22267711435610635,0.77448062348907165
86.930919426666918,3136,38.00621188100498,-1.5187073820754904e-10,4.9479813753276662,7.3077632280322238,0.22230848409407516,0.77303575792724966
87.035965017844347,3140,37.898385081636697,-1.501982982432537e-10,4.9339435386522856,7.2723057172305232,0.22194166464173612,0.77158945594538053
87.1410272506334,3144,37.79022321661833,-1.4850720653214466e-10,4.9198620801973565,7.2367614614350195,0.22192294790633754,0.77014254108790792
87.246105780578361,3148,37.681785547971458,-1.4700951567192533e-10,4.9057447152116387,7.2011483591823922,0.22159463071520724,0.76869580618249345
87.35120035414657,3152,37.573129635157485,-1.4592926866896505e-10,4.891598937289702,7.1654836533198285,0.2209822600732774,0.76725002402983933
87.456309159892086,3156,37.464313251262965,-1.4548473536990514e-10,4.87743226783771,7.1297851178534675,0.22077027683164563,0.76580597887919477
87.561406813514282,3160,37.355417126049311,-1.4580847640388583e-10,4.8632552169627239,7.0940783138611758,0.22049016119394063,0.76436475110070368
87.666484579583127,3164,37.246502664889995,-1.4685896942978616e-10,4.8490757789538153,7.0583828785539673,0.21996400701725813,0.76292718502925472
87.771542626736178,3168,37.137620001817197,-1.4850876084437914e-10,4.8349004806981757,7.0227148005683127,0.21921342464065866,0.76149397472707336
87.876581626805148,3172,37.028816699109569,-1.5052603608012305e-10,4.8207355142696073,6.9870896511574694,0.21899435153803978,0.76006578267641145
87.981602359211536,3176,36.920138524255442,-1.5259926655630807e-10,4.8065868380803982,6.9515226985040472,0.21858033523314965,0.75864325739192051
88.086604674807361,3180,36.811630704858864,-1.5444800993691388e-10,4.792460340255972,6.9160291658863455,0.21783801240357081,0.75722704982868649
88.191588170410668,3184,36.70333741884798,-1.5580758905286984e-10,4.7783617722657565,6.8806241164403756,0.21712464994591171,0.75581778280670431
88.296553433095369,3188,36.595300047177702,-1.5648859985617491e-10,4.7642965214447175,6.845321927301983,0.21680920281820013,0.75441604641652549
88.401500647803047,3192,36.487557903025838,-1.5643353279415351e-10,4.7502697059264962,6.8101365077288234,0.21611751940108812,0.75302241446192131
88.506429730455196,3196,36.380148312965389,-1.5562506838762147e-10,4.7362861852111289,6.7750815586505357,0.21531738224429681,0.75163745423791928
88.611341541689711,3200,36.273106472479384,-1.5410783760216873e-10,4.7223505413547029,6.7401705367622,0.214648016749062,0.75026169976074009
88.716236829238582,3204,36.166467430618795,-1.519520065329516e-10,4.7084673373494992,6.7054162362902163,0.2141026814318415,0.74889565635123867
88.821115408507652,3208,36.060266906087321,-1.4924173008523667e-10,4.6946412233690529,6.6708314930919901,0.21338237053847528,0.7475398408849333
88.925977686248373,3212,35.954539236271835,-1.4615686438901321e-10,4.6808766697549826,6.6364288229037793,0.21240126058140349,0.74619474034666777
89.030824582982163,3216,35.849316609958954,-1.4295897798888291e-10,4.6671778671253152,6.6022199655649345,0.21171505540590821,0.74486079958929929
89.1356563474301,3220,35.744629951411866,-1.4005308024422902e-10,4.6535488414713493,6.5682165320002657,0.21105456735818476,0.74353846416201741
89.240473297684375,3224,35.640508577586694,-1.3787104791163074e-10,4.6399934095310789,6.534429948578051,0.21020545553084891,0.74222817092682847
89.345276057276749,3228,35.536980686845155,-1.367166380106255e-10,4.6265152424140839,6.5008712450915729,0.20923324328702472,0.74093032233021994
89.450064885272838,3232,35.434074467301564,-1.3662071474129789e-10,4.6131180098958504,6.4675511865250392,0.20836170191860556,0.73964531114020193
89.554840087469529,3236,35.331817649790054,-1.3733525427994664e-10,4.599805322219126,6.4344802453783103,0.20769407338047963,0.73837351901023918
89.659602819739391,3240,35.23023635427046,-1.3843681756497972e-10,4.5865805799089401,6.4016681285309804,0.20675586815057764,0.73711528376989299
89.764353533178976,3244,35.129356143153572,-1.395339399579143e-10,4.5734471109037083,6.3691245926747744,0.20571675620559379,0.73587094015750509
89.869091433774415,3248,35.02920227564158,-1.404112381919731e-10,4.5604082036674924,6.3368594707781094,0.20476566234849228,0.73464083058906593
89.973817234253204,3252,34.929797477734205,-1.4106493750887239e-10,4.5474668168698855,6.304881841283164,0.20399522192998551,0.733425258103653
90.078531559045615,3256,34.831163817606686,-1.4157630623401474e-10,4.5346258235391268,6.2732003914961538,0.20307883401358437,0.73222450291907448
90.183232633712635,3260,34.733324325675447,-1.4193179964649971e-10,4.5218882219764405,6.2418240656927466,0.20195944482249903,0.73103885479479158
90.287919344219219,3264,34.636299951871187,-1.420239481575436e-10,4.5092567396272027,6.2107616679836628,0.2008837541515188,0.72986858241208574
90.392591436934822,3268,34.54010970561815,-1.4168533013503293e-10,4.4967338513046737,6.1800215078290694,0.20000329268107364,0.72871393949761076
90.497249977100708,3272,34.444770292207011,-1.4085577149103301e-10,4.4843217318498336,6.1496104861175205,0.19911503099821373,0.72757513345533087
90.601895810821503,3276,34.350297703681576,-1.3966117151653634e-10,4.472022463246943,6.1195355531606515,0.19803398490928617,0.72645236471754726
90.706528059639936,3280,34.256708747771214,-1.3832646139633198e-10,4.4598382336733486,6.0898041617017853,0.19685925974515064,0.72534584799264668
90.811147102196614,3284,34.164018305642621,-1.3711232149660191e-10,4.4477709804896035,6.0604227272388789,0.1958453401934187,0.72425576318408635
90.915754159899947,3288,34.07223938024115,-1.3608847382329259e-10,4.4358223965329628,6.0313971541007039,0.19489642979374414,0.72318226754465675
91.020350007838687,3292,33.981384436158379,-1.3521672670435692e-10,4.4239941045530751,6.0027333972987105,0.19385313625320835,0.72212552078448045
91.124933841123394,3296,33.891467000069134,-1.3437850832076492e-10,4.4122878655708853,5.974437165684586,0.192651823033203,0.7210856737769995
91.229506409713821,3300,33.802499002724176,-1.3355383465807336e-10,4.4007052328359695,5.9465135049380642,0.19153340062893631,0.72006284729225722
91.334069006083837,3304,33.714491393970029,-1.3289880307354451e-10,4.3892476318952065,5.918967340232987,0.19048068132626003,0.71905715697739259
91.438622548032825,3308,33.627454570764449,-1.326361243059182e-10,4.377916416315573,5.8918031619091753,0.18947154306921327,0.7180687029946563
91.543166840799401,3312,33.541399114196778,-1.3289569444907556e-10,4.3667129636359086,5.8650253240032875,0.18827876572606353,0.71709757257094642
91.647702307159847,3316,33.456335005359016,-1.3356094008543096e-10,4.3556385732821452,5.8386379106909683,0.18719388285120703,0.7161438457826661
91.752229918948728,3320,33.372271914568415,-1.3431611378678099e-10,4.344694504220838,5.8126442560627432,0.18592665286103688,0.71520757401354673
91.856746872302708,3324,33.289222549402041,-1.3480638827445546e-10,4.3338824108356153,5.7870484242583897,0.18488308124631453,0.7142888293534897
91.961250487444445,3328,33.207199170460726,-1.3482481797666424e-10,4.3232038893188234,5.7618541243746293,0.1837108324200821,0.71338766931098241
92.065741422774153,3332,33.126210922785241,-1.3437939649918462e-10,4.3126601302519267,5.7370637943041416,0.18264293595218262,0.71250410257914776
92.170220519316317,3336,33.046266626668853,-1.3367174034328855e-10,4.3022522819379185,5.7126795552017455,0.18139303829736295,0.71163812262251214
92.27468862178074,3340,32.967375091540134,-1.3292078548943209e-10,4.2919814912653287,5.68870314679552,0.18024749779279264,0.71078971173558014
92.379146484238788,3344,32.889545038843153,-1.3224332739980582e-10,4.2818488936680943,5.6651359766084779,0.17895986218457502,0.70995883880996347
92.483595132111333,3348,32.812784619630243,-1.3164180856506391e-10,4.2718555503215647,5.6419790562846419,0.17790053371340825,0.7091454516520832
92.588036041278272,3352,32.737101171879075,-1.3107093188580166e-10,4.2620024165479116,5.6192330861239679,0.1766621662165872,0.70834949303123462
92.692471160185704,3356,32.662501754554633,-1.3050427405403298e-10,4.2522904113449904,5.596898235537406,0.1755564093275245,0.70757088484959285
92.796902120858206,3360,32.588994579066565,-1.3002687815344416e-10,4.2427206037459939,5.5749743579043463,0.17426113915221544,0.70680953425289472
92.901330522993305,3364,32.516588907009343,-1.2973977447927609e-10,4.2332941995063686,5.5534609088749693,0.17311995558857765,0.70606533109811842
93.005757837824916,3368,32.44529421922239,-1.2978262908802662e-10,4.2240124329247868,5.5323572170872337,0.17181553486286935,0.70533816459338505
93.110184787675223,3372,32.375120150108948,-1.3024115119719681e-10,4.214876558292203,5.5116621938204826,0.17068186003806424,0.70462789908394474
93.214611937554679,3376,32.306075925804677,-1.3107470664408538e-10,4.2058877767477254,5.4913743944856259,0.16946295044027887,0.70393438484248771
93.319039829233702,3380,32.238170525291807,-1.3211409743973945e-10,4.197047257253864,5.4714918341713199,0.16888475293439298,0.70325745333391265
93.423467068746945,3384,32.171414543881262,-1.3304313206674578e-10,4.1883563792009486,5.4520130221099574,0.16935554679193646,0.70259694996942557
93.527891059275632,3388,32.105820204564282,-1.3351209027234745e-10,4.1798167338849792,5.4329360170375907,0.17010116335354572,0.70195270438787272
93.632311592236249,3392,32.041398590906411,-1.3325462955293688e-10,4.1714297642615481,5.4142579125062138,0.17072717507921606,0.70132450457147555
93.736728001447915,3396,31.978160964427943,-1.3219736416658634e-10,4.1631969364539501,5.3959756025757848,0.17121330802052037,0.70071213116935571
93.841141202811585,3400,31.916117535388313,-1.3042888991066093e-10,4.1551195797231424,5.3780854640589846,0.17155822342391755,0.70011535267209479
93.945553300421793,3404,31.855278202260919,-1.2827450213137581e-10,4.1471989827390434,5.3605832643488656,0.17204864755361951,0.69953391634489037
94.049965001947371,3408,31.79565431944183,-1.2606715671381608e-10,4.1394366237163327,5.3434649066283892,0.17266679299768359,0.69896756987738007
94.154375489107963,3412,31.737258497018388,-1.2407885829901488e-10,4.1318341443465707,5.3267263738340347,0.17313789154127457,0.69841606802673084
94.258784843534599,3416,31.680102749649176,-1.2239731450591762e-10,4.1243931088031909,5.3103633804219719,0.17348742650419346,0.69787915318707483
94.363195134444581,3420,31.624197966223548,-1.2102008284387011e-10,4.1171149346971321,5.2943711379289375,0.17366571134702877,0.69735655630249205
94.467608264558251,3424,31.569555053561917,-1.1996170723449495e-10,4.1100010419737547,5.2787449661493397,0.17416656848355547,0.69684800567514238
94.572024897564987,3428,31.516185500876318,-1.1928413812256622e-10,4.1030529263992612,5.2634805754950529,0.17463154819840007,0.69635323646452441
94.676444963420067,3432,31.464101124223451,-1.1909428998535532e-10,4.0962721262913515,5.2485739171814405,0.17498401935556512,0.69587198669402117
94.780869103578596,3436,31.413313369655995,-1.194485621525132e-10,4.0896601317973653,5.2340208186711106,0.17515086502765423,0.69540398514539747
94.88529236321007,3440,31.363836675564652,-1.2024531370613545e-10,4.0832188226333992,5.2198184346667258,0.17521119691073031,0.69494899979934599
94.989711374609058,3444,31.315685063796483,-1.2129464099785991e-10,4.076950024286254,5.2059641717907583,0.17568858525561845,0.69450680046362512
95.094125953360759,3448,31.268871355620043,-1.2230849666394761e-10,4.0708554059409083,5.1924552537701754,0.17603652874749701,0.69407714696382083
95.198537281915335,3452,31.223407583178691,-1.2305051422245583e-10,4.064936534047118,5.1792893399856457,0.17619485343807884,0.69365981200121762
95.302948049495612,3456,31.179304833964594,-1.2336920374167448e-10,4.0591948520716734,5.1664647312580083,0.17614903475675306,0.69325458780643667
95.407360351867965,3460,31.136574313892822,-1.2330453325049007e-10,4.0536318188986966,5.1539801964210676,0.17628917988313536,0.69286128550883386
95.511774348552692,3464,31.095228373511283,-1.2299339324783887e-10,4.0482490424306343,5.1418354915357289,0.17665122289018201,0.69247975298322118
95.616191818717823,3468,31.05527967896176,-1.2264994575517107e-10,4.0430481716567055,5.1300310951830976,0.17682328073145856,0.69210986075536851
95.720613437176198,3472,31.016742055834005,-1.2246892389100594e-10,4.0380310065132132,5.1185684948138768,0.17678785312061232,0.69175151345229235
95.825037761845408,3476,30.979629929069766,-1.2258738468773345e-10,4.0331994249653551,5.1074500432871925,0.17656356093447903,0.69140464491195697
95.929463230367219,3480,30.943957019273537,-1.2304579577460117e-10,4.0285552132815354,5.0966787028398075,0.17681502810035937,0.69106921742014815
96.033891126133327,3484,30.909736022016432,-1.2377526781293113e-10,4.0241000242823413,5.0862582622197499,0.17700736008097667,0.69074522049573628
96.138321027908759,3488,30.876980664379332,-1.2461037757205418e-10,4.0198356450793309,5.076193589066845,0.17699978291503685,0.69043267682504972
96.242751650971172,3492,30.845705388873444,-1.253621650931791e-10,4.0157639559250455,5.0664904670490021,0.17677966489176086,0.69013164053667064
96.347182395652624,3496,30.81592481887489,-1.2583795117038221e-10,4.0118868606186036,5.0571555504364545,0.17655541798852029,0.68984220079482284
96.451615290863757,3500,30.787653280032615,-1.2596879095383429e-10,4.0082062241983936,5.0481962919093633,0.17679333491624935,0.68956447364606077
96.556051197897105,3504,30.760906197188206,-1.2578654784434207e-10,4.004724054805326,5.0396211940907296,0.17683194228296112,0.68929861000796799
96.660487498157124,3508,30.735700456297202,-1.2541262472964831e-10,4.001442550800915,5.031440006164468,0.17665221995020336,0.68904480773733046
96.764921594372638,3512,30.712053348807807,-1.2502415769333197e-10,3.9983639633372592,5.0236632530012617,0.17630563815289232,0.6888032959769933
96.869354916871004,3516,30.689981893301802,-1.2478629241030603e-10,3.9954905080423191,5.0163019497015098,0.17617955092344378,0.68857432468466639
96.973791185485268,3520,30.669503160945133,-1.2473055921446985e-10,3.9928244073899215,5.0093680697603116,0.17627061988876341,0.68835818423321793
97.078231330134727,3524,30.650635412352745,-1.2473011512526e-10,3.9903680387067757,5.0028744006736279,0.17615628548694245,0.68815520619014381
97.182673834231323,3528,30.633398243122727,-1.2458900577883014e-10,3.9881239531193846,4.996834702081987,0.17583508201555723,0.68796575994747333
97.287118222722171,3532,30.617812237401758,-1.2407386229540407e-10,3.9860948304521595,4.9912635017071389,0.1753806247764641,0.68779025113011916
97.3915665673034,3536,30.603898910419986,-1.2308726260457092e-10,3.9842834717461089,4.9861756860661011,0.17539988416157087,0.68762911827495665
97.496020702582328,3540,30.59168106985333,-1.2176260000273942e-10,3.9826928463041469,4.9815867373403648,0.17536888056856995,0.6874828273416842
97.600482545125374,3544,30.581182910025774,-1.2042988828397938e-10,3.9813261039551699,4.9775128418232333,0.1751260053756257,0.68735188494081056
97.704952032503371,3548,30.572430341347605,-1.1947060007955201e-10,3.9801866179432133,4.9739706090732492,0.17468443059868757,0.687236826346037
97.809428014668171,3552,30.565451022113145,-1.1915229913839198e-10,3.9792779890671577,4.9709771079780385,0.1742748666054986,0.68713820742099008
97.913911195059995,3556,30.560274266151509,-1.1952855372143745e-10,3.9786040336578949,4.9685500037204484,0.17434089266986186,0.6870566170115705
98.01840352270338,3560,30.556931156324818,-1.2043577246600989e-10,3.9781687983545204,4.9667069447109045,0.1742008386806416,0.68699265697593637
98.122906277397206,3564,30.555454269807601,-1.2155049189388478e-10,3.9779765243388008,4.9654656355948381,0.17386382038018869,0.6869469390726598
98.227418298616442,3568,30.555877439383586,-1.2263234872023077e-10,3.9780316162586988,4.9648441876511455,0.17334856995378387,0.68692010299208528
98.331938276097418,3572,30.55823601581459,-1.2356110579148094e-10,3.9783386763858544,4.9648611039411108,0.17320818199830171,0.68691281416115091
98.436467237481978,3576,30.562567714713865,-1.2435774632280072e-10,3.9789026148689701,4.9655348443360268,0.17319739303523779,0.68692574109325433
98.541005644815499,3580,30.568912507028994,-1.2509127067517056e-10,3.9797286354759138,4.9668835225684571,0.17299030660566478,0.68695955109074225
98.645553435802626,3584,30.577312164740825,-1.2576073515901953e-10,3.9808221764488314,4.9689254044904967,0.17259976381512684,0.68701493204890707
98.750111591302456,3588,30.587810584346762,-1.2630407830727108e-10,3.9821889526180323,4.9716789034121103,0.17212014021052519,0.68709258204168255
98.854680652444799,3592,30.600453922002131,-1.2663181614414043e-10,3.9838349729958749,4.9751622921569796,0.17222754223955306,0.68719320403473427
98.959260501658818,3596,30.615290465437891,-1.2671208526882083e-10,3.9857665241018947,4.9793935311750719,0.17216532205679344,0.68731750135082825
99.06385211930592,3600,30.632370391761501,-1.2663015080960349e-10,3.9879901384311993,4.9843902784123788,0.17193084344005471,0.68746617514769714
99.168454788574209,3604,30.651744672884774,-1.26522015087005e-10,3.9905124519534851,4.990169846092031,0.17153428637708037,0.68763992749600511
99.273068366218467,3608,30.673465606691583,-1.265051396970307e-10,3.9933402732650989,4.996749322205301,0.17146857510681549,0.68783946115313466
99.37769474849955,3612,30.697587630947869,-1.2664835846720734e-10,3.9964806895509684,5.0041457696645111,0.1715652581827645,0.68806549038007425
99.482335994335457,3616,30.724167115315474,-1.2689560513479137e-10,3.9999410395071409,5.0123756434196078,0.17150773508270437,0.68831871461567307
99.58699131829583,3620,30.753260667239779,-1.2713829988797443e-10,4.0037286927864075,5.0214546779635096,0.17128034901548034,0.68859982204916426
99.691661585394272,3624,30.784926293331264,-1.2724687969978277e-10,4.0078512011971199,5.0313983446867159,0.17096061283430289,0.68890950857638522
99.79634868334081,3628,30.819224303112268,-1.2719181263776136e-10,4.0123164163608553,5.0422216120211374,0.17126178275688711,0.68924845960337333
99.901050783413027,3632,30.856215538747868,-1.2701362184230902e-10,4.0171322592432865,5.0539384688167903,0.1713951062633296,0.68961734280341724
100,3636,30.893700172529691,-1.2686784955917574e-10,4.0220123370156822,5.0658432824586912,0.17135557035353149,0.68999401714542807
