t,step,S,C,A,Ey,Ey_max,theta
0,0,0.00035374471801881511,2.7105054312137611e-20,3.1415523640551408e-05,1.1258678806040067e-09,4.9929792680981162e-11,0.50010869212897935
0.1779387811841871,4,0.00035352797065495004,-2.1379111588698541e-17,3.1396274640957392e-05,3.3676779041694484e-09,2.2859695231844995e-10,0.50010900124132041
0.35587756236836737,8,0.00035289415442731948,2.5329673254692597e-17,3.1339986397858216e-05,8.049213616747241e-09,4.3449013127350434e-10,0.50010987015675468
0.53381634355255592,12,0.00035189161664714785,4.7908183496703227e-18,3.1250952561508879e-05,1.1942982037596296e-08,5.3285321338726119e-10,0.50011114401345591
0.71175512473674629,16,0.00035059798437459585,6.4510029262887514e-17,3.1136067071576633e-05,1.3992763699115334e-08,5.3971294694864198e-10,0.50011262162042813
0.8896939059209259,20,0.00034911619080570588,4.7935288551015365e-17,3.1004471266684913e-05,1.4781433125538273e-08,5.1240595082453316e-10,0.50011411133468375
1.0676326871051103,24,0.00034756968668050222,3.7947076036992655e-17,3.0867128616941202e-05,1.5019073854826015e-08,4.827363637949525e-10,0.50011547030190784
1.2455714682893013,28,0.00034609736036234312,-4.5536491244391186e-18,3.0736373584007329e-05,1.5072149704013517e-08,4.5557564612441688e-10,0.50011661839957433
1.4235102494734846,32,0.00034484860466760904,6.2138337010575473e-18,3.062547351384118e-05,1.507330617355951e-08,4.3219948549341566e-10,0.50011753121865288
1.6014490306576639,36,0.00034397882574004925,2.7538735181131813e-17,3.0548229786743737e-05,1.5062386379113061e-08,4.1547417259992873e-10,0.50011822263693395
1.7793878118418487,40,0.00034364554202692102,1.2542863882941679e-17,3.0518631373437576e-05,1.5051059918108814e-08,4.0099423289812297e-10,0.50011872649251776
1.9573265930260328,44,0.00034400511695310669,-1.786900705527672e-17,3.0550564668886909e-05,1.5043749920830423e-08,3.9019829238119593e-10,0.50011908258566162
2.1352653742102032,48,0.00034521009264530461,3.607682728945516e-17,3.0657576704449008e-05,1.5043189118772298e-08,3.8246871781266434e-10,0.50011932826600447
2.3132041553943785,52,0.00034740703270853617,7.7052893145829193e-17,3.0852683568177934e-05,1.5051682840434944e-08,3.7530357158866847e-10,0.50011949462989225
2.4911429365785596,56,0.00035073480092339754,9.7727273322412156e-17,3.1148217538578291e-05,1.5071333685615301e-08,3.7211696128545072e-10,0.5001196056789281
2.6690817177627357,60,0.00035532319069130563,6.4699764643072477e-17,3.1555705367748116e-05,1.5104044749265051e-08,3.6814755287170387e-10,0.50011967900225651
2.8470204989469146,64,0.00036129183573281771,4.9222778630841901e-17,3.2085771542174247e-05,1.5151486293011421e-08,3.6683083569970997e-10,0.50011972702268304
3.0249592801311014,68,0.00036874934797393442,4.5699121570264012e-17,3.2748061719742475e-05,1.5215064144476883e-08,3.6508454439847289e-10,0.50011975828258781
3.2028980613152904,72,0.00037779263970555324,4.718989955743158e-17,3.3551182531762523e-05,1.5295896173877382e-08,3.6425695549803394e-10,0.50011977854242196
3.3808368424994648,76,0.00038850640642860995,4.2839538340333494e-17,3.4502655655241467e-05,1.5394797109623641e-08,3.6384561873507962e-10,0.50011979163161091
3.5587756236836396,80,0.00040096274328002275,3.4802889736784692e-17,3.560888374826254e-05,1.5512270325997213e-08,3.6287995149576571e-10,0.50011980006950474
3.7367144048678136,84,0.00041522088410785246,2.7918205941501739e-17,3.6875127277651921e-05,1.5648500300247881e-08,3.6333658194157893e-10,0.50011980550108071
3.9146531860519769,88,0.0004313270530122495,-3.6889978918819288e-17,3.8305491334558874e-05,1.5803326347049288e-08,3.6191609694415176e-10,0.50011980899455299
4.092591967236145,92,0.00044931442084932211,-1.028365760602501e-16,3.9902921771631278e-05,1.5976150462038098e-08,3.6303001116770691e-10,0.5001198112408819
4.2705307484203248,96,0.00046920316184466084,-1.4709912975197081e-16,4.166921023077552e-05,1.6165718648337315e-08,3.620346970287709e-10,0.50011981268574712
4.4484695296045098,100,0.00049100060373978181,-1.9125326322644298e-16,4.3605007477430933e-05,1.6370030543352819e-08,3.6270739744077084e-10,0.50011981361603708
4.6264083107886904,104,0.00051470146938213657,-2.8582279772149111e-16,4.5709844855806509e-05,1.6587454109824933e-08,3.623111204815621e-10,0.50011981421614549
4.8043470919728755,108,0.00054028821212039752,-3.3027508679339679e-16,4.7982164074819665e-05,1.6818998216189214e-08,3.6211340967330082e-10,0.50011981460444932
4.982285871537055,112,0.00056773142288514024,-3.079405220401954e-16,5.0419353360304782e-05,1.7066494407505689e-08,3.6136025311851052e-10,0.50011981485686874
5.1602245808940417,116,0.00059699033883889427,-1.9019616610826962e-16,5.3017792627440852e-05,1.7325679319341314e-08,3.6074532527903747e-10,0.50011981502209457
5.3381631943731058,120,0.00062801336873887425,-1.6246769554695284e-16,5.5772900137406602e-05,1.7590310820236246e-08,3.5885816149561003e-10,0.50011981513133619
5.516101732246196,124,0.00066073882938697372,-1.1226913496087398e-16,5.8679197900370291e-05,1.7860290594397551e-08,3.5521742870391688e-10,0.50011981520459281
5.6940402114950892,128,0.00069509556193762562,1.378969638130001e-16,6.1730366408841697e-05,1.8137448607011891e-08,3.5859604668651554e-10,0.5001198152546501
5.8719786487335792,132,0.0007310037282771694,9.165167539834651e-16,6.4919315362897288e-05,1.8419720079648039e-08,3.599073127116302e-10,0.50011981528965621
6.0499170579482815,136,0.00076837560844938177,2.3074261685379627e-15,6.8238254488313567e-05,1.8701960213955491e-08,3.5905469245754747e-10,0.50011981531479943
6.2278554487717983,140,0.00080711644416759428,3.5072042926104219e-15,7.1678768447579211e-05,1.897732717860585e-08,3.5608203442445418e-10,0.5001198153333829
6.405793827181518,144,0.0008471253452786272,4.9123574132059478e-15,7.5231897341561136e-05,1.9240730292404558e-08,3.5548838366443431e-10,0.5001198153475116
6.5837321972157481,148,0.00088829617723536344,6.1787055506690169e-15,7.8888215524577007e-05,1.9494604579091958e-08,3.5710380259426082e-10,0.50011981535852912
6.7616705605072136,152,0.00093051854379086983,7.0919154880264013e-15,8.2637918875946864e-05,1.9750834500326109e-08,3.5904874668557381e-10,0.50011981536729644
6.939608921191188,156,0.0009736785531617928,7.4007369243317411e-15,8.6470892841784383e-05,2.0012168153802265e-08,3.5259829730532265e-10,0.50011981537437156
7.1175472805505269,160,0.0010176602632251269,7.7124450489213237e-15,9.0376840780696249e-05,2.025273592483347e-08,3.5029619346188689e-10,0.50011981538012451
7.2954856399008694,164,0.0010623463187217916,8.2468347472122727e-15,9.4345340552850574e-05,2.0468611892219661e-08,3.4468461236298458e-10,0.50011981538480121
7.4734240001538277,168,0.0011076186841666616,8.4980443905771641e-15,9.8365909608587952e-05,2.0677425324610422e-08,3.3722153094579375e-10,0.50011981538856587
7.6513623613715298,172,0.0011533598288875286,8.7520458545362056e-15,0.00010242811022990677,2.0888511818432889e-08,3.2821596578654329e-10,0.50011981539153527
7.8293007237520209,176,0.0011994537910853603,9.0724140439785161e-15,0.00010652164402801608,2.1097463787325541e-08,3.206471576476192e-10,0.50011981539381367
8.0072390870348311,180,0.0012457869625627212,9.3467307461445048e-15,0.00011063642163385819,2.130130929388666e-08,3.2566077723638228e-10,0.50011981539551342
8.1851774512712847,184,0.0012922486910528685,9.5899850560687838e-15,0.00011476261619002813,2.149905511000582e-08,3.288524666843952e-10,0.50011981539676298
8.3631158167853972,188,0.0013387322567849965,9.9596708918320287e-15,0.00011889075007802902,2.1690922976352677e-08,3.3019430268379339e-10,0.50011981539768502
8.5410541836714131,192,0.0013851353566856186,1.0300977735730465e-14,0.00012301173791945123,2.1876787978948505e-08,3.295699496619054e-10,0.50011981539837591
8.7189925520199321,196,0.0014313611093156053,1.094711479668678e-14,0.00012711697582288301,2.2056443332562812e-08,3.271142209706584e-10,0.50011981539890327
8.8969309213840013,200,0.0014773184464056724,9.7136112087864435e-15,0.00013119837615557434,2.2229071568906251e-08,3.2289635202322708e-10,0.50011981539932626
9.0748692924144905,204,0.0015229227859189683,5.6098382232930288e-15,0.00013524842731708873,2.2394990596747777e-08,3.1698447105229258e-10,0.5001198153997044
9.2528076640689214,208,0.0015680966076485152,5.7174046313307469e-15,0.00013926024485722555,2.2554562137186239e-08,3.0955188656975492e-10,0.50011981540011097
9.4307460370929537,212,0.0016127695498102568,1.2232402590850455e-14,0.00014322758005429987,2.2709743581751066e-08,3.0689637110750784e-10,0.50011981540062045
9.6086844099189346,216,0.0016568797297887151,6.3609599358638302e-15,0.00014714493720853031,2.2862727180326197e-08,3.1108984028890929e-10,0.50011981540131401
9.7866227838616719,220,0.0017003722309289894,-3.3769374015862885e-15,0.00015100743925636675,2.3016817909193898e-08,3.1397871675146654e-10,0.50011981540226202
9.9645611582758313,224,0.0017432016305171691,1.8179780055492534e-14,0.00015481105227653773,2.3175446770627492e-08,3.1466659107135773e-10,0.50011981540353456
10.142499534381978,228,0.0017853288410773611,1.383382340972017e-14,0.00015855230497050391,2.3342327608753629e-08,3.1376566374278382e-10,0.5001198154051818
10.320437911560251,232,0.0018267254247916875,4.2149985758632713e-15,0.00016222867181945377,2.351726297589454e-08,3.1086891912370159e-10,0.50011981540725192
10.498376290215869,236,0.0018673699547192561,-5.5874697772219373e-14,0.00016583824992976416,2.369846910641382e-08,3.0665416653388967e-10,0.50011981540978878
10.676314663597918,240,0.0019072490872227997,-3.3087980055510058e-14,0.00016937985427355854,2.3886046238671009e-08,3.0085374357748399e-10,0.50011981541287276
10.854253025979867,244,0.0019463572553688907,-8.3152424832852456e-14,0.0001728529904600523,2.4080607463603882e-08,2.9421292312412602e-10,0.50011981541663797
11.032191377206818,248,0.0019846984214667955,-6.4127007740402697e-14,0.00017625801037582945,2.4282489392157973e-08,2.8864346373460472e-10,0.50011981542128181
11.210129717001829,252,0.0020222821375389497,-8.1331588599325988e-14,0.00017959576232129236,2.4493345115299029e-08,2.9190553996270213e-10,0.50011981542698414
11.388068047693988,256,0.0020591258073322785,-9.7830299633852591e-14,0.00018286779189640373,2.4713412026438423e-08,2.9423088220759039e-10,0.50011981543380524
11.566006371270738,260,0.0020952525348811733,-1.1366940917169333e-13,0.00018607615093487763,2.4943033747025244e-08,2.950901981548178e-10,0.50011981544165374
11.743944688139432,264,0.002130693008765931,-1.5210377987510959e-13,0.00018922356484226983,2.5182736896854833e-08,2.9530775313784895e-10,0.50011981545042183
11.921882998627721,268,0.002165481971120954,-1.124335271152771e-13,0.00019231311901403374,2.543163877220688e-08,2.9378607607560049e-10,0.50011981546015971
12.099821304168994,272,0.0021996619649460531,-5.4321130926737737e-14,0.00019534859162846635,2.5690132423141909e-08,2.9050052449253363e-10,0.50011981547117101
12.277759606864365,276,0.0022332779634056284,-1.2376883372355874e-13,0.0001983339766830394,2.5958473674804145e-08,2.8593565949986887e-10,0.50011981548396378
12.455697906616434,280,0.0022663780180109975,-1.5712138621420957e-13,0.00020127354155847368,2.6238258357342785e-08,2.7993490674184366e-10,0.50011981549914508
12.633636203451404,284,0.002299016707753915,-1.6080843254218102e-13,0.00020417213333097533,2.653000973617525e-08,2.7322494566888256e-10,0.50011981551725249
12.811574499661647,288,0.0023312498280071182,-1.7475620560022942e-13,0.00020703470710167226,2.6831663632931182e-08,2.7168124992594115e-10,0.50011981553863938
12.989512795971056,292,0.002363134278984047,-1.5583183615025531e-13,0.00020986631609089379,2.7145296785156397e-08,2.7367558114391183e-10,0.50011981556331819
13.167451091476048,296,0.0023947305051596349,-1.7532102072198574e-13,0.00021267232827937426,2.7467220233701831e-08,2.7500470763671306e-10,0.50011981559073626
13.345389387034396,300,0.002426098471119134,-1.8223047853690999e-13,0.00021545806902958453,2.780203732420979e-08,2.7464000694453398e-10,0.50011981561926455
13.523327683300232,304,0.0024572988750337847,-1.0546159215016337e-13,0.0002182289288526373,2.8143726326463414e-08,2.7377048938369346e-10,0.50011981564543528
13.701265979793932,308,0.0024883924594838237,-2.8476288167766928e-13,0.00022099030220353982,2.849756315007314e-08,2.7198396021861845e-10,0.50011981566330233
13.879204276406517,312,0.0025194371884382722,-1.7429335969279536e-13,0.00022374733677311639,2.8859435528830499e-08,2.6954122476621995e-10,0.50011981566500929
14.057142573201693,316,0.0025504934850106961,-1.434293764486505e-13,0.00022650539864503121,2.9232887112367055e-08,2.6542595827047916e-10,0.500119815644118
14.235080870740267,320,0.0025816164808823774,-1.7593251074726757e-13,0.00022926938397899621,2.9615518503614722e-08,2.6018059388534847e-10,0.50011981560233709
14.413019168501396,324,0.0026128603623233027,-5.3844081970844115e-14,0.00023204410497420206,3.0007208129126664e-08,2.5441976373657702e-10,0.50011981555613849
14.590957465600169,328,0.0026442770095409275,-2.1416310565236518e-13,0.00023483416903197736,3.0407059441932496e-08,2.5584364399386126e-10,0.50011981553408613
14.768895761344151,332,0.0026759143244321666,-1.7052938922068606e-13,0.00023764383024601823,3.0813632492331994e-08,2.5687566435061252e-10,0.50011981555737361
14.946834055086914,336,0.0027078183584233052,-2.670685938024886e-13,0.00024047717837257388,3.1225589633873237e-08,2.5832419695466027e-10,0.50011981561400742
15.12477234660077,340,0.0027400308310280138,-3.3691978243780007e-13,0.00024333791845740539,3.1643014661800155e-08,2.5832252141268769e-10,0.50011981565801533
15.302710634550552,344,0.002772590631701417,-4.4608229870374272e-13,0.00024622950421313255,3.2064281170852291e-08,2.5771090567539507e-10,0.50011981564865049
15.480648917619291,348,0.0028055321746391368,-5.9693341849381687e-13,0.00024915499191147084,3.2491536338519512e-08,2.5550451918993905e-10,0.50011981559380214
15.658587196259649,352,0.0028388861324752206,-9.4502210961147637e-13,0.000252117105541814,3.2922614315364547e-08,2.5261876114127811e-10,0.50011981554090446
15.836525469540232,356,0.0028726785485864727,-1.0231097653107257e-12,0.00025511815797634937,3.3360760768281561e-08,2.4835742412297029e-10,0.50011981552329166
16.01446373538742,360,0.0029069314002194485,-1.1827144081807961e-12,0.00025816010098049855,3.3805384371007453e-08,2.4434919088034253e-10,0.5001198155300608
16.192401993022674,364,0.0029416648128247919,-1.3150593352988238e-12,0.00026124472186454003,3.425750309372872e-08,2.4944736380535826e-10,0.5001198155332639
16.37034024223848,368,0.0029768931869718828,-1.4705012381377447e-12,0.0002643732995208635,3.4716028896872062e-08,2.5486233253991926e-10,0.50011981552928686
16.548278482148419,372,0.0030126269237163664,-1.7917616717579021e-12,0.00026754675765120329,3.5179826376469278e-08,2.5960943774509462e-10,0.50011981553503593
16.726216711919914,376,0.0030488766788570642,-1.9575234445554091e-12,0.00027076604258064276,3.5649498860877162e-08,2.6448658953631728e-10,0.50011981555710316
16.904154930722608,380,0.0030856452576153281,-1.8435409991114649e-12,0.00027403140343657017,3.6124825032741133e-08,2.6938271570006979e-10,0.50011981558046681
17.082093137296965,384,0.0031229361131704502,-2.1389304715423163e-12,0.00027734314689052057,3.6607685722559174e-08,2.7477008198162931e-10,0.50011981559415386
17.26003133108193,388,0.0031607489035218798,-1.8697187895155842e-12,0.00028070124256995165,3.7098288383000557e-08,2.8067928709084456e-10,0.50011981560471908
17.437969512020135,392,0.003199081103225602,-1.9134333874293308e-12,0.00028410546619406967,3.7597903913817163e-08,2.8566786370539974e-10,0.50011981562430363
17.615907679712667,396,0.0032379278762169534,-2.1388856939925927e-12,0.00028755538827941941,3.8106450936145414e-08,2.9135076349592108e-10,0.50011981565384989
17.793845833103941,400,0.0032772846768804164,-2.2858667541279798e-12,0.00029105060513688705,3.8626998791468385e-08,2.9792447010306267e-10,0.5001198156873492
17.971783971628071,404,0.0033171443799963228,-2.0965391965901969e-12,0.00029459048398668662,3.9157917940880243e-08,3.0291024874756637e-10,0.50011981572104225
18.149722095380728,408,0.0033574993657740243,-2.197078239826733e-12,0.00029817434812694514,3.9701847939197366e-08,3.0931982136295578e-10,0.50011981575452591
18.327660204346955,412,0.0033983423196158116,-1.5091843790296378e-12,0.00030180154795950457,4.0258504757835637e-08,3.1644295023182849e-10,0.50011981578733244
18.505598298153643,416,0.0034396665115790999,-1.7035086449096459e-12,0.00030547148580852798,4.0829733398252578e-08,3.2336050094248417e-10,0.50011981582146148
18.683536376552411,420,0.0034814657582543157,-1.9412426310524977e-12,0.00030918361253493362,4.1416997404022151e-08,3.2902032589767224e-10,0.50011981586199084
18.861474439443885,424,0.0035237333540652778,-1.8911664226815839e-12,0.00031293733262682751,4.2020130842432735e-08,3.3664235308964399e-10,0.50011981591076882
19.039412486870333,428,0.0035664657473086486,-2.3896168789387662e-12,0.00031673233066290576,4.2641693659384349e-08,3.4538467992305578e-10,0.50011981596132971
19.21735051881911,432,0.0036096602209444912,-3.3347427466981494e-12,0.0003205683653470358,4.3281706927271547e-08,3.535478139469094e-10,0.50011981600378974
19.395288535173393,436,0.003653316410795927,-3.0219618040588925e-12,0.00032444540433722996,4.3942947690479214e-08,3.6090348924439781e-10,0.50011981603380262
19.573226536006082,440,0.0036974361068143682,-4.0796623349513561e-12,0.00032836360659631661,4.4626232768100455e-08,3.6945929889359456e-10,0.50011981605263744
19.751164521758479,444,0.0037420242463916866,-3.8366726245672722e-12,0.00033232341060646423,4.5333232982538586e-08,3.7933483720408577e-10,0.50011981606144662
19.92910249312235,448,0.0037870878574332635,-5.1996863845854557e-12,0.00033632544050512684,4.6065246993952613e-08,3.8931395008362299e-10,0.50011981605898193
20.107040450649247,452,0.0038326381658153642,-6.3907550041861216e-12,0.00034037069324508769,4.6823487369970321e-08,3.9929843804319692e-10,0.50011981604470324
20.284978394791441,456,0.0038786886673337182,-6.2761964679178273e-12,0.00034446036736718202,4.7610226377613819e-08,4.0910824541237408e-10,0.50011981602015665
20.462916325753291,460,0.0039252565518761318,-6.0513150480084876e-12,0.00034859598947887345,4.8425044160661893e-08,4.2013167717291232e-10,0.50011981598802635
20.640854243456737,464,0.0039723626295694071,-6.158993670971058e-12,0.00035277940769547569,4.9271333892906209e-08,4.3127677195710759e-10,0.50011981595302368
20.818792148107963,468,0.0040200308343627056,-5.4995855959527606e-12,0.00035701274755415554,5.014802195421826e-08,4.4329877791100913e-10,0.50011981592247245
20.996730040202515,472,0.0040682890865425441,-5.5626587320764531e-12,0.00036129848861256135,5.1058649574985226e-08,4.5616805895768897e-10,0.50011981590166754
21.17466791999286,476,0.0041171677343490769,-5.1986767755224372e-12,0.00036563932605116487,5.200248978022659e-08,4.6810327196509654e-10,0.50011981588686549
21.35260578806227,480,0.0041667014622442837,-3.8937634583638414e-12,0.00037003834014362046,5.2982151526846853e-08,4.8153684981046604e-10,0.50011981586683851
21.530543645501798,484,0.0042169275611662962,-3.3924177486252538e-12,0.00037449884264071569,5.3997848105468251e-08,4.9515542622389081e-10,0.50011981583625831
21.708481492683944,488,0.0042678869233282422,-3.1441019492789435e-12,0.0003790244651169243,5.505075434259554e-08,5.0955020703696932e-10,0.50011981580533149
21.886419329062075,492,0.0043196218730207053,-4.8318333925947976e-12,0.00038361896632731375,5.6143031862501915e-08,5.2376995389612318e-10,0.5001198157912764
22.064357154396291,496,0.0043721786948369709,-6.0728544588883882e-12,0.00038828645673533537,5.7274913711087472e-08,5.383462383922652e-10,0.50011981579976417
22.242294969340385,500,0.0044256046877933896,-8.2518861535540999e-12,0.00039303113689379086,5.8449613226406953e-08,5.5369567361547577e-10,0.50011981581864795
22.420232774643068,504,0.0044799509400828916,-9.7808579811731189e-12,0.00039785754386641853,5.9666316227667787e-08,5.6954311510683389e-10,0.50011981583239518
22.598170570671286,508,0.0045352681793171968,-1.1666147648609071e-11,0.00040277018269429475,6.0928333446056462e-08,5.8516637410961228e-10,0.5001198158406277
22.776108357193223,512,0.0045916102960079294,-1.2900302570964528e-11,0.00040777383931076547,6.2234651988310888e-08,6.0166980556539264e-10,0.50011981585875742
22.954046133529928,516,0.0046490307268613092,-1.437672095087883e-11,0.00041287325934741758,6.3588047266357754e-08,6.1891102512062672e-10,0.50011981590047161
23.131983899291725,520,0.0047075841321614891,-1.4874554496099868e-11,0.00041807329709990992,6.4988873047782177e-08,6.3541021697188092e-10,0.50011981596267685
23.309921654941128,524,0.0047673241930716852,-1.5458882004354413e-11,0.00042337871990967872,6.6438644078739967e-08,6.5226374166193251e-10,0.50011981602801459
23.487859400950796,528,0.0048283066776166235,-1.7095631984695436e-11,0.00042879448044911715,6.7939421192483793e-08,6.6987218363967367e-10,0.50011981607977618
23.665797136556645,532,0.004890584779789325,-1.6377227698982644e-11,0.00043432530279482665,6.9491125585558085e-08,6.8821795704363895e-10,0.50011981611274858
23.843734860492198,536,0.0049542101905627745,-1.3977394762443307e-11,0.00043997577754251399,7.1096674409366232e-08,7.0724046744923913e-10,0.50011981613169354
24.021672572385402,540,0.0050192359475018117,-1.2211688474664251e-11,0.00044575061487663476,7.2755997377152797e-08,7.266048715456962e-10,0.50011981614383638
24.199610272389414,544,0.0050857122743838534,-9.2392113924810726e-12,0.00045165427509351671,7.4471835658655695e-08,7.4612485438874364e-10,0.50011981615491163
24.377547960076878,548,0.0051536867773216274,-5.5280876447641458e-12,0.00045769098601871786,7.6244467148370544e-08,7.6551014082752956e-10,0.50011981617065349
24.555485634408022,552,0.0052232049599556579,-2.5059626682782943e-12,0.00046386478876047748,7.8076247119588691e-08,7.8542803578508785e-10,0.50011981619817047
24.733423294644478,556,0.0052943091486121006,-2.4733303512908256e-12,0.00047017944225463904,7.996873289841382e-08,8.0591382340451257e-10,0.50011981624315904
24.911360940236296,560,0.0053670407520405696,-1.5876720511204256e-12,0.00047663862394848629,8.1923666483202272e-08,8.2655503173716498e-10,0.50011981630537961
25.089298570247383,564,0.0054414350217928675,-8.8229955026025708e-13,0.00048324546447804737,8.3943038044074994e-08,8.4786816509373661e-10,0.50011981637776148
25.267236183937076,568,0.0055175267518348513,-1.1846968718531858e-14,0.00049000305384184746,8.6027322929500561e-08,8.6949524370801436e-10,0.50011981645095338
25.445173780457814,572,0.005595345712490294,1.4747886072086214e-12,0.00049691403589649443,8.8179412729326255e-08,8.9204252161858309e-10,0.50011981651985993
25.623111358439271,576,0.0056749181543272543,1.6916754455587046e-12,0.00050398074191451182,9.0399076186405798e-08,9.1501183607495702e-10,0.50011981658668048
25.801048916684206,580,0.0057562658619525345,3.5183339531716373e-12,0.00051120510655328143,9.2689991880171509e-08,9.3792648334237125e-10,0.50011981665841287
25.978986454632629,584,0.0058394084049761142,2.4533606483162496e-12,0.00051858886775972839,9.5053308004403066e-08,9.6191941602633541e-10,0.50011981674103789
26.156923971961955,588,0.0059243605513233256,3.9998213074987632e-12,0.00052613333705055871,9.7492454954773873e-08,9.8631442210692138e-10,0.50011981683441564
26.334861467893059,592,0.0060111331550150087,6.5350863826321715e-12,0.00053383947835464825,1.000090050612855e-07,1.0114958908277631e-09,0.50011981693142271
26.512798941117932,596,0.0060997338995117459,7.6201163434763686e-12,0.00054170797402829855,1.0260542169425629e-07,1.0372775117675322e-09,0.50011981702196684
26.690736390621527,600,0.0061901656672270445,1.005790296968595e-11,0.00054973908005421439,1.0528318080575339e-07,1.0632024416344162e-09,0.50011981709913667
26.868673815965355,604,0.0062824291279501843,8.1570484958617961e-12,0.00055793285591535034,1.0804380905844602e-07,1.0901297194530411e-09,0.50011981716334686
27.046611216750161,608,0.0063765201591290139,9.3207217118085328e-12,0.00056628893549419835,1.1088911710657978e-07,1.1185645405401771e-09,0.50011981722192622
27.224548592057978,612,0.0064724327180528665,7.0201431473515541e-12,0.00057480678214692999,1.1382034942326357e-07,1.1474863554956004e-09,0.50011981728493737
27.402485940547063,616,0.0065701566420224072,1.1012918550191986e-11,0.00058348549333986789,1.1684061317246489e-07,1.1766428491459427e-09,0.50011981735996602
27.580423261411728,620,0.0066696791784071159,1.6043185660161163e-11,0.00059232393653153457,1.1995147522812753e-07,1.2072191263455048e-09,0.50011981744826095
27.758360554341625,624,0.0067709860944329837,1.5845300115405192e-11,0.00060132084773118887,1.2315637799230586e-07,1.2390268044975826e-09,0.50011981754343149
27.936297819188038,628,0.0068740609989164239,1.7408184052256082e-11,0.00061047477126305869,1.2645722333372507e-07,1.2711559542085894e-09,0.50011981763337787
28.11423505537957,632,0.0069788836742344018,1.9208038480079959e-11,0.00061978391163117761,1.2985645056578149e-07,1.3046665356898401e-09,0.50011981770568004
28.292172262131803,636,0.0070854342593128731,2.4133979537044326e-11,0.00062924650500414568,1.3335695254117105e-07,1.3389709455627439e-09,0.50011981775455716
28.470109438785244,640,0.0071936903878861685,3.1318832510035532e-11,0.00063886056506835289,1.3696022339567545e-07,1.3744086528548234e-09,0.50011981778476056
28.648046584829842,644,0.0073036295317446169,3.1612617905352192e-11,0.00064862409112819179,1.4066964163780194e-07,1.4113457907082448e-09,0.50011981780851378
28.825983699854905,648,0.0074152291047704568,3.0325223560577486e-11,0.00065853507734532656,1.4448646484083717e-07,1.4492608190450782e-09,0.50011981783677439
29.003920783825386,652,0.0075284651273115309,2.8707493196847289e-11,0.00066859139412377784,1.4841433806860131e-07,1.4887769605447572e-09,0.50011981787168625
29.18185783675359,656,0.0076433143805854,3.8089214074443767e-11,0.00067879097943923411,1.5245521194594349e-07,1.5293927097119948e-09,0.50011981790662807
29.35979485828782,660,0.0077597538829180003,4.0658281862809842e-11,0.00068913179232461342,1.566126827770628e-07,1.571779187506523e-09,0.50011981793361548
29.537731848298019,664,0.0078777617854961166,4.2905395816056346e-11,0.00069961189242046136,1.6088961373683897e-07,1.6146486445512327e-09,0.50011981795084393
29.71566880713824,668,0.0079973174721595739,3.9062336048070745e-11,0.0007102294488373418,1.6528932679218188e-07,1.6602091467415897e-09,0.50011981796349647
29.893605734448307,672,0.0081183999290070016,3.6812098942046179e-11,0.00072098259536303513,1.6981513699518357e-07,1.706822333404185e-09,0.50011981797834026
30.071542629251667,676,0.0082409899098041372,3.2685080987235327e-11,0.00073186962276911591,1.7446952267229462e-07,1.7545930638349636e-09,0.50011981799883032
30.24947949110393,680,0.0083650656892493361,3.3023809381527158e-11,0.00074288860166500193,1.7925484924982727e-07,1.803835147540373e-09,0.50011981802497452
30.427416319940946,684,0.0084905990390532794,3.0740707722409777e-11,0.00075403702513979047,1.8417091516742662e-07,1.855050321987498e-09,0.50011981805620687
30.605353116051326,688,0.0086175418187510629,2.9943339257751389e-11,0.00076531061791292954,1.8921319619992824e-07,1.9081191186301434e-09,0.50011981809327832
30.783289879808397,692,0.0087457999796191361,2.0715920732300441e-11,0.00077670102766211563,1.9435816073491919e-07,1.9628405153281559e-09,0.5001198181382509
30.961226611657576,696,0.0088751446171608274,1.3724198860698422e-11,0.00078818792573151215,1.9953543980923405e-07,2.0192892949390027e-09,0.5001198181936698
31.139163311495054,700,0.0090050436243814796,3.4451567033216834e-12,0.00079972405651836825,2.0455523455214639e-07,2.0773518385862735e-09,0.50011981826134566
31.317099978676584,704,0.0091350693937329516,-6.4589666080860919e-12,0.00081127144485484872,2.0907940767878646e-07,2.1377898009921587e-09,0.50011981834104891
31.495036612792461,708,0.0092653691078287016,-1.2853116140854048e-11,0.00082284316180219379,2.1285576327505584e-07,2.199500550296413e-09,0.50011981843061881
31.672973213758226,712,0.0093968914862320261,-7.3274717673696421e-11,0.0008345234616837921,2.1616794119160698e-07,2.2631011853176576e-09,0.50011981852855736
31.850909781495929,716,0.0095315237637756817,1.0877941559669924e-11,0.00084647994691879991,2.1999602929684964e-07,2.3290173692510148e-09,0.50011981863737476
32.028846316133269,720,0.0096699921025249925,5.0569282463754084e-10,0.00085877710684195089,2.2540752568398347e-07,2.3968646462092788e-09,0.50011981876409783
32.20678281795518,724,0.0098101740238238748,5.2841598002610624e-10,0.00087122644739241165,2.3268648816864044e-07,2.4662343841913715e-09,0.50011981891619972
32.384719286775209,728,0.0099490423691997038,-2.8188601669879021e-10,0.00088355913128805152,2.4119056057528993e-07,2.5375184810192056e-09,0.50011981909556491
32.562655722295041,732,0.010085764162937227,-1.523309895975003e-09,0.00089570118323839261,2.5003136986973725e-07,2.6115644684846579e-09,0.50011981929569793
32.740592124243008,736,0.010222080498703443,-2.6014890630154247e-09,0.00090780722709071652,2.5870643833289042e-07,2.6879637001116101e-09,0.50011981950521245
32.918528492019696,740,0.010360651350544436,-3.0397579553302634e-09,0.00092011349104367845,2.6714152864154014e-07,2.7661263988336281e-09,0.50011981971504216
33.096464824813054,744,0.010503228121940078,-2.7027639215235211e-09,0.00093277551454315586,2.7541687528971333e-07,2.8460629496461351e-09,0.50011981992325594
33.27440112188355,748,0.010649492271246921,-1.8986917454943963e-09,0.00094576500839635956,2.8360973829089222e-07,2.9283338347006985e-09,0.50011982013327871
33.452337383122561,752,0.010798234312858281,-1.0602001377507664e-09,0.0009589745600491798,2.9178074128369635e-07,3.0132355355382616e-09,0.50011982034725833
33.630273608489254,756,0.010948664458842877,-4.727998264165284e-10,0.00097233402965171386,2.9999275541454636e-07,3.1007779151654254e-09,0.50011982056067894
33.80820979754008,760,0.011100897346022156,-1.8068009892055481e-10,0.00098585359792352999,3.0831294887127814e-07,3.1905302051412383e-09,0.50011982076307193
33.986145949544209,764,0.011255381216029862,-3.7925576307912268e-11,0.0009995730725138271,3.1679328569955485e-07,3.2822070043964321e-09,0.50011982094433738
34.164082063883818,768,0.011412048884733296,6.824174949085493e-11,0.0010134864869032428,3.2546691096824567e-07,3.3764133819530178e-09,0.50011982110152708
34.342018140193638,772,0.011570421386568578,2.1140088703013038e-10,0.001027551304897656,3.3435134421821541e-07,3.4735857062971077e-09,0.50011982124104626
34.519954177940562,776,0.011730354468513384,3.6137101167357799e-10,0.0010417547156083035,3.4345881103350106e-07,3.5728017146648109e-09,0.50011982137496647
34.69789017610546,780,0.011892278654881643,4.0437067583276587e-10,0.0010561349532364978,3.5279954371831599e-07,3.6748256535159003e-09,0.50011982151440371
34.875826133590948,784,0.01205647813383403,3.5030202588486048e-10,0.0010707172560951387,3.6238308729498719e-07,3.7789144864399045e-09,0.5001198216645304
35.053762049609297,788,0.012222694538175368,3.2615723403323083e-10,0.0010854786789915084,3.722195041966526e-07,3.8863249911348947e-09,0.50011982182416881
35.231697923510659,792,0.012390811390739819,4.4444530586211506e-10,0.0011004088777678835,3.8231708133172219e-07,3.9967249609606727e-09,0.50011982198953864
35.409633754779527,796,0.012561061732200517,6.5186540909069335e-10,0.001115528548407563,3.9268568330540129e-07,4.1095715407859284e-09,0.5001198221591111
35.587569542510828,800,0.012733816047149007,8.6255353857686567e-10,0.0011308705930765757,4.0333343578876689e-07,4.2252067650697637e-09,0.50011982233626973
35.765505285726498,804,0.012909113525627944,9.0921852577245665e-10,0.0011464384921822557,4.1426906799557359e-07,4.3442268339023723e-09,0.50011982252820764
35.943440983542231,808,0.013086870779226618,7.9910834850302481e-10,0.0011622248401282663,4.2550020901820688e-07,4.4668069240865085e-09,0.50011982274168487
36.121376635087302,812,0.013267238427318053,6.400565774004191e-10,0.0011782430131891725,4.3703498773067828e-07,4.591786500735819e-09,0.50011982297813384
36.299312239182065,816,0.013450633289864379,5.0628196795500513e-10,0.0011945300285039089,4.4888129182540354e-07,4.7198939491129997e-09,0.50011982323147663
36.477247794603343,820,0.013637374251696598,3.9375602171182189e-10,0.0012111142057432346,4.6104551300750084e-07,4.8519295436589402e-09,0.50011982349049589
36.655183300441152,824,0.013827508012000656,2.9410535356926004e-10,0.0012279996921899362,4.7353413323795801e-07,4.9875716983707128e-09,0.50011982374419073
36.83311875593089,828,0.014021075067314454,1.607442195843134e-10,0.0012451900842791802,4.863525147633152e-07,5.1264979643942295e-09,0.50011982398619204
37.011054160350952,832,0.01421828552194622,4.3996906378546141e-11,0.0012627040410510197,4.9950787071496771e-07,5.2695004630159382e-09,0.50011982421568935
37.188989512719218,836,0.014419394141825928,-4.6078262733173503e-12,0.0012805641878753564,5.1300691832929941e-07,5.4165594639531977e-09,0.50011982443570657
37.366924811959947,840,0.014624527476774344,-1.985716886060418e-11,0.0012987817634468857,5.2685802727718717e-07,5.5677387312960634e-09,0.50011982465117399
37.544860057296418,844,0.014833697942879542,-4.0630451043563443e-11,0.0013173578704192689,5.4106898236537521e-07,5.7231204246720652e-09,0.5001198248679618
37.722795248023559,848,0.015046940792514747,-8.551270889306517e-11,0.0013362956395014832,5.5564900740316008e-07,5.8827702184490567e-09,0.50011982509215269
37.900730382895162,852,0.015264349230505342,-1.1165397642912134e-10,0.0013556033480705356,5.7060844516482056e-07,6.0468702845882309e-09,0.50011982532883126
38.078665460950546,856,0.015485980272217831,-1.0923069350063375e-10,0.0013752860595733216,5.8595865693536041e-07,6.2156426280093855e-09,0.5001198255809981
38.256600481439875,860,0.015711797075462428,-1.2257338026511189e-10,0.0013953405021117032,6.0171295075263214e-07,6.3893334203000799e-09,0.50011982584961368
38.434535443746483,864,0.015941701977973191,-1.9443611304348352e-10,0.0014157580024502423,6.1788488790723366e-07,6.5674968972335827e-09,0.50011982613459471
38.612470347146044,868,0.016175614353036299,-2.9789479780509276e-10,0.0014365314002546497,6.3449015583729323e-07,6.7500337705226927e-09,0.50011982643532238
38.790405190762932,872,0.01641346348337978,-3.6503913043370306e-10,0.0014576544152329052,6.5154418910150401e-07,6.9381041060427677e-09,0.50011982675003763
38.968339973771613,876,0.016655152947155749,-3.6135620580871053e-10,0.0014791184843091882,6.6906398725550357e-07,7.1326199566885342e-09,0.50011982707517411
39.146274695324053,880,0.016900537729610657,-2.9849734923398374e-10,0.001500910728946559,6.8706647056112235e-07,7.3331147921057874e-09,0.50011982740586736
39.32420935444874,884,0.017149449044912835,-1.9764735377861276e-10,0.0015230161595352365,7.0556906395980265e-07,7.5385448627492953e-09,0.50011982773748587
39.502143950565809,888,0.017401716986546991,-9.0810645461680828e-11,0.0015454196869392543,7.2458921550782374e-07,7.7491878800293991e-09,0.50011982806698529
39.680078483139994,892,0.017657166196604568,4.5678244173230631e-12,0.0015681057378928041,7.4414371338658781e-07,7.9662954723070121e-09,0.50011982839339653
39.858012951535812,896,0.017915607970802848,5.7928594213163542e-11,0.0015910575538591427,7.6424994777852518e-07,8.1903378880654954e-09,0.50011982871781091
40.035947354942074,900,0.018176838510902866,4.6736327048019222e-11,0.0016142570358305161,7.8492432152375014e-07,8.4208617801112284e-09,0.50011982904333541
40.213881692411675,904,0.018440666930558597,-9.3478202609076355e-12,0.0016376872314844994,8.0618378397711904e-07,8.657468877910868e-09,0.50011982937472244
40.391815963205815,908,0.018706925940662492,-8.0631023992999706e-11,0.0016613332841330757,8.2804434504947877e-07,8.9022886727770347e-09,0.50011982971726876
40.569750166974544,912,0.018975466453406295,-1.2897359309010925e-10,0.0016851819535175895,8.5052245994856043e-07,9.1531804892645694e-09,0.50011983007535243
40.74768430348319,916,0.019246149191707251,-1.4211235270164546e-10,0.0017092208706548076,8.7363439592997222e-07,9.411993027991684e-09,0.50011983045153796
40.925618371941333,920,0.019518832262285575,-1.3861455256183874e-10,0.001733437434221068,8.9739671700863204e-07,9.6789630045279254e-09,0.50011983084666856
41.103552371126234,924,0.019793384884821442,-1.2398748607672649e-10,0.0017578200298175686,9.2182652299846748e-07,9.9529320338615794e-09,0.5001198312605093
41.281486299982369,928,0.020069704600289374,-1.0308160575123182e-10,0.0017823595582160436,9.469412407137812e-07,1.0234704922395102e-08,0.50011983169233087
41.459420157428696,932,0.020347725787455858,-7.8154491559012662e-11,0.0018070501916958013,9.7275974999411072e-07,1.0524925087624858e-08,0.50011983214127342
41.63735394251627,936,0.020627416059369554,-5.3217142064604372e-11,0.0018318890540215693,9.9930115286675934e-07,1.0822949024163581e-08,0.50011983260672255
41.815287654527609,940,0.020908774110556347,-4.353915231819494e-11,0.0018568760292562018,1.0265862985241424e-06,1.1128359059209126e-08,0.50011983308868135
41.993221292455608,944,0.02119182696321464,-3.5874464423407693e-11,0.0018820135171995248,1.0546363520728586e-06,1.1443505487863516e-08,0.500119833587782
42.171154855700408,948,0.02147663475077289,-1.2626497937484604e-11,0.0019073068582087138,1.083474395368034e-06,1.1768319773363453e-08,0.50011983410478911
42.349088343296785,952,0.021763289771784516,3.6431091216676537e-11,0.0019327642491761587,1.1131242239861288e-06,1.2102134055506648e-08,0.50011983463995624
42.527021753899,956,0.022051912752112629,8.2127247710839235e-11,0.0019583964115798443,1.1436108593116832e-06,1.2445063440939753e-08,0.50011983519277137
42.704955086168127,960,0.022342650609729769,1.0236175665770397e-10,0.0019842163929786583,1.1749603204969252e-06,1.2797658417663099e-08,0.50011983576218244
42.882888339078541,964,0.022635676240188821,9.5060227051080304e-11,0.0020102395479603932,1.2071990845439081e-06,1.3160649437432482e-08,0.50011983634703283
43.060821511860645,968,0.02293118738301405,8.6224313279592568e-11,0.002036483437467681,1.2403549217412854e-06,1.3533856315594118e-08,0.50011983694651507
43.238754603452549,972,0.023229401935887007,1.022266073874567e-10,0.0020629674126580568,1.2744554588250247e-06,1.3916670071408949e-08,0.5001198375606839
43.416687612324935,976,0.023530552817951137,1.4148072513889276e-10,0.0020897121587219554,1.3095296497256961e-06,1.4309039439600495e-08,0.50011983819087757
43.594620537029805,980,0.023834888122267472,1.8059470889217333e-10,0.0021167397084220635,1.3456060472778203e-06,1.471200727503892e-08,0.50011983883953348
43.772553375804868,984,0.024142674771906385,2.0246412055571761e-10,0.0021440737667851998,1.3827141534057947e-06,1.5126742460392726e-08,0.5001198395090779
43.95048612712943,988,0.024454197340293356,2.1116949248251027e-10,0.0021717396063390378,1.420883606224677e-06,1.5553530652729469e-08,0.50011984020044975
44.128418789755891,992,0.02476975003590216,2.2638212008110892e-10,0.0021997633552850522,1.460144846423957e-06,1.5991920664978776e-08,0.50011984091242678
44.306351362354718,996,0.025089630071419053,2.3488129973978089e-10,0.0022281714086242032,1.5005291685942624e-06,1.644205597831868e-08,0.50011984164252998
44.484283843433204,1000,0.025414136442999558,2.500281409863192e-10,0.0022569903197446083,1.542068081029817e-06,1.6904788239753288e-08,0.50011984238901364
44.662216231323775,1004,0.025743569323377843,2.7301804046697686e-10,0.0022862467465245228,1.584794323575981e-06,1.7380371276675312e-08,0.50011984315243407
44.840148523893099,1008,0.026078225809504408,2.9806361675696613e-10,0.0023159670736865915,1.6287409845835148e-06,1.7868061183840264e-08,0.500119843935527
45.018080719177256,1012,0.02641839419466956,3.0337882249778514e-10,0.0023461769041139549,1.673943022893858e-06,1.8367542130737725e-08,0.50011984474148297
45.196012815650718,1016,0.026764350877070534,2.7721173186806558e-10,0.0023769007843048571,1.7204358816323365e-06,1.8880249446303051e-08,0.50011984557202349
45.373944811803071,1020,0.0271163594092515,2.2273087584359641e-10,0.0024081621199548747,1.7682567018083032e-06,1.9408069667622835e-08,0.50011984642680907
45.551876705511795,1024,0.027474668371628444,1.4081252396741517e-10,0.0024399829871079373,1.8174436808543003e-06,1.9951295395942844e-08,0.50011984730451398
45.729808494685926,1028,0.027839508749921242,7.0011775890610473e-11,0.0024723838992501096,1.8680366318408341e-06,2.0509121331851628e-08,0.50011984820453925
45.90774017747826,1032,0.02821109234193556,1.9717117695494668e-11,0.002505383665818344,1.9200766972332899e-06,2.1081322606249636e-08,0.50011984912796259
46.085671752079982,1036,0.02858961081133404,-3.3922524511620367e-11,0.0025389993081673581,1.973605912677428e-06,2.1668724877620986e-08,0.50011985007712212
46.263603216587107,1040,0.028975233956582809,-1.0889962282628618e-10,0.0025732459058374385,2.0286681796840787e-06,2.2272298219792826e-08,0.50011985105430301
46.441534568847302,1044,0.029368106749184185,-1.9824226895476249e-10,0.0026081363335244507,2.0853081673818021e-06,2.2892714727143775e-08,0.50011985206058129
46.619465806571093,1048,0.029768348507717972,-2.849174750296779e-10,0.0026436811877277163,2.1435724009038222e-06,2.3530228517713065e-08,0.5001198530956984
46.79739692745148,1052,0.030176058191694249,-3.2623574328094485e-10,0.0026798892568889276,2.2035077277569374e-06,2.4184969206338587e-08,0.50011985415908611
46.975327929278237,1056,0.03059131906273508,-3.2495763154991031e-10,0.0027167679353445177,2.2651626441224212e-06,2.4857585284077493e-08,0.50011985525122926
47.153258809975704,1060,0.031014197680855532,-3.0489869526709179e-10,0.0027543231341869215,2.3285863510408505e-06,2.5549148950597393e-08,0.50011985637418177
47.331189567463738,1064,0.031444738849328066,-2.9322471881143564e-10,0.00279255883232577,2.3938293306384699e-06,2.6260257139477786e-08,0.50011985753067434
47.509120199761661,1068,0.031882964011525038,-3.0293140088413772e-10,0.0028314769341139393,2.46094316371317e-06,2.6990567726355807e-08,0.500119858722465
47.687050704764154,1072,0.032328874421126509,-3.2877484458862516e-10,0.0028710775508888247,2.5299801947264001e-06,2.7740175818914546e-08,0.50011985994924835
47.864981079881254,1076,0.032782456449362188,-3.5334413780313545e-10,0.0029113594723003248,2.6009945680453865e-06,2.8510740022866283e-08,0.50011986120892504
48.042911323106004,1080,0.033243684485371058,-3.6032991000689574e-10,0.0029523204238873142,2.6740410846902464e-06,2.9303850917650204e-08,0.500119862498967
48.220841432465861,1084,0.033712521012875071,-3.4863243542071487e-10,0.0029939570738869133,2.7491766513956728e-06,3.0119931465692059e-08,0.50011986381800433
48.398771405402407,1088,0.034188917917960318,-3.3370092886869651e-10,0.003036265149376524,2.8264589799456804e-06,3.0958899433620436e-08,0.50011986516685869
48.576701239719405,1092,0.034672821383848612,-3.3436715202173062e-10,0.0030792398709709535,2.905947977523498e-06,3.1820836643104006e-08,0.50011986654855189
48.754630933306245,1096,0.03516417607663621,-3.5335333617436682e-10,0.0031228763245514236,2.9877048412002965e-06,3.2706485220126242e-08,0.50011986796723717
48.93256048407563,1100,0.03566292650794485,-3.7625647129196915e-10,0.0031671695822805142,3.0717927313054731e-06,3.3617190112562086e-08,0.50011986942661002
49.110489889978616,1104,0.03616901637178635,-3.7927470365739513e-10,0.0032121146437101254,3.1582766913531214e-06,3.4554370940418467e-08,0.50011987092888699
49.288419148509895,1108,0.036682388614870248,-3.5440538177777814e-10,0.0032577064420253933,3.2472235329466087e-06,3.5518627326113044e-08,0.50011987247511458
49.466348257657351,1112,0.037202988406313822,-3.1380899701699549e-10,0.0033039401077800627,3.3387023329608813e-06,3.651009283076972e-08,0.50011987406645519
49.644277215488671,1116,0.037730766875705611,-2.8143969967031612e-10,0.0033508113008681524,3.4327836654302668e-06,3.7529249911476234e-08,0.50011987570514671
49.822206019193942,1120,0.038265683217119886,-2.6673464825766047e-10,0.0033983163973782399,3.5295404884257164e-06,3.8577150968562591e-08,0.5001198773941874
50.000134666158203,1124,0.038807706387552543,-2.6398229262258877e-10,0.0034464526404289365,3.6290472142980369e-06,3.9655012098095234e-08,0.50011987913611844
50.178063154075637,1128,0.03935681761449901,-2.6557655380399225e-10,0.0034952183628630205,3.7313804246194226e-06,4.0763647982318677e-08,0.50011988093220761
50.355991480932211,1132,0.039913012934291732,-2.6975900853376533e-10,0.0035446132126732807,3.8366182361406857e-06,4.1904109021958476e-08,0.50011988278286545
50.53391964496781,1136,0.0404763038986172,-2.8050369579174506e-10,0.0035946382157472051,3.9448407550432356e-06,4.307774647614303e-08,0.5001198846888254
50.711847643714734,1140,0.041046717894766577,-2.9853120236261743e-10,0.0036452958043079456,4.0561301027495066e-06,4.4285369174914955e-08,0.50011988665194496
50.889775474940286,1144,0.041624296011107051,-3.1588002265964255e-10,0.0036965896273501151,4.1705702138116513e-06,4.5526888082823072e-08,0.50011988867500123
51.06770313613346,1148,0.04220909275394133,-3.2746482522133524e-10,0.0037485245254945182,4.2882472688524038e-06,4.6802922020232918e-08,0.50011989076080399
51.245630623889504,1152,0.042801176840577701,-3.3705981235254701e-10,0.0038011066014194792,4.4092493084080173e-06,4.8115226773756038e-08,0.50011989291134396
51.423557935366972,1156,0.043400633382426564,-3.5121220081507643e-10,0.0038543434137382837,4.5336667065240657e-06,4.9465032888034838e-08,0.50011989512747279
51.601485068387717,1160,0.044007564878874916,-3.7163025955189166e-10,0.0039082440652636425,4.6615920875950374e-06,5.0852936728489626e-08,0.50011989740923657
51.779412021174927,1164,0.044622091748526431,-3.8900842703332161e-10,0.0039628192501863033,4.7931204157513377e-06,5.2279919657175415e-08,0.50011989975660953
51.95733879193979,1168,0.045244350817137097,-3.8281817559687736e-10,0.0040180811197909434,4.9283494680672639e-06,5.374759391422167e-08,0.50011990217015567
52.135265378223771,1172,0.045874492673774178,-3.3921439181877622e-10,0.0040740430476607185,5.0673794315385236e-06,5.5257188999369001e-08,0.50011990465118861
52.31319177638229,1176,0.046512678077334904,-2.5656067721702147e-10,0.0041307193105457251,5.2103136856668651e-06,5.6809634694472883e-08,0.50011990720155097
52.491117983256117,1180,0.047159076628380293,-1.486543613898883e-10,0.0041881249704106014,5.3572580496659586e-06,5.8406177118271105e-08,0.5001199098234187
52.66904399535354,1184,0.047813867191183766,-3.3756219174063684e-11,0.0042462759119160183,5.5083218568945878e-06,6.0047576319375182e-08,0.50011991251948928
52.846969810134617,1188,0.048477238975400488,7.8429140785984952e-11,0.0043051889384800694,5.6636172006448233e-06,6.1734392545987453e-08,0.50011991529330313
53.024895425148472,1192,0.049149391732287682,1.9674288240234539e-10,0.0043648817897042917,5.8232597793799092e-06,6.3468178468556438e-08,0.50011991814932066
53.202820837642484,1196,0.049830534009025901,3.1650725963727755e-10,0.0044253729863426268,5.9873683205519638e-06,6.5250848585821497e-08,0.50011992109241443
53.380746044659006,1200,0.050520879431099251,4.3299221586662329e-10,0.004486681500145335,6.1560649836724416e-06,6.7083759894138997e-08,0.50011992412699413
53.558671042960867,1204,0.05122064320479483,5.1237554477001623e-10,0.0045488264432513572,6.3294751649808212e-06,6.8968207125643688e-08,0.50011992725607657
53.736595828900782,1208,0.051930039332982847,5.399494063668131e-10,0.0046118268209260306,6.5077277387630971e-06,7.0905799114249377e-08,0.50011993048079983
53.914520399672057,1212,0.052649280518839402,5.0677881075628095e-10,0.0046757015230108629,6.6909551450283267e-06,7.2897756491105081e-08,0.50011993380057473
54.092444751956101,1216,0.053378578833621577,4.5334273661434832e-10,0.0047404693832276057,6.8792934460751018e-06,7.4944939399519809e-08,0.5001199372139733
54.270368881582272,1220,0.054118146066059462,4.0666017428470091e-10,0.004806149210207224,7.0728823486544028e-06,7.7048469741851873e-08,0.50011994071996779
54.448292785155637,1224,0.05486819274852351,3.8748360076112931e-10,0.0048727597010053171,7.27186534737698e-06,7.9209826545361882e-08,0.50011994431899476
54.626216459434417,1228,0.055628926624669561,3.8940094291423089e-10,0.0049403193050160362,7.4763898528048907e-06,8.1430774126723299e-08,0.50011994801328896
54.804139901291244,1232,0.056400550398426473,3.9026112202966701e-10,0.0050088460240631386,7.6866073911622657e-06,8.3713133649284353e-08,0.50011995180643953
54.982063107071326,1236,0.057183260635994215,3.838557458002434e-10,0.0050783573148881316,7.9026736393407422e-06,8.6058829864287278e-08,0.50011995570250922
55.159986072421432,1240,0.057977247270207803,3.5960482421687479e-10,0.0051488700451335963,8.1247489917125731e-06,8.8470459630323017e-08,0.50011995970519396
55.337908793718128,1244,0.058782693144411133,3.2788681318673962e-10,0.0052204004528353266,8.3529982136187115e-06,9.0950665561765599e-08,0.50011996381736312
55.515831267274955,1248,0.059599773402263953,2.9970807866736004e-10,0.0052929640922320222,8.5875910371719284e-06,9.3500985911195557e-08,0.50011996804113756
55.693753488482571,1252,0.060428655410197415,2.7439776319193587e-10,0.0053665758268786898,8.828701841693111e-06,9.6121832366929648e-08,0.50011997237855499
55.871675453567327,1256,0.061269499289323633,2.5393083295799368e-10,0.0054412498768847102,9.0765102955493051e-06,9.8813987638765181e-08,0.5001199768324659
56.049597158881625,1260,0.062122458370346197,2.1210480854322311e-10,0.0055169998593137407,9.3312007826326457e-06,1.0157966240468855e-07,0.50011998140694081
56.227518600649105,1264,0.062987680091487808,1.5013956831261277e-10,0.0055938388679272824,9.5929632047463235e-06,1.0442182671591206e-07,0.50011998610674502
56.405439774627965,1268,0.063865305848353454,1.0218965083852449e-10,0.0056717794598512674,9.8619942136703273e-06,1.0734355708408569e-07,0.50011999093593229
56.583360675799348,1272,0.064755469789449932,1.0129985392182128e-10,0.0057508335486079944,1.0138495705964073e-05,1.103475302152428e-07,0.50011999589668887
56.761281300183057,1276,0.065658299247219207,1.2455928823096318e-10,0.0058310124423955429,1.0422675646768925e-05,1.1343630646410745e-07,0.50012000098927156
56.939201643568481,1280,0.066573917254992704,2.3436421553446607e-10,0.005912327067614606,1.0714748719601132e-05,1.1661210613345805e-07,0.50012000621322994
57.117121700654813,1284,0.067502443972187867,3.3510706015649205e-10,0.0059947880954379995,1.1014935536177642e-05,1.198761943524544e-07,0.50012001156915065
57.295041467123191,1288,0.068443999513971399,3.5763160835533547e-10,0.0060784061931087032,1.1323461711948811e-05,1.2322984164313457e-07,0.50012001705994424
57.472960938636291,1292,0.069398707375027291,3.4995639545953861e-10,0.0061631923279994198,1.1640559969018536e-05,1.2667604552960695e-07,0.50012002269090905
57.650880110619575,1296,0.070366691039738069,3.6052973627354046e-10,0.0062491574665679952,1.1966470410315051e-05,1.3021937287199809e-07,0.50012002846858727
57.828798978264956,1300,0.071348072236600918,3.5291585279151327e-10,0.0063363124193348023,1.2301439184713104e-05,1.3386362547402209e-07,0.50012003439901365
58.006717535574339,1304,0.072342971677339732,3.4185240055384369e-10,0.0064246679065221449,1.2645719002162441e-05,1.3761053264136564e-07,0.50012004048612058
58.184635774478245,1308,0.073351509871476012,2.9035433952995238e-10,0.0065142346303950433,1.2999569878578679e-05,1.4146127518685329e-07,0.50012004673089594
58.362553684811942,1312,0.074373811016033742,1.9813700680160196e-10,0.0066050236206999322,1.3363259457970619e-05,1.4541843452818309e-07,0.50012005313130159
58.54047125271385,1316,0.075410006402238383,9.3021319813590964e-11,0.0066970465372083584,1.3737063210520765e-05,1.4948653372935735e-07,0.50012005968231543
58.718388462111243,1320,0.07646023596189841,9.6996889686895571e-13,0.0067903158070487376,1.4121264424735288e-05,1.5367059004886683e-07,0.50012006637499129
58.896305298032281,1324,0.077524647448499129,-9.2504802429171917e-11,0.0068848445519805578,1.4516154484257714e-05,1.5797439645921099e-07,0.50012007319379992
59.074221748493329,1328,0.078603395052166361,-1.5243525192110141e-10,0.0069806464653914416,1.4922032856196774e-05,1.6239995873905502e-07,0.50012008011198916
59.252137807028326,1332,0.079696638818791382,-1.9798775466317586e-10,0.0070777357607105231,1.5339207529701577e-05,1.6694886925551881e-07,0.50012008708475242
59.430053478858035,1336,0.080804545431862995,-2.1820021831042702e-10,0.0071761272408417493,1.5767995534018886e-05,1.7162432251066855e-07,0.5001200940395818
59.607968781709609,1340,0.08192729050344362,-2.0228082230067113e-10,0.0072758365016219418,1.6208723134903904e-05,1.7643130687324877e-07,0.50012010086210323
59.785883730240002,1344,0.083065061111503677,-1.4485162895538917e-10,0.0073768801571575532,1.6661725918894326e-05,1.8137473425725622e-07,0.50012010737447066
59.963798333570942,1348,0.084218056807707484,-5.2474509112943046e-11,0.0074792759293245831,1.7127348935517498e-05,1.8645834156579393e-07,0.5001201133018861
60.141712598176262,1352,0.085386489432841828,5.8399356531180224e-11,0.0075830426313770703,1.7605946969024034e-05,1.9168502494737919e-07,0.5001201182208056
60.319626524928161,1356,0.086570581582102513,1.7482213766906174e-10,0.0076882000316515582,1.8097884676012694e-05,1.9705744811860105e-07,0.50012012147957707
60.497540109654793,1360,0.087770565801536166,2.8818557783194532e-10,0.007794768782204327,1.8603536807423218e-05,2.0257845585081104e-07,0.50012012207870771
60.675453345903804,1364,0.088986683567440911,3.9565157747278867e-10,0.0079027703281735386,1.912328847991413e-05,2.0825128059932522e-07,0.50012011849427984
60.853366221215914,1368,0.09021918474144372,4.8835270896607774e-10,0.0080122268593854993,1.9657535407178911e-05,2.1407824041456483e-07,0.50012010842519883
61.031278720665398,1372,0.09146832790908388,5.4046039345279073e-10,0.0081231613404237311,2.0206684118264065e-05,2.20056940250453e-07,0.500120088444164
61.20919082938844,1376,0.092734380914031758,5.4050405817740454e-10,0.0082355975580721188,2.0771152088912382e-05,2.2628009848355411e-07,0.50012005353470956
61.387102535259665,1380,0.094017620968583834,5.1070654302765028e-10,0.0083495601311278072,2.1351367801184013e-05,2.3273766338341555e-07,0.50011999650503702
61.565013830205984,1384,0.095318334246003472,4.9337569099638934e-10,0.0084650744741976095,2.1947770689481744e-05,2.394781333827054e-07,0.50011990729067679
61.742924708563514,1388,0.09663681532482743,5.3092674007215734e-10,0.0085821667483477228,2.2560810877355436e-05,2.4663951862045088e-07,0.50011977221193116
61.92083516414926,1392,0.097973366224473529,6.325674793000724e-10,0.0087008637754575364,2.31909489405787e-05,2.5442821475262934e-07,0.50011957337192303
62.098745189604088,1396,0.099328295552001233,7.7319518843044222e-10,0.0088211929624447457,2.3838656328985678e-05,2.6312816006389836e-07,0.50011928860101917
62.276654776233755,1400,0.1007019170215257,9.2129769264925887e-10,0.0089431821697767942,2.4504416941141129e-05,2.7258986977018671e-07,0.50011889264165044
62.454563918081817,1404,0.10209454864648546,1.0600716537217947e-09,0.0090668596397374228,2.5188729397277999e-05,2.8260263841151856e-07,0.50011836044618585
62.632472611130048,1408,0.10350651246820873,1.184105820339898e-09,0.009192253972321044,2.5892108111344294e-05,2.9275637443786633e-07,0.50011767318587963
62.810380849715649,1412,0.10493813468605447,1.2930199185662294e-09,0.009319394136790381,2.6615075616905294e-05,3.0245079222548586e-07,0.50011682657175338
62.988288624254061,1416,0.1063897465903819,1.3788839965667155e-09,0.0094483095545320507,2.7358129238524062e-05,3.1151567730020173e-07,0.50011583956438177
63.166195924755861,1420,0.10786168476975486,1.4283551737215294e-09,0.0095790301174580577,2.8121698320093771e-05,3.1969597483886606e-07,0.50011476032426339
63.344102742526644,1424,0.10935429019801154,1.4089364050451358e-09,0.0097115861069298759,2.8906181243707526e-05,3.2723704910459205e-07,0.50011366623175713
63.522009071649826,1428,0.11086790570247089,1.231671722945471e-09,0.009846007968913743,2.971213384889064e-05,3.3423441723867057e-07,0.50011265618084066
63.699914907099277,1432,0.11240287145203025,6.8743042508367935e-10,0.0099823259132855776,3.0540499182564102e-05,3.4073862730935662e-07,0.50011183557827921
63.877820242300125,1436,0.11395951981506668,-5.8631366255113004e-10,0.010120569457169094,3.1392552928709309e-05,3.468602386780955e-07,0.50011129690700995
64.055725070915926,1440,0.11553817167452494,-3.0422897291659812e-09,0.010260767097684465,3.2269480112239176e-05,3.5274309473491461e-07,0.50011110083762944
64.233629384552586,1444,0.11713913547747214,-7.0463549474431009e-09,0.010402946227540715,3.3171929957448801e-05,3.650246124889076e-07,0.50011126369278192
64.411533173560258,1448,0.11876271047079737,-1.2636659160042418e-08,0.010547133422393242,3.4099999048079724e-05,3.7886477541703858e-07,0.50011175543201924
64.589436429311021,1452,0.12040919309779584,-1.9348959538756372e-08,0.010693355008914584,3.5053654382184729e-05,3.9276017807227387e-07,0.50011250846054356
64.767339143087582,1456,0.12207888364211131,-2.6206858936422828e-08,0.0108416376548327,3.6033156328509774e-05,4.0635211448089457e-07,0.50011343364016925
64.945241306647262,1460,0.12377209152221381,-3.1914974411503816e-08,0.010992008839125378,3.7039184047302866e-05,4.1912211678055776e-07,0.50011443809931322
65.123142912446298,1464,0.12548913836734082,-3.5206505273610578e-08,0.011144497125189846,3.8072697176392759e-05,4.3057714426721301e-07,0.50011544014607523
65.301043951195325,1468,0.12723035785428466,-3.5211401658991059e-08,0.011299132146348131,3.9134752761902354e-05,4.4103209280838928e-07,0.50011637858897084
65.47894441506989,1472,0.1289960950499302,-3.1684311063706616e-08,0.011455944547458871,4.0226423148906083e-05,4.5090702109192706e-07,0.50011721583964097
65.656844294418406,1476,0.13078670476095011,-2.5013128564926879e-08,0.011614965838356302,4.1348795212905823e-05,4.6073905089459308e-07,0.50011793578152486
65.83474357784695,1480,0.13260255071667515,-1.6033526565456535e-08,0.011776228321282198,4.2502977089839235e-05,4.7100573239506078e-07,0.50011853839360743
66.012642255072564,1484,0.13444400485426969,-5.7537425206255488e-09,0.01193976502740339,4.3690078104072272e-05,4.8195954774542542e-07,0.50011903341317487
66.190540315394102,1488,0.13631144602552372,4.8888497763965866e-09,0.012105609601963928,4.4911178116530115e-05,4.9384919963135591e-07,0.50011943487962351
66.36843774815901,1492,0.13820525810420159,1.5175507642184449e-08,0.012273796136201665,4.6167313540156634e-05,5.0653349986119196e-07,0.50011975749207205
66.546334542487116,1496,0.14012582764953674,2.4648973216689907e-08,0.0124443589598468,4.7459488623001294e-05,5.1999033605668206e-07,0.50012001478542212
66.724230685393522,1500,0.14207354237086228,3.3091891008668606e-08,0.012617332504768116,4.8788703284156634e-05,5.3413124635742911e-07,0.50012021857726008
66.902126164693513,1504,0.14404879088425809,4.0461497503169186e-08,0.012792751283361178,5.015598226437096e-05,5.4885453609006193e-07,0.50012037903705175
67.080020963971364,1508,0.14605196342832663,4.681087381261384e-08,0.012970649952115288,5.1562393871387442e-05,5.6408968221521898e-07,0.50012050492108251
67.257915058685754,1512,0.14808345364430564,5.2228683426747136e-08,0.013151063469702559,5.3009056046676374e-05,5.7978624476363547e-07,0.50012060376692768
67.435808425627414,1516,0.15014366036315885,5.6792178154685402e-08,0.01333402725568667,5.4497133628336142e-05,5.9589285999292963e-07,0.50012068200917636
67.613701044639114,1520,0.15223298842148875,6.0556692858121375e-08,0.013519577262982835,5.6027830431612273e-05,6.124485813272642e-07,0.50012074504389858
67.79159289993342,1524,0.15435184835325538,6.3566609954934794e-08,0.013707749950479823,5.7602378104718211e-05,6.295231412558291e-07,0.50012079727636516
67.969483987139469,1528,0.15650065556735598,6.5867760225268857e-08,0.013898582210002064,5.9222023001729193e-05,6.4718568413901068e-07,0.50012084217763031
68.147374314095316,1532,0.15867982924154128,6.7497555412965315e-08,0.014092111268080071,6.0888012400144853e-05,6.6544844095823575e-07,0.50012088236661911
68.325263892162326,1536,0.16088979143052529,6.8469783637975512e-08,0.014288374606743027,6.2601582515704475e-05,6.8428542615147525e-07,0.50012091972391548
68.503152730454644,1540,0.16313096625736564,6.8778625281207262e-08,0.014487409891706531,6.4363951789250245e-05,7.0366833843735748e-07,0.50012095553134717
68.681040835462127,1544,0.16540377902563547,6.8423385644889034e-08,0.01468925489352595,6.617632146582809e-05,7.2359604861459684e-07,0.50012099062106596
68.85892820805374,1548,0.16770865531920864,6.7448540592984774e-08,0.014893947407649722,6.8039882550782039e-05,7.4410539969463107e-07,0.50012102551469728
69.036814838245192,1552,0.17004601995791935,6.5932796521062098e-08,0.015101525161673103,6.9955825618855878e-05,7.6524848034490853e-07,0.50012106053767824
69.214700710903259,1556,0.17241629642561365,6.3919639043535925e-08,0.015312025764544306,7.1925351278851493e-05,7.8700818125020323e-07,0.50012109590264198
69.392585805644302,1560,0.17481990675737913,6.1373305555723068e-08,0.015525486696549521,7.39496811276511e-05,8.0936912519008685e-07,0.50012113176378592
69.570470099707421,1564,0.17725727193279417,5.8166714542173814e-08,0.015741945344236796,7.6030068388476104e-05,8.3228013647781256e-07,0.50012116824847319
69.748353569405467,1568,0.17972881298844898,5.4139237704031729e-08,0.015961439099217312,7.8167808573395141e-05,8.5571712753272506e-07,0.50012120547315786
69.926236196599646,1572,0.18223495251280314,4.9213325643837624e-08,0.016184005490921381,8.0364250285886463e-05,8.7972038664176835e-07,0.50012124354941945
70.104117963072341,1576,0.18477611622218068,4.3483777630720644e-08,0.016409682326560149,8.26208067207314e-05,9.0438617864665769e-07,0.50012128258408428
70.281998850568428,1580,0.18735273425632576,3.7180360221156228e-08,0.016638507806181882,8.4938965424157642e-05,9.2978806182913808e-07,0.5001213226762502
70.459878845404575,1584,0.18996524293684075,3.0567997338221131e-08,0.016870520678836168,8.732029557192117e-05,9.5593251671250445e-07,0.50012136391354489
70.637757934121296,1588,0.19261408640086092,2.3841100108001889e-08,0.017105760387658021,8.9766453692850508e-05,9.8283066485267143e-07,0.50012140636916702
70.815636103873913,1592,0.19529971709413493,1.7040304538945561e-08,0.017344267113657615,9.2279186814423511e-05,1.0104628505734631e-06,0.50012145010054343
70.993513342361055,1596,0.19802259654533888,1.007697532362517e-08,0.017586081844485919,9.4860335216291245e-05,1.0388387522048789e-06,0.50012149514972282
71.171389633596391,1600,0.2007831980169737,2.8418781043704211e-09,0.017831246609856816,9.7511834786084546e-05,1.0679517362877814e-06,0.50012154154561705
71.34926496073237,1604,0.20358200809597388,-4.6254267534184823e-09,0.01807980462280662,0.00010023571824611682,1.0977930691472425e-06,0.50012158930808759
71.527139306913938,1608,0.20641952694318211,-1.2266293810542228e-08,0.018331800301849516,0.00010303411422898416,1.1283923089676497e-06,0.50012163845377433
71.705012652011746,1612,0.20929626898079889,-1.9946398335107807e-08,0.01858727933202893,0.0001059092474993638,1.1598292198087192e-06,0.50012168900289367
71.88288498052772,1616,0.2122127628196028,-2.7413802446835112e-08,0.018846288658454037,0.00010886343681747183,1.1921566302142273e-06,0.50012174098545148
72.060756278583526,1620,0.21516955069033916,-3.4371512133007931e-08,0.019108876435802287,0.00011189909289775852,1.2253905833720899e-06,0.500121794444638
72.238626531813452,1624,0.21816718846224736,-4.0646559163609597e-08,0.019375092029964788,0.00011501871509314232,1.2595396869063102e-06,0.5001218494356523
72.416495724582106,1628,0.22120624607564676,-4.6386231820905177e-08,0.019644986056463587,0.00011822488759831814,1.2945900400019697e-06,0.50012190601986262
72.594363836276315,1632,0.22428730775891437,-5.1984582430386617e-08,0.019918610399721141,0.00012152027547813609,1.3305568359489039e-06,0.5001219642564293
72.772230849117605,1636,0.22741097160337245,-5.7970048560063159e-08,0.020196018175306731,0.00012490762186813319,1.3674480212415338e-06,0.50012202419476015
72.950096748077442,1640,0.23057784879097493,-6.4682842429442111e-08,0.020477263661348475,0.00012838974565457465,1.4052934684635961e-06,0.50012208587116547
73.127961516504669,1644,0.23378856262256481,-7.1921889478743228e-08,0.020762402212234358,0.00013196953880346648,1.4441773615615043e-06,0.50012214931125298
73.305825134742079,1648,0.23704374728504557,-7.8879996975173006e-08,0.021051490149126606,0.00013564996421326785,1.4841954785185737e-06,0.50012221453697259
73.483687585828278,1652,0.24034404683079713,-8.4402778672415524e-08,0.021344584669325203,0.00013943405375758624,1.5253886736187082e-06,0.50012228157561334
73.661548852311626,1656,0.24369011425140361,-8.7529474210312763e-08,0.021641743764007088,0.0001433249073265557,1.5677415803758066e-06,0.50012235046776665
73.839408918217558,1660,0.24708261108182561,-8.7867909372152386e-08,0.021943026183073332,0.00014732569245296933,1.6112310997478066e-06,0.50012242127192907
74.017267763511185,1664,0.25052220713588969,-8.5604748199796799e-08,0.022248491411658369,0.00015143964469908655,1.6558942559858967e-06,0.50012249406390274
74.195125372360351,1668,0.25400958095482995,-8.1295723493302052e-08,0.022558199709964265,0.00015567006880299518,1.701824227504528e-06,0.5001225689307931
74.372981730225618,1672,0.25754541946443832,-7.551527948096437e-08,0.022872212082812766,0.00016002034012858199,1.749102186031149e-06,0.50012264596195599
74.550836819281173,1676,0.26113041741844845,-6.8672846971484791e-08,0.023190590230213064,0.00016449390535213971,1.7977105226007001e-06,0.50012272524065771
74.728690618380384,1680,0.26476527706768649,-6.1075679055888621e-08,0.023513396517979564,0.00016909428441877982,1.8476670720875977e-06,0.50012280683948118
74.90654310912943,1684,0.26845070799286891,-5.3037065010641538e-08,0.02384069396288296,0.00017382507301724498,1.898981304979613e-06,0.50012289082029771
75.0843942736267,1688,0.27218742706130716,-4.4941209469129273e-08,0.024172546228805217,0.00017868994558675418,1.9517280204166342e-06,0.50012297723736043
75.262244096225658,1692,0.27597615898389904,-3.716360223726678e-08,0.024509017676205114,0.00018369265876439032,2.0059839992053314e-06,0.50012306614151836
75.440092558813149,1696,0.27981763693914763,-2.9889785167769301e-08,0.024850173417536415,0.00018883705574148757,2.0618142938272178e-06,0.500123157584352
75.617939636897319,1700,0.28371260274180538,-2.3106840024711417e-08,0.025196079332224883,0.00019412707108544303,2.1192909295563162e-06,0.5001232516221944
75.795785311279985,1704,0.2876618073576267,-1.6772241165363688e-08,0.025546802112382683,0.00019956673654329031,2.1784628936188189e-06,0.50012334832001004
75.973629558793377,1708,0.29166601075793663,-1.0979381265263655e-08,0.02590240924989283,0.00020516018664049998,2.2393567121356699e-06,0.50012344775384143
76.151472355625216,1712,0.29572598236698366,-5.9708780766887237e-09,0.026262969076137909,0.00021091166444286489,2.3019804076573216e-06,0.50012355001008024
76.329313682889875,1716,0.29984250152478159,-1.9719204186197103e-09,0.026628550803104369,0.00021682552753198413,2.366360741792756e-06,0.50012365518141855
76.50715352107683,1720,0.30401635807156002,1.1707602387556193e-09,0.02699922457528664,0.00022290625286799045,2.4325366491487024e-06,0.50012376336118425
76.684991850022598,1724,0.30824835307355358,4.1345671816794827e-09,0.027375061534143378,0.00022915844182766406,2.5005780013209111e-06,0.50012387463797503
76.862828648259025,1728,0.31253929921086554,7.9172918776571066e-09,0.027756133852543025,0.0002355868254206598,2.5705064381485895e-06,0.50012398909149569
77.040663887834512,1732,0.31689002082383416,1.335084388182084e-08,0.028142514738881543,0.00024219626784843817,2.6423576259781132e-06,0.50012410679112029
77.218497543612912,1736,0.32130135382645775,2.0535224201645441e-08,0.028534278429393826,0.00024899176760587313,2.7163422603514447e-06,0.50012422780005317
77.396329590275954,1740,0.32577414551244122,2.8768687279634442e-08,0.028931500170928975,0.00025597845914876363,2.7925491547643373e-06,0.50012435218609796
77.5741599981002,1744,0.3303092543028846,3.6945856228542961e-08,0.029334256198542914,0.00026316162127781883,2.8710139571109065e-06,0.50012448003410415
77.75198874310081,1748,0.33490755044993653,4.4040387114918644e-08,0.029742623797988765,0.00027054668797238726,2.951764790975407e-06,0.50012461145067888
77.92981580134682,1752,0.33956991673940973,4.9519396638775248e-08,0.03015668136811505,0.00027813925351843151,3.0347525787989002e-06,0.50012474655613748
78.107641148476844,1756,0.34429724906696729,5.3411886337395575e-08,0.030576508472035916,0.00028594507335159716,3.1199995222281013e-06,0.50012488547077372
78.285464758878547,1760,0.34909045691869045,5.5960993262937908e-08,0.031002185879809647,0.00029397006128084168,3.2076430041692721e-06,0.50012502830602446
78.463286600762416,1764,0.35395046352734238,5.7364522146330366e-08,0.031433795582316147,0.00030222028644524954,3.2977932558942154e-06,0.50012517516266686
78.641106647833411,1768,0.35887820569079298,5.7765043484647727e-08,0.031871420775131568,0.00031070198076103844,3.3905715161161352e-06,0.50012532613256133
78.818924874908447,1772,0.36387463249458424,5.7209422997528403e-08,0.032315145745081333,0.00031942155229196196,3.4860391042426946e-06,0.50012548130190815
78.996741251889276,1776,0.36894070414443181,5.5795641815126196e-08,0.032765055766556306,0.0003283855910737732,3.5841854376010342e-06,0.5001256407562048
79.174555745181252,1780,0.37407739176413191,5.3885309589385422e-08,0.033221237083565322,0.00033760086478437233,3.6851432751069845e-06,0.50012580458646738
79.352368327430924,1784,0.37928567791891477,5.2021222878007034e-08,0.033683776956213329,0.00034707431578650665,3.7890621487393753e-06,0.50012597289519534
79.530178970470402,1788,0.3845665573341992,5.0612300440955327e-08,0.034152763724532902,0.00035681306647859746,3.8960097499535399e-06,0.50012614579916881
79.707987644572739,1792,0.38992103694159153,4.9734181273297651e-08,0.034628286812569319,0.00036682442952382164,4.0059458252603726e-06,0.50012632342747665
79.885794311615129,1796,0.39535013373008082,4.9142499666809947e-08,0.035110436537548542,0.00037711591427895156,4.1189662064253955e-06,0.50012650591650065
80.063598940584626,1800,0.40085487165812916,4.8481313991155517e-08,0.035599303835644677,0.00038769523052242165,4.2350681844109161e-06,0.50012669340549454
80.241401503627401,1804,0.40643627765098211,4.742258754436568e-08,0.036094979906507327,0.00039857029170105264,4.354202334716805e-06,0.50012688603481825
80.419201966845478,1808,0.41209537999986401,4.5825477634764411e-08,0.036597556071096549,0.00040974922033032738,4.4765267914555196e-06,0.50012708394604199
80.597000294529067,1812,0.4178332122573607,4.3758278105154869e-08,0.037107124117625831,0.00042124035570606727,4.6022562341767413e-06,0.50012728728245204
80.774796455589325,1816,0.42365082265576764,4.133629735725286e-08,0.037623777137991039,0.00043305226119891142,4.7316352734376603e-06,0.5001274961900859
80.952590418438618,1820,0.42954928283323845,3.871983304121196e-08,0.038147610302726301,0.0004451937308969966,4.8647577640318706e-06,0.50012771082018137
81.130382151698953,1824,0.43552969030638228,3.6077269394141354e-08,0.038678721080591484,0.00045767379698853698,5.0016398385318973e-06,0.50012793133247035
81.30817162281825,1828,0.44159316114276681,3.3457575827899877e-08,0.039217208587828532,0.0004705017391522699,5.1423540750028855e-06,0.50012815789685927
81.48595879107576,1832,0.44774081565906082,3.0986788059073067e-08,0.039763172318035521,0.0004836870929594315,5.2869327778319684e-06,0.50012839069215653
81.663743623111131,1836,0.45397376290950731,2.8840947040309484e-08,0.040316710764611817,0.00049723966163603851,5.435491972809434e-06,0.50012862990350104
81.841526077730421,1840,0.46029309147600039,2.7139000387255141e-08,0.040877920602839034,0.00051116952516030035,5.5882037971133349e-06,0.50012887572121223
82.019306115132096,1844,0.46669987847655753,2.5879566573072665e-08,0.04144689748990954,0.00052548705211128885,5.7451724840490375e-06,0.50012912834165768
82.197083702084043,1848,0.47319521428356426,2.485927153017542e-08,0.042023738260115712,0.00054020291155862084,5.9065244068690794e-06,0.50012938796813433
82.374858805964138,1852,0.47978022784559421,2.3733104988210574e-08,0.042608543173641794,0.00055532808476821426,6.0723553440326627e-06,0.50012965481033844
82.552631394271984,1856,0.48645609656422817,2.2112362954573861e-08,0.043201416793708973,0.00057087387727981298,6.2427699180277955e-06,0.50012992908343179
82.730401433500504,1860,0.49322403757693295,1.9743081731971035e-08,0.043802467212421294,0.00058685193115984551,6.4179301043432812e-06,0.50013021100844579
82.908168878800367,1864,0.50008528907810168,1.6719648748830807e-08,0.044411804391915985,0.00060327423677406801,6.5979714276617428e-06,0.50013050081420385
83.085933690327735,1868,0.50704109278804566,1.3340347770895988e-08,0.045029538607461665,0.00062015314595819185,6.7830749471619622e-06,0.50013079873877664
83.263695829237335,1872,0.51409268537409392,1.011348810253665e-08,0.045655779685579337,0.00063750138489553564,6.9733303700370116e-06,0.50013110502859837
83.441455246871229,1876,0.52124130522402168,7.5489983014653816e-09,0.0462906376055802,0.0006553320652876697,7.1688797539552463e-06,0.50013141993571786
83.619211905077648,1880,0.52848821405105184,5.925233956260989e-09,0.046934224418272559,0.00067365869951958759,7.3698761523558176e-06,0.50013174371554581
83.796965766528388,1884,0.53583471321525711,5.218716722654726e-09,0.047586655695440364,0.0006924952104479232,7.5764387363548288e-06,0.50013207662686598
83.974716793429252,1888,0.54328214622127413,5.2641967035471637e-09,0.048248050751661407,0.00071185594416329112,7.7887377455039919e-06,0.50013241893417237
84.152464946956954,1892,0.55083189184427517,5.7325505453675873e-09,0.048918532033835414,0.00073175568089009979,8.006917566968001e-06,0.50013277091087915
84.330210176462685,1896,0.55848535429810842,6.2842974851706757e-09,0.049598224248031765,0.00075220964766089778,8.2311037611133451e-06,0.50013313284187155
84.507952438675844,1900,0.56624395818493745,6.8694909066691068e-09,0.050287253910974709,0.00077323353046361836,8.4615152610084081e-06,0.50013350502430032
84.685691693669796,1904,0.57410914860061735,7.5876722960277476e-09,0.050985749359401707,0.00079484348881058288,8.6983346575668497e-06,0.50013388776637646
84.863427894148799,1908,0.58208239724233701,8.6050150061023345e-09,0.051693841292473668,0.00081705616379827684,8.9417853398136657e-06,0.50013428138474392
85.04116098653266,1912,0.59016520943274653,9.9992404217763564e-09,0.052411663395576957,0.00083988869201425233,9.1920812016414203e-06,0.50013468620172552
85.218890928233648,1916,0.59835912640232358,1.1680033829009062e-08,0.053139352543016813,0.00086335871509972645,9.4494422790905964e-06,0.50013510254325333
85.396617675805842,1920,0.60666572342381819,1.36760026497873e-08,0.053877048632340239,0.00088748439085440116,9.714072604804517e-06,0.50013553073789152
85.574341184429713,1924,0.61508660773877577,1.5787203516692827e-08,0.054624894400193746,0.00091228439949692531,9.9861314269687214e-06,0.50013597111654806
85.752061395617147,1928,0.62362341683049483,1.7843196933875483e-08,0.05538303526894732,0.00093777795330306094,1.0265790477587374e-05,0.50013642401302849
85.92977825947321,1932,0.63227782008358924,1.9928384137335442e-08,0.056151619494077702,0.00096398480946897186,1.0553245137100081e-05,0.50013688976532644
86.107491730175397,1936,0.64105152053962944,2.1880599748724805e-08,0.056930798320084054,0.00099092528091695,1.0848695454974748e-05,0.50013736871808234
86.285201755450672,1940,0.64994625535259987,2.3831761675197072e-08,0.05772072602093653,0.0010186202453087809,1.1152372363271432e-05,0.50013786122546355
86.462908273126317,1944,0.65896379510001357,2.5809278006438952e-08,0.058521559838897383,0.0010470911518008831,1.1464534603156969e-05,0.50013836765326436
86.640611233540952,1948,0.66810594335293561,2.7476812602955647e-08,0.059333459946335369,0.0010763600345469635,1.1785451740441056e-05,0.50013888837823139
86.818310586981582,1952,0.67737453261331271,2.9180968058595269e-08,0.060156589084926368,0.001106449519555534,1.2115388229079205e-05,0.50013942378438525
86.996006283030766,1956,0.68677142321420903,3.0599819178522836e-08,0.060991112467984859,0.0011373828371096756,1.2454565234472752e-05,0.5001399742586401
87.173698266182654,1960,0.69629850393470483,3.1453375654022508e-08,0.061837197835072258,0.0011691838317060103,1.2803204329128764e-05,0.50014054018909604
87.351386467526666,1964,0.70595768805000403,3.2997530208245252e-08,0.062695015101212989,0.0012018769751825432,1.316159711386941e-05,0.50014112196776606
87.52907083220245,1968,0.71575091973149807,3.4638296952937964e-08,0.063564736925274298,0.0012354873827268018,1.3530067488053499e-05,0.50014171999619994
87.706751299668014,1972,0.7256801702682254,3.6096401465068872e-08,0.064446538374399884,0.0012700408233915679,1.3908935793120026e-05,0.50014233469052216
87.884427798628508,1976,0.73574743577191348,3.7521018167452347e-08,0.065340596720198291,0.0013055637315501527,1.4298442599328821e-05,0.50014296648367285
88.062100272327442,1980,0.74595473822275626,3.8932268811575632e-08,0.066247091531616661,0.0013420832274762603,1.4698811310105544e-05,0.50014361582546751
88.239768663985615,1984,0.75630412276605663,4.0243086987801213e-08,0.067166204434859822,0.0013796271319811717,1.5110282088590513e-05,0.50014428318175619
88.417432915873832,1988,0.7667976558441868,4.1404113637621975e-08,0.06809811894749257,0.001418223984497938,1.5533174632462467e-05,0.50014496903367245
88.59509296937523,1992,0.77743742454578135,4.2460527094334566e-08,0.069043020420642379,0.0014579030629686407,1.5967859571594592e-05,0.50014567387635656
88.772748754871273,1996,0.78822553497513326,4.3337412269917053e-08,0.070001095894188139,0.0014986944018816266,1.6414699248196084e-05,0.50014639821696072
88.950400197924282,2000,0.79916411318623259,4.4077766589434297e-08,0.07097253417971057,0.0015406288167366089,1.6874097102566478e-05,0.50014714257323534
89.128047233897092,2004,0.81025530521227163,4.4784828692745471e-08,0.071957525863112576,0.0015837379310744523,1.734646027697142e-05,0.50014790747434301
89.305689780997611,2008,0.82150127548176965,4.5298408773986054e-08,0.072956263163957771,0.0016280541951274757,1.7832172600913564e-05,0.50014869346423552
89.483327773338715,2012,0.83290420807759968,4.5579387389360626e-08,0.073968940047282591,0.001673610918969495,1.8331572099584382e-05,0.50014950110659495
89.660961146799153,2016,0.84446630574067916,4.5762339639932037e-08,0.074995752135115709,0.0017204422960003364,1.8844946490777953e-05,0.50015033098873085
89.838589836922324,2020,0.85618978897860565,4.5816913096796696e-08,0.076036896627317288,0.001768583430367615,1.9372643504328119e-05,0.50015118372295508
90.016213778998249,2024,0.86807689654299125,4.5671983806006011e-08,0.077092572343970309,0.0018180703670002698,1.9915076504086034e-05,0.50015205994516776
90.193832896339657,2028,0.88012988466620179,4.5473765517001219e-08,0.078162979657596582,0.0018689401219633508,2.0472671809524633e-05,0.50015296031191359
90.371447103806219,2032,0.89235102752560214,4.5193057421344385e-08,0.079248320534385658,0.0019212307181347779,2.1045838429529362e-05,0.50015388549815742
90.549056332187902,2036,0.90474261923579979,4.4815465213843275e-08,0.080348798711122896,0.0019749812284889992,2.1635034357469484e-05,0.50015483619762391
90.726660505921231,2040,0.91730697414169771,4.4444645005969896e-08,0.081464619721215048,0.0020302318057147835,2.2240753159240514e-05,0.50015581312570578
90.904259532020632,2044,0.93004642548644834,4.395940786383612e-08,0.082595990776393249,0.0020870237151590803,2.2863481107435372e-05,0.50015681702354065
91.081853337458938,2048,0.94296332955100415,4.3411710351493049e-08,0.083743121134340265,0.0021453993850241346,2.3503719356027808e-05,0.50015784866074431
91.259441850461187,2052,0.956060065625846,4.2841467609577855e-08,0.084906222096179568,0.0022054024405571524,2.4161964360093227e-05,0.5001589088347822
91.437024998260938,2056,0.96933903564996815,4.2104996947345263e-08,0.086085506974414236,0.002267077745283781,2.4838692358735975e-05,0.50015999836834024
91.614602696384352,2060,0.98280266520999793,4.1350827595376671e-08,0.087281191181657294,0.0023304714389312258,2.55343819406909e-05,0.50016111810699759
91.79217484864472,2064,0.9964534046354987,4.0617402469189656e-08,0.088493492327903711,0.002395630979272046,2.6249550450316684e-05,0.50016226891924676
91.969741378313188,2068,1.0102937342222384,3.9834299692120823e-08,0.089722630684401006,0.0024626051956602793,2.6984736363436611e-05,0.50016345169910814
92.147302207627249,2072,1.0243261657571292,3.9114672556461727e-08,0.090968829319076669,0.00253144432485892,2.7740501581262739e-05,0.5001646673694643
92.324857236221234,2076,1.0385532438234861,3.8456863638014482e-08,0.092232314212456284,0.0026022000467368096,2.8517426325511292e-05,0.50016591688461398
92.502406373653628,2080,1.0529775467337901,3.7863527202475211e-08,0.093513314340500669,0.0026749255416156146,2.9316104272882174e-05,0.50016720123101344
92.679949539326159,2084,1.0676016814870479,3.747245069796179e-08,0.09481206122677685,0.0027496755368243172,3.0137137495365279e-05,0.50016852142538804
92.857486651673611,2088,1.0824282803642487,3.7226929816558396e-08,0.096128788640105739,0.0028265063479484525,3.0981154820133676e-05,0.50016987851185479
93.035017627662256,2092,1.0974600057952584,3.6897298355542674e-08,0.097463733026783614,0.0029054759245476687,3.1848813000007584e-05,0.50017127356056368
93.212542359573305,2096,1.1126995673901896,3.6187655566566335e-08,0.098817135023111763,0.0029866438847878586,3.2740785458812149e-05,0.5001727076687118
93.390060750356213,2100,1.1281497527001019,3.4990339597973374e-08,0.10018924218720693,0.0030700715757373846,3.3657763765757575e-05,0.5001741819631893
93.567572713623065,2104,1.1438134277129208,3.3992031800433864e-08,0.10158030904304322,0.0031558221190135477,3.4600430609922273e-05,0.50017569760208835
93.745078141294087,2108,1.1596935165451456,3.473972343126519e-08,0.10299059527690377,0.0032439604410124841,3.5569508245602272e-05,0.50017725577444605
93.922576925833269,2112,1.1757929885584932,3.9378175248350189e-08,0.10442036459322984,0.0033345533299627915,3.656575589416051e-05,0.50017885769977999
94.100068976296939,2116,1.1921147781183732,5.0099989795659994e-08,0.10586987758849457,0.0034276694904764918,3.7589922868455817e-05,0.50018050462788477
94.277554200683625,2120,1.2086617173775815,6.7525514596544767e-08,0.10733938578182624,0.0035233795826665223,3.8642738585830693e-05,0.50018219783898576
94.455032505848081,2124,1.2254365755331675,8.8628132638435275e-08,0.1088291351013503,0.0036217562701502289,3.9724934210170805e-05,0.50018393864454425
94.632503796759806,2128,1.2424421606436078,1.0538377870350502e-07,0.1103393749264155,0.0037228742652003557,4.0837300109447231e-05,0.50018572838819353
94.809967950387644,2132,1.2596815056315813,1.0658010640707261e-07,0.11187037460621425,0.0038268103451712552,4.198071162404119e-05,0.50018756844628798
94.987424855423853,2136,1.2771587921660728,1.0185914955940234e-07,0.11342250550832934,0.0039336433816642251,4.3156106383484641e-05,0.50018946022897937
95.164874399054568,2140,1.2948787329118363,1.1972395225212651e-07,0.11499618615726032,0.0040434543513737957,4.4364397300401065e-05,0.5001914051807852
95.342316452888682,2144,1.3128450771519198,1.7632482154916751e-07,0.11659174952106099,0.004156326453851833,4.560645332787655e-05,0.50019340478124752
95.519750913936846,2148,1.3310602263564706,2.5736193201564284e-07,0.1182094088705971,0.0042723453796439624,4.6883143340570457e-05,0.50019546054628494
95.697177678149302,2152,1.3495256245690572,3.1555420898499165e-07,0.11984929244915342,0.0043915995078923431,4.8195417413135688e-05,0.50019757402883858
95.874596640046505,2156,1.3682422431454777,2.8389554110330728e-07,0.12151148652134085,0.0045141799258366175,4.9544343953975502e-05,0.50019974681990842
96.05200769285608,2160,1.3872121022649675,1.3608645596518976e-07,0.12319617049616657,0.0046401802152759514,5.0931030636151599e-05,0.50020198054983767
96.229410712119545,2164,1.4064395469945403,-9.7216311695236257e-08,0.12490373025234379,0.0047696961605756538,5.2356554057081273e-05,0.50020427688949376
96.406805557168113,2168,1.425931089086625,-2.9300971382539842e-07,0.12663474408857855,0.0049028256533559574,5.382197129028917e-05,0.50020663755151917
96.584192115234458,2172,1.4456930505373582,-3.5692847621948687e-07,0.12838977345160804,0.0050396689354059408,5.5328346885452061e-05,0.50020906429185785
96.761570252906878,2176,1.4657302598980413,-2.6135503061741616e-07,0.13016924715763548,0.0051803289390878662,5.6876787815016832e-05,0.50021155890988234
96.93893982437902,2180,1.4860459753882975,-5.2469874889382595e-08,0.13197345456413082,0.005324911582836208,5.8468465618815961e-05,0.50021412324952186
97.116300711671485,2184,1.5066426328121592,1.7452928058325767e-07,0.13380261199110205,0.0054735258886160808,6.0104585699463842e-05,0.50021675920172981
97.293652795020648,2188,1.5275229975695725,3.2310135628099701e-07,0.13565696502945815,0.0056262839209818283,6.1786392408078695e-05,0.50021946870689671
97.470995952900168,2192,1.5486908561639123,3.4874660839734339e-07,0.13753684995272963,0.0057833007657668986,6.3515167896867095e-05,0.50022225375810503
97.64833005379694,2196,1.5701506560539127,2.6779156608869314e-07,0.13944266173287734,0.0059446945649579384,6.5292252489986504e-05,0.50022511640382106
97.825654933067455,2200,1.5919069374395016,1.2984824110384707e-07,0.14137480357806684,0.0061105865762972368,6.7119037309434519e-05,0.50022805874944964
98.002970458823242,2204,1.6139640703303622,-1.1070159705584004e-08,0.1433336635821294,0.0062811013255733329,6.8996902193607001e-05,0.50023108295981222
98.180276502123462,2208,1.6363262698717485,-1.244631348817915e-07,0.14531961608562352,0.0064563666694719664,7.0927251374706295e-05,0.50023419126022306
98.357572912145599,2212,1.6589976641444677,-2.0391434407684983e-07,0.1473330276970479,0.0066365138592984641,7.2911584717964823e-05,0.50023738593798905
98.534859521138458,2216,1.6819822953090302,-2.53326412680277e-07,0.14937425739445209,0.0068216776401012497,7.4951477429611424e-05,0.50024066934456546
98.712136194298324,2220,1.7052841597192252,-2.7320596021618293e-07,0.1514436600878615,0.0070119964076555017,7.7048336073179199e-05,0.50024404389848265
98.889402795482127,2224,1.7289072854176866,-2.6710288744680177e-07,0.15354159350153926,0.0072076122831317051,7.9203729647226516e-05,0.50024751208668661
99.066659184670954,2228,1.7528558387054967,-2.4517613350649725e-07,0.15566842763826855,0.007408671220218899,8.1419300560935218e-05,0.50025107646665301
99.243905179599224,2232,1.777134204820394,-2.2764549303944115e-07,0.15782455194425996,0.007615323072285957,8.3696770124695819e-05,0.50025473966800771
99.421140620009865,2236,1.8017469365309662,-2.2897264728705125e-07,0.16001037074388061,0.0078277217801065377,8.6037878167805417e-05,0.50025850439607611
99.598365360622253,2240,1.8266986034398924,-2.3973365936846847e-07,0.16222628985650714,0.008046025485807377,8.8444470115562753e-05,0.50026237343346658
99.775579245944286,2244,1.8519938000006586,-2.3812243721277326e-07,0.1644727173084779,0.0082703966249361334,9.0918384307781412e-05,0.50026634964066752
99.952782080356585,2248,1.8776372068788632,-2.0943646442117547e-07,0.1667500687824964,0.0085010020108607538,9.3461510358904082e-05,0.500270435956648
100.12997370560227,2252,1.9036336203318105,-1.5931712957217847e-07,0.1690587702267877,0.0087380130625250955,9.6075758925546814e-05,0.50027463540304551
100.30715396825427,2256,1.9299879060241776,-1.0719404519576869e-07,0.1713992537535389,0.0089816059020156012,9.8762990571973189e-05,0.50027895108729048
100.48432271248804,2260,1.956705008701308,-6.4633591700946624e-08,0.17377195849796911,0.0092319614846995586,0.00010152521637629571,0.50028338620681612
100.66147978020868,2264,1.9837899528523821,-2.7483077896794939e-08,0.17617733067722466,0.0094892657416566079,0.00010436451102465208,0.50028794405280164
100.83862497167755,2268,2.011247803412803,1.1235378849505651e-08,0.17861582010041865,0.0097537096635672317,0.00010728307038179778,0.50029262801176555
101.01575809538006,2272,2.0390836481327046,5.3596768578856313e-08,0.1810878786028054,0.01002548951719907,0.00011028310442849515,0.5002974415690491
101.19287898694927,2276,2.0673026186224259,9.3570759696071093e-08,0.18359396191479638,0.010304807028091559,0.00011336686350359244,0.50030238831243723
101.36998743641573,2280,2.095909918893017,1.2533183146867799e-07,0.18613453219659876,0.010591869421631431,0.0001165367043251482,0.50030747193423375
101.54708324701903,2284,2.1249108163265085,1.5288357019249688e-07,0.18871005723629883,0.010886889670738862,0.00011979504073926892,0.50031269623677177
101.72416624639067,2288,2.1543106048183045,1.7972379751096668e-07,0.19132100717659495,0.011190086679980839,0.00012314435490786446,0.50031806513498533
101.9012362600737,2292,2.1841146039582844,2.0267409878149678e-07,0.19396785444207207,0.011501685409905354,0.00012658720369222419,0.50032358265564325
102.07829311153981,2296,2.2143281929088259,2.182541018469486e-07,0.19665107674785698,0.011821917045903909,0.00013012618959726703,0.50032925293642727
102.25533662218299,2300,2.244956846749961,2.2775544655795343e-07,0.19937116032737573,0.012151019171417457,0.00013376395061099784,0.50033508022620976
102.43236657762134,2304,2.2760060957191306,2.3475494220770443e-07,0.20212859631249891,0.012489235878094021,0.00013750318218953527,0.50034106888667051
102.60938275080765,2308,2.307481495916929,2.3980869257034243e-07,0.20492387813196392,0.012836817980251134,0.00014134667866780266,0.50034722339800464
102.78638494214975,2312,2.3393886876236394,2.4071609455722509e-07,0.20775750669037663,0.013194023272628121,0.00014529738623753817,0.50035354836604606
102.96337290108872,2316,2.3717334152753837,2.3597564685617911e-07,0.21062999214226255,0.013561116556080388,0.0001493583094779689,0.50036004852434557
103.14034642721491,2320,2.4045215195881982,2.2664344190292951e-07,0.21354185319261829,0.013938370028310516,0.00015353252049864351,0.50036672874110733
103.31730532502618,2324,2.4377588975857907,2.1481348710938875e-07,0.21649361354703786,0.014326063388502557,0.00015782311266832494,0.50037359402003712
103.49424939652148,2328,2.4714515087383919,2.016775110802449e-07,0.21948580245689492,0.014724484017532784,0.00016223325472135197,0.50038064950241679
103.67117844122345,2332,2.5056054173726707,1.8741630203322757e-07,0.22251895848570188,0.015133927177099934,0.00016676625830206005,0.50038790046991311
103.84809225089901,2336,2.540226807824483,1.7139055952242188e-07,0.22559363085480219,0.015554696200018611,0.0001714255540628874,0.50039535234743304
104.02499055540061,2340,2.5753219341735933,1.5316529300424264e-07,0.22871037497938848,0.015987102559730668,0.00017621463630309247,0.50040301070388737
104.20187312878036,2344,2.6108971182147469,1.3364160889040022e-07,0.23186975228831652,0.016431466330942866,0.00018113704885688777,0.50041088126001965
104.3787397561608,2348,2.6469587630355966,1.1477137823456829e-07,0.23507233142994002,0.016888116333075975,0.00018619639890899616,0.50041896989107282
104.55559015964106,2352,2.6835133703525136,9.7201789006629014e-08,0.23831868981167725,0.017357390154880942,0.00019139648495213128,0.50042728262767777
104.73242409418123,2356,2.7205675571089785,8.0287996029326791e-08,0.24160941507408867,0.0178396346190644,0.0001967412518864907,0.50043582566402267
104.90924133813022,2360,2.7581280288639354,6.3635305858067426e-08,0.2449451027275375,0.018335205994343538,0.00020223477272041248,0.50044460536049329
105.08604166711156,2364,2.7962015636930193,4.7011977089006507e-08,0.24832635472248266,0.018844470162935775,0.00020788122530604927,0.50045362824465855
105.2628248536341,2368,2.8347950292196868,3.2539015815125083e-08,0.25175378096198719,0.019367802860495657,0.00021368482937806098,0.50046290101406199
105.439590644622,2372,2.8739153931238279,2.2673794508598633e-08,0.25522800023497189,0.019905589855768145,0.00021964985787867227,0.50047243053978152
105.61633873594184,2376,2.9135697085882937,1.5175684264789879e-08,0.25874963892374392,0.020458227113655629,0.00022578072814200101,0.50048222387169194
105.79306888510486,2380,2.9537651158917431,6.7243881574086117e-09,0.26231933114545491,0.021026121400685802,0.00023208208039794464,0.50049228825194225
105.96978085128073,2384,2.9945088305859144,-1.1725971860165885e-09,0.26593771770214275,0.021609690374869411,0.00023855867118116974,0.50050263111771442
106.14647435561298,2388,3.035808154063294,-5.8760148413661284e-09,0.26960544701923012,0.022209362723716958,0.00024521804377308781,0.50051326010231634
106.32314908261593,2392,3.0776704839158793,-6.3574779884945087e-09,0.27332317606546991,0.022825578432129384,0.00025206473062427942,0.50052418303714796
106.49980477916216,2396,3.1201033312209727,-3.5212742166557121e-09,0.27709157188807032,0.023458789414686279,0.00025910200275131956,0.50053540796082885
106.67644119020093,2400,3.1631142937706418,-6.5700900275800223e-10,0.28091130923524432,0.024109459602946852,0.00026633502466088616,0.50054694312071113
106.85305805732519,2404,3.2067110566352914,2.7166362492891949e-09,0.28478307060625951,0.024778065243136003,0.00027376921340095672,0.5005587969798474
107.02965507839222,2408,3.2509013941094391,9.1981615657488192e-09,0.28870754642423962,0.025465095047269265,0.00028141002625848319,0.50057097822148233
107.20623191849597,2412,3.2956931745131461,1.9186129462944734e-08,0.29268543546257209,0.026171050534307835,0.00028926320722143494,0.50058349575590289
107.38278830720134,2416,3.3410943754381726,3.1209727968661838e-08,0.29671744619889556,0.026896446747381009,0.00029733473216103819,0.50059635873266184
107.55932397099065,2420,3.3871130631172575,4.3647923331224803e-08,0.30080429498291772,0.027641812340882598,0.00030563065380289115,0.50060957654133387
107.7358385912035,2424,3.433757385484185,5.6538186188337392e-08,0.30494670542009,0.028407689743726712,0.00031415708185317405,0.50062315881384767
107.91233181559241,2428,3.4810355852884776,7.1784506450178753e-08,0.30914540953630382,0.029194635541965039,0.00032292024409213044,0.50063711543089728
108.08880335898016,2432,3.5289560311077022,8.9668144354071444e-08,0.31340115053204515,0.030003221290119703,0.00033192664789876493,0.50065145653570498
108.26525293265249,2436,3.5775271949483871,1.0790974414032206e-07,0.31771468079316689,0.030834033589137819,0.00034118316155938241,0.50066619253442846
108.4416802439919,2440,3.6267576478135632,1.248385084196002e-07,0.32208676149724896,0.031687674467461457,0.00035069668301000381,0.50068133410223359
108.6180849827593,2444,3.676656060241084,1.4061037056922743e-07,0.32651816266140543,0.032564761706547943,0.00036047430854597393,0.50069689218937841
108.79446675316682,2448,3.7272311899354609,1.5586244217491441e-07,0.3310096620438871,0.033465928886577602,0.00037052324877406942,0.50071287802352049
108.9708252318413,2452,3.7784919312599636,1.7116485878654331e-07,0.33556204953939872,0.034391826587078185,0.00038085093930004043,0.50072930313354624
109.14716010958669,2456,3.8304473015644325,1.8611592078610073e-07,0.34017612596489277,0.035343122550269661,0.000391465021970412,0.50074617935499366
109.32347103232631,2460,3.8831064207161807,1.9998222833272905e-07,0.34485270124174083,0.036320501803885907,0.00040237341672358471,0.50076351883439607
109.49975759772266,2464,3.936478507081421,2.1394377830441513e-07,0.34959259403884996,0.037324667064638835,0.00041358419208206411,0.50078133403832092
109.67601948054516,2468,3.9905729138931374,2.2911997621388736e-07,0.35439663500243751,0.038356339911638435,0.0004251055077606598,0.50079963777603409
109.85225635384138,2472,4.0453991041745603,2.4451663727109718e-07,0.35926566452902342,0.039416260843740135,0.00043694583837205532,0.50081844320205271
110.0284678868579,2476,4.1009666467541912,2.5764960298602091e-07,0.36420053241153105,0.040505189749444649,0.00044911399611173385,0.50083776382488321
110.20465374498303,2480,4.1572852159371383,2.6640198969030138e-07,0.36920209781009855,0.041623906393402091,0.00046161899222818575,0.50085761351452407
110.3808135547912,2484,4.2143645863813619,2.7085782872138253e-07,0.37427122879704638,0.042773210680524226,0.00047446995162767346,0.50087800650480196
110.55694687070334,2488,4.2722146285368794,2.7278835301736137e-07,0.37940880195184018,0.043953922902336184,0.00048767634843564881,0.5008989573953031
110.73305333729522,2492,4.3308453638611422,2.735483414229023e-07,0.38461570726468308,0.045166885320853493,0.00050124789016855315,0.50092048117807064
110.90913258211701,2496,4.3902669267752596,2.734449572328046e-07,0.38989284475790681,0.046412962012403199,0.00051519461961820924,0.5009425932349304
111.08518413991123,2500,4.4504895307604375,2.7206694674930532e-07,0.39524112147504864,0.047693038833334228,0.00052952682395932113,0.50096530933811367
111.26120763043683,2504,4.5115235224571091,2.6887894755134312e-07,0.40066145628531147,0.049008025225552927,0.00054425492843745722,0.50098864568383106
111.43720268572075,2508,4.5733793568787249,2.6355892435159234e-07,0.40615477768233921,0.0503588542977138,0.00055938960030704841,0.50101261889554538
111.61316893334519,2512,4.6360675961789006,2.5649608981215266e-07,0.41172202367472871,0.051746483280264446,0.00057494186624399855,0.5010372460339918
111.78910599641836,2516,4.6995989161467246,2.4804831255664794e-07,0.41736414236286817,0.053171894109091233,0.00059092313180864379,0.50106254460979616
111.96501349351955,2520,4.7639841089614094,2.3820951999820039e-07,0.42308209218357362,0.054636094023125248,0.00060734510006818173,0.5010885325968949
112.14089099650022,2524,4.8292340649058332,2.2729007220778641e-07,0.42887684028609635,0.056140115811401957,0.00062421976548208231,0.5011152284397532
112.31673800193778,2528,4.8953597558904862,2.1574518827005562e-07,0.43474936106891021,0.057685018134752936,0.00064155931804718927,0.50114265106151246
112.49255410680884,2532,4.9623722978362288,2.0379320919694521e-07,0.44070064171982853,0.059271887678469089,0.00065937639346084391,0.50117081990366197
112.66833883842168,2536,5.030282889622999,1.9165218234640236e-07,0.44673167679413206,0.060901838314525884,0.00067768399690109021,0.50119975491092628
112.84409170086316,2540,5.0991028332007531,1.795593198572476e-07,0.45284347000059155,0.062576012099621117,0.00069649549918600437,0.50122947654692518
113.01981228120893,2544,5.1688435790866185,1.6769368549329755e-07,0.45903703824199932,0.06429558093225024,0.00071582446381255075,0.50126000582025299
113.19550016185364,2548,5.2395166942904545,1.5618345616807972e-07,0.46531340876668781,0.066061746413689559,0.00073568462954172204,0.50129136427830645
113.37115492049035,2552,5.3111338611529746,1.450562061577898e-07,0.47167361906534483,0.067875740514882391,0.00075609017146593385,0.50132357401655292
113.54677612994881,2556,5.383706877925297,1.343043741774963e-07,0.47811871692248303,0.069738826275551405,0.00077705573199819558,0.50135665769111282
113.7223633580646,2560,5.4572476600946445,1.2406113003571306e-07,0.4846497605341728,0.071652298536334952,0.00079859643496383399,0.50139063853551658
113.89791611992524,2564,5.531768220959262,1.146314644318025e-07,0.49126781678293069,0.073617484155459961,0.00082072778863983252,0.50142554037176523
114.07343385505109,2568,5.6072806620526947,1.0633312408359075e-07,0.49797396038731462,0.075635742432973649,0.00084346571301956272,0.50146138762704173
114.24891610901392,2572,5.6837972526890361,9.9398460684518852e-08,0.50476928096621443,0.077708467919169744,0.00086682650006700333,0.50149820539180323
114.42436235161111,2576,5.7613303536866205,9.3912132403950466e-08,0.51165487626487083,0.07983708907763,0.00089082685986971487,0.50153601940018266
114.59977201209554,2580,5.8398924338682097,8.9727984597942623e-08,0.51863185362023123,0.082023069324542175,0.00091548390352199618,0.50157485604634411
114.77514462415614,2584,5.9194961396515966,8.6650058572779187e-08,0.52570133614118419,0.084267909560976767,0.00094081531600349606,0.50161474242005566
114.95047971636124,2588,6.000154249380544,8.4817361578615191e-08,0.53286445865276089,0.086573147643994458,0.00096683922683363439,0.50165570628362977
115.12577681211731,2592,6.0818796728594888,8.4492998375651496e-08,0.54012236765481225,0.088940359180466597,0.00099357403767971492,0.50169777607392252
115.30103542950999,2596,6.1646854519873253,8.5734903620959813e-08,0.54747622137829455,0.091371158365311109,0.0010210384801569575,0.501740980912041
115.47625508130746,2600,6.2485847621903829,8.8348530602466724e-08,0.55492718991252976,0.093867198849725719,0.0010492518556779716,0.50178535062174245
115.65143525257933,2604,6.3335909042098013,9.2132137696765426e-08,0.56247645447585559,0.096430174278597874,0.0010782340405231514,0.50183091574752758
115.82657530369981,2608,6.4197172563880498,9.6954048234287882e-08,0.57012520317826387,0.09906181762166226,0.0011080055684675636,0.50187770755244321
116.00167470501623,2612,6.5069773894455007,1.0303790354271314e-07,0.57787464121453225,0.10176390543180654,0.0011385874776699222,0.50192575810131923
116.17673293964539,2616,6.5953850222165959,1.1071702188392152e-07,0.5857259869332202,0.10453825734462874,0.0011700012203976387,0.50197510025566405
116.35174934864068,2620,6.6849539417954835,1.201215352741869e-07,0.59368046474492719,0.10738673440661972,0.001202268655266024,0.50202576764368523
116.52672334946627,2624,6.7756981149969366,1.3103371698797162e-07,0.60173931502096423,0.11031124334191808,0.0012354121698942132,0.50207779473256031
116.70165441270879,2628,6.8676316792496683,1.4308707441124113e-07,0.60990379328460353,0.11331373721512589,0.0012694548413360325,0.50213121683570805
116.87654200355729,2632,6.9607689114959292,1.5592079016801819e-07,0.61817516744910006,0.11639621543591355,0.0013044204057826145,0.50218607011082761
117.05138558185656,2636,7.0551242262655975,1.6924313506194721e-07,0.62655471764665394,0.11956072469426296,0.0013403331897789196,0.50224239157586248
117.22618460208216,2640,7.1507121746733961,1.8289922532055414e-07,0.63504373613935494,0.12280935990118938,0.001377217970383316,0.50230021912439782
117.40093851313381,2644,7.2475474436036755,1.9687950603142212e-07,0.64364352724678442,0.1261442651316676,0.0014151000768807185,0.50235959154307419
117.57564671752402,2648,7.3456448317302607,2.112162229561676e-07,0.65235540521637481,0.12956763377291083,0.0014540055413960007,0.50242054851702012
117.75030849861416,2652,7.4450192055945799,2.2590087256357805e-07,0.66118069032277593,0.13308170790731313,0.0014939609825184142,0.50248313062218575
117.9249232740917,2656,7.5456856398380312,2.4090804584542269e-07,0.67012072132167544,0.13668878428476572,0.0015349936129746993,0.502547379435067
118.09949046828807,2660,7.6476593441432668,2.5599707598189525e-07,0.67917684896156683,0.14039121293404067,0.0015771313290227774,0.50261333751000681
118.27400936201775,2664,7.7509555705423283,2.7070665153949847e-07,0.68835042775192734,0.14419139487125437,0.0016204027576283105,0.50268104833984673
118.44847927529592,2668,7.8555897145236884,2.846864022298945e-07,0.69764282494237939,0.14809178682556842,0.0016648371420671531,0.50275055644106759
118.62289961355506,2672,7.9615773421700808,2.9785616773025936e-07,0.70705542293275869,0.15209490342561974,0.0017104644468810268,0.50282190739355226
118.79726977649372,2676,8.0689341342369847,3.1052856286351016e-07,0.71658961430681112,0.15620331629408252,0.0017573166548546376,0.50289514782718536
118.97158915805795,2680,8.1776758829382459,3.2265258531616325e-07,0.72624680154672816,0.16041965505548075,0.0018054402765162432,0.50297032544404985
119.14585714649701,2684,8.2878184886555886,3.3381434216828154e-07,0.73602839674092446,0.16474660835370705,0.001854852099456306,0.50304748903479923
119.32007312450629,2688,8.3993779562844058,3.4358528555600287e-07,0.74593582125951208,0.16918692487759698,0.0019055850170486843,0.50312668849848885
119.49423646930371,2692,8.5123703910991289,3.517911328909662e-07,0.75597050538711108,0.17374341439307558,0.0019576727270708143,0.50320797486628166
119.66834645438502,2696,8.6268119292335399,3.5852035584760245e-07,0.76613388214891309,0.17841894610674569,0.0020111496619174933,0.50329140027934383
119.84240232129102,2700,8.7427187765491343,3.6410989867619037e-07,0.77642739076252065,0.18321645135093045,0.0020661690722949717,0.50337701804208934
120,2704,8.8489755635833838,3.684437637208049e-07,0.7858638923836303,0.18766939305459224,0.002117290932233271,0.50345650091089389
